1,2,3,4,5,6,7,8,9,10,11,12,13,14,15,16,17,18,19,20,21
35.06,48.2,53.06,46.4,48.92,30.02,55.4,19.94,50,24.1,37,41,30,19,17.1,21.9,10,37,-0.4,21,33.98
35.06,50,51.98,44.6,48.92,28.94,55.4,24.08,51.1,24.1,36,41,30,19,18,21.2,6.1,36,-2,21,32.9
33.98,50,51.08,44.6,48.92,28.04,53.6,21.02,52,24.1,34,41,30,19,17.1,20.1,5,36,-3.1,21.9,32.36
35.96,48.2,57.92,42.8,48.92,30.02,53.6,19.94,52,24.1,36,42.1,30,19,18,19.6,6.1,35.1,-4,21.9,32
35.96,48.02,55.94,42.8,48.02,30.02,53.6,24.98,48.9,23,30,43,30,19.9,18,19.6,6.1,36,-5.1,21.9,31.64
35.06,47.84,57.02,41,48.02,28.94,53.6,21.02,48.9,21,33.1,46,30,19,19,19.4,6.1,33.1,-4,21.9,31.1
35.96,48.2,64.04,41,48.02,28.94,53.6,21.92,48,21,32,44.1,30,19.9,19.9,15.8,6.1,30,-3.1,23,30.92
37.94,46.4,59,42.8,48.02,28.04,53.6,26.06,48.9,21,30,44.1,30.9,19,21,8.6,7,28.9,-2,23,30.92
37.94,48.2,62.06,50,48.92,33.98,57.2,35.06,48.9,25,28.9,46,32,19,21.9,8.6,9,30,-0.4,23,30.92
42.08,51.8,66.02,53.6,48.02,41,59,41,48,28,32,46,33.1,19.9,26.1,8.6,12.9,39,1.4,25,35.06
44.06,53.6,69.98,59,48.92,44.06,62.6,44.96,48,32,35.1,48,33.1,21,39,10.4,16,43,3,26.1,39.02
51.08,55.4,71.96,64.4,48.92,48.02,64.4,48.92,48,34,36,48.9,34,23,25,12.2,19.9,45,6.1,27,39.92
51.08,59,71.96,64.4,48.92,51.08,66.2,48.92,48,37,39,43,35.1,25,30.9,15.8,21.9,46,9,26.1,39.92
46.94,57.2,73.04,66.2,48.92,51.98,69.8,50,46.9,39,41,44.1,34,25,36,14,21.9,46.9,12,28,42.08
46.94,62.6,71.06,68,48.92,53.06,71.6,53.06,46.9,39.9,39.9,44.1,34,24.1,37.9,14,21.9,45,12.4,28,41
46.04,64.4,68,69.8,48.92,53.06,71.6,50,46,39.9,39,43,34,27,39.9,12.2,21,41,12.6,30,39.92
44.06,62.6,64.94,64.4,48.02,50,71.6,44.96,45,37,36,43,34,30.9,37.9,5,19,39,12.9,34,39.02
39.02,59,62.06,59,46.94,44.06,69.8,42.08,46,30,35.1,43,34,39.9,32,5,18,39,12.2,36,37.04
39.92,59,60.98,57.2,46.94,42.98,66.2,37.04,45,30.9,33.1,43,34,39.9,30.9,6.8,16,37,11.7,35.1,35.06
37.94,53.6,57.92,53.6,46.94,39.92,64.4,42.98,46.9,27,30,43,33.1,39.9,26.1,3.2,16,35.1,10.9,33.1,33.98
37.94,51.8,57.02,53.6,46.94,37.04,62.6,41,48.9,28,32,42.1,33.1,35.1,26.1,1.4,12,36,11.7,33.1,33.08
39.02,51.8,57.02,50,44.96,37.04,60.8,37.94,48.9,24.1,30.9,43,33.1,30,21.9,-4,12,35.1,12.2,34,33.98
39.92,51.8,53.96,50,42.98,35.06,60.8,39.92,48.9,25,26.1,43,33.1,26.1,26.1,-0.4,10.9,33.1,12.9,32,35.06
41,50,53.06,48.2,41,33.98,58.82,35.06,48.9,23,27,43,33.1,19.9,26.1,-4,10,34,13.3,33.1,33.98
39.92,48.2,51.98,48.2,41,32,57.2,32,48.9,21.9,28.9,44.1,33.1,18,27,-0.4,12.9,32,13.6,33.1,35.06
42.08,50,51.98,46.4,39.92,30.92,55.4,32,50,21.9,28.9,43,30.9,17.1,26.1,-0.4,10,30.9,14,32,33.08
42.98,44.6,51.08,46.4,39.92,33.08,55.4,33.98,51.1,21,30.9,43,30.9,17.1,27,-2.2,9,30.9,14,33.1,35.06
46.94,46.4,50,44.6,37.94,33.08,57.2,32,48.9,21,28.9,44.1,30.9,16,28,-0.4,10.9,30.9,14,30.9,33.98
48.02,50,50,44.6,39.02,33.98,57.2,30.02,48.9,23,30,43,32,15.1,25,-2.2,16,32,14,28.9,35.06
46.94,50,50,44.6,39.02,33.08,53.6,30.92,50,21.9,30,43,32,15.1,19.9,-2.2,18,30,14,21.9,33.98
46.94,48.2,48.92,42.8,39.02,33.08,55.4,30.02,50,21.9,32,43,32,15.1,21,-0.4,17.1,28,14,21,35.06
46.94,48.2,53.96,46.4,41,33.08,53.6,30.02,50,21.9,33.1,44.1,33.1,17.1,19.9,-0.4,15.1,28,14,19.9,33.98
46.94,55.4,59,54.5,42.08,39.02,57.2,35.06,50,26.1,33.1,44.1,33.1,17.1,26.1,3.2,19,30,14.7,18,35.06
48.02,57.2,68,62.6,44.06,42.98,62.6,39.92,48.9,30,35.1,44.1,34,19.9,28,5,19.9,36,15.3,17.1,35.06
48.92,62.6,71.96,68,44.96,48.02,69.8,42.08,46.9,32,36,46.9,34,25,23,10.4,19,39,16,23,35.96
50,66.2,73.04,73.4,46.04,50,73.4,44.96,48,34,39.9,48,35.1,28,25,12.2,21,43,17.2,24.1,35.96
48.92,60.8,73.94,77,48.02,50,73.4,48.02,48.9,37,39.9,46,36,30,28,17.6,28,44.1,18.7,25,35.96
48.92,62.6,73.94,78.8,50,51.08,75.2,48.92,48.9,39.9,41,46.9,36,28,28.9,19.4,27,44.1,19.9,26.1,35.96
46.94,62.6,73.94,75.2,44.96,51.08,75.2,48.02,48.9,39.9,39.9,46,36,28,28.9,17.6,25,43,19.2,27,35.96
46.94,64.4,73.94,71.6,46.04,51.08,77,46.94,52,39,39,46,36,28,28.9,17.6,24.1,41,18.7,25,35.96
46.04,55.4,71.96,68,44.96,48.92,78.8,42.98,52,37,37.9,48,35.1,28,28.9,17.6,21,36,18,23,35.96
46.04,57.2,66.02,62.6,44.06,44.96,75.2,39.02,52,34,37,48.9,35.1,27,32,17.6,21.9,36,17.2,24.1,35.96
46.94,60.8,62.06,60.8,42.98,42.98,71.6,37.94,48,30.9,37,48,36,27,34,19.4,19.9,37.9,16.7,21.9,35.96
46.94,55.4,60.98,55.4,42.98,42.08,69.8,37.94,46,30,37,46.9,35.1,23,35.1,19.4,19.9,39,16,21.9,35.06
46.04,55.4,60.98,53.6,39.92,39.02,66.2,37.94,46,30.9,36,45,36,25,36,19.4,19.9,39,15.6,23,35.96
48.92,57.2,59,51.8,39.92,39.02,63.32,37.94,46.9,30,37,44.1,37,26.1,39,21.2,19,39,15.4,24.1,35.96
48.02,57.2,55.04,50,37.04,39.92,62.24,39.02,52,30,36,44.1,37,21.9,37.9,21.2,18,39,15.1,23,35.96
48.02,60.8,55.04,48.2,35.96,37.04,61.16,39.02,50,30.9,35.1,45,37.9,25,28.9,21.2,18,37.9,15.4,23,35.06
48.02,60.62,53.06,47.3,35.96,37.04,58.1,39.02,51.1,30,35.1,45,35.1,24.1,30.9,21.2,18,37,15.6,23,35.06
50,60.8,51.08,46.4,33.98,39.02,57.02,39.02,48.9,30.9,35.1,48,36,25,33.1,21.2,17.1,37.9,16,21.9,33.08
48.92,59,51.08,46.4,35.06,39.92,55.94,39.02,48.9,30.9,35.1,46.9,36,24.1,30,23,16,39,15.6,21.9,33.08
51.08,57.2,50,46.4,33.98,39.02,53.06,39.02,48,30.9,34,46.9,39,24.1,19.9,23,16,37,15.4,19.9,32
51.08,57.2,48.92,46.4,33.08,37.94,53.78,39.02,50,30.9,34,46,37.9,17.1,21,24.8,16,37,15.1,23,32
51.98,55.4,48.02,46.4,30.02,35.06,52.7,37.04,48.9,32,34,46,39,15.1,21,24.8,15.1,36,15.1,21,33.08
51.08,57.2,50,48.2,30.92,33.98,53.24,35.96,48.9,32,34,46,39.9,14,24.1,24.8,16,34,15.1,23,32
48.92,55.4,53.06,51.8,30.92,35.06,50.36,37.04,48.9,30.9,34,45,39,17.1,19.9,24.8,15.1,34,15.1,21.9,33.08
46.94,57.2,57.02,59,35.96,39.02,49.28,44.06,48,32,33.1,45,39,19.9,25,24.8,15.1,33.1,15.4,21.9,33.98
46.94,60.8,62.96,64.4,42.08,44.06,50,48.02,46.9,32,33.1,45,39,21.9,26.1,26.6,16,34,15.6,23,35.96
48.02,59,66.92,69.8,44.96,50,53.96,51.98,46.9,32,33.1,46,39,25,30.9,28.4,17.1,36,16,24.1,37.04
48.92,64.4,66.92,71.6,46.04,51.98,62.6,53.96,48,33.1,34,46,39,27,36,28.4,18,37,17.1,27,41
48.92,66.2,64.04,73.4,48.02,51.08,62.6,55.94,45,33.1,34,48,39,28,39,28.4,18,37.9,18,28,39.92
48.92,69.8,64.94,75.2,48.02,51.98,64.4,55.94,45,35.1,34,48,39,28.9,37.9,30.2,18,41,19,28.9,39.92
48.92,68,64.04,75.2,48.92,53.06,64.4,57.02,44.1,35.1,35.1,46.9,39.9,26.1,39,30.2,18,42.1,19.4,30.9,39.92
48.92,66.2,62.96,73.4,48.02,53.06,64.22,57.02,44.1,35.1,35.1,46,39.9,28.9,39.9,32,17.1,37,19.6,32,37.94
51.08,62.6,60.08,69.8,42.98,51.08,62.96,48.92,45,35.1,36,45,37,28,37.9,30.2,15.1,28.9,19.9,30.9,35.96
51.08,59,59,66.2,39.92,48.02,60.8,42.98,46.9,35.1,37,45,35.1,28,30,28.4,14,27,19.6,30.9,35.06
50,57.2,59,60.8,35.96,46.94,57.2,37.94,46.9,35.1,36,44.1,34,27,25,28.2,14,23,19.4,30.9,35.06
48.02,55.4,57.92,55.4,35.96,44.06,55.4,33.98,45,34,36,45,34,26.1,21,28.4,14,24.1,19,30,33.08
46.94,53.6,57.92,53.6,35.96,46.04,53.6,30.02,44.1,34,37,45,34,26.1,19,27.9,12,24.1,19,28,28.94
46.94,53.6,57.02,53.6,33.98,44.06,52.7,28.04,44.1,34,37.9,45,34,26.1,19.9,27.9,9,23,19,28.9,28.94
46.94,51.8,53.96,51.8,33.08,44.06,52.16,26.06,44.1,34,37,45,35.1,25,19,26.6,8.1,23,19,26.1,32
46.94,51.8,51.98,48.2,32,46.04,51.8,28.04,45,34,37.9,44.1,34,21.9,14,26.6,8.1,19.9,19,23,28.94
46.94,51.8,51.08,46.4,32,46.94,51.8,21.92,45,34,37.9,43,34,24.1,18,26.4,6.1,19.9,19,16,26.96
46.04,48.2,50,48.2,30.92,46.94,50,21.02,46.9,34,37,43,34,24.1,18,26.6,3.9,21,19,14,28.94
46.04,48.2,48.92,46.4,30.92,46.04,48.2,21.92,46,34,37,43,33.1,24.1,19,25.5,0,21,19.4,12.9,30.02
46.04,48.2,48.02,46.4,30.92,46.04,46.4,19.94,44.1,34,37,42.1,32,25,19.9,24.8,-0.9,21.9,19.6,10,28.04
46.04,48.2,48.02,44.6,30.02,46.04,44.6,21.02,45,34,37,42.1,32,24.1,21,21.2,-0.9,23,19.9,10,26.96
46.04,48.2,48.92,44.6,26.96,44.06,44.6,17.96,46,34,37.9,41,32,26.1,21,17.6,-5.1,21.9,20.3,7,26.96
46.04,48.2,48.92,46.4,26.96,44.06,44.6,19.04,44.1,34,39,43,30,25,19,12.2,-4,21.9,20.7,7,26.96
46.04,46.4,51.98,48.2,26.96,42.98,44.6,21.02,43,35.1,41,42.1,30,23,19.9,19.4,-4,19.9,21,9,26.96
48.92,50,55.94,56.3,32,48.02,48.2,32,43,35.1,48,42.1,34,28,19.9,21.2,-4,24.1,22.1,12.9,28.94
50,53.6,59,64.4,37.04,50,51.8,37.04,44.1,35.1,50,42.1,37,28.9,19.9,19.4,-0.9,27,23,10,32
51.98,51.98,60.08,69.8,42.98,53.06,57.2,37.94,48,36,48.9,44.1,37,30,21,21.2,3,30,24.1,12,33.98
53.06,50,60.08,73.4,45.14,57.02,60.8,44.06,50,37,50,44.1,37.9,30.9,19.9,21.2,6.1,34,25,15.1,35.06
51.08,53.6,60.98,75.2,46.94,59,62.6,48.02,48.9,37.9,50,46,39,32,19.9,21.2,10,35.1,26.1,19,35.96
51.08,55.4,60.98,75.2,50,59,62.6,48.02,51.1,39,50,46,39.9,32,21.9,23,10,36,27,17.1,35.96
50,55.4,60.08,75.2,50,57.92,64.4,50,48.9,39,50,46,39.9,32,24.1,23,10,37,28.6,19,35.96
50,55.4,59,75.2,48.02,57.02,64.4,50,48,39,50,46,37.9,30.9,24.1,23,8.1,35.1,30.4,17.1,35.06
50,57.2,57.02,69.8,44.96,55.04,64.4,42.08,46,39,50,45,33.1,30,23,23,5,34,32,14,33.08
48.02,55.4,57.02,66.2,42.08,53.06,62.06,33.98,45,39,50,44.1,32,28.9,21.9,23,1,34,32.4,8.1,33.98
44.96,53.6,57.02,60.8,37.94,51.08,58.46,33.98,44.1,39,51.1,41,32,30,23,23,0,35.1,32.7,5,33.98
42.98,53.6,57.02,60.8,37.94,50,55.76,32,44.1,37.9,51.1,39.9,28,28,25,23,0,34,33.1,5,33.08
42.08,51.8,57.92,57.2,39.02,50,53.6,30.02,44.1,37.9,48.9,39.9,27,28,23,17.6,-0.9,34,32,6.1,33.08
42.98,48.2,57.02,55.4,39.02,48.92,48.2,35.06,45,37.9,45,41,26.1,28,26.1,18.5,-2,33.1,31.1,6.1,33.98
44.06,48.2,55.94,55.4,37.94,48.02,48.02,39.92,45,37.9,44.1,39,27,28,25,18.3,-0.9,32,30,5,32
46.04,48.2,57.02,51.8,33.98,48.02,48.2,39.92,44.1,37.9,43,37.9,27,28,26.1,17.6,-2,32,31.3,7,32
44.96,46.4,57.02,48.2,37.04,46.94,48.2,33.98,44.1,37.9,42.1,35.1,26.1,28,25,17.6,-2.9,28,32.7,8.1,30.92
44.96,46.4,57.02,48.2,35.06,46.04,47.3,28.94,44.1,37.9,42.1,37,28.9,28,25,17.6,-4,28,34,7,30.02
44.06,46.4,57.02,48.2,33.98,46.04,46.4,30.92,43,39.9,42.1,36,30,28.9,25,17.4,-5.1,27,35.1,7,30.02
42.98,46.4,55.94,44.6,33.08,46.94,50,21.02,43,42.1,39,32,28.9,28.9,25,17.6,-7.1,26.1,36,7,28.94
41,42.8,55.94,44.6,33.08,46.04,48.92,21.92,42.1,43,41,32,28.9,28,26.1,19.4,-8,25,37,8.1,28.94
41,46.4,57.02,44.6,32,46.04,50,24.08,42.1,41,39.9,30,28.9,28.9,26.1,19.4,-9,23,33.6,9,28.94
39.02,46.4,57.02,46.4,32,46.04,50,21.92,39.9,42.1,41,33.1,28,28,28.9,18.3,-9,21.9,30.4,10,28.04
42.08,44.6,57.02,46.4,32,46.04,49.46,26.06,39.9,42.1,41,33.1,28.9,26.1,30,17.6,-9,21,27,10,28.94
42.08,46.4,59,53.6,35.96,48.02,51.8,39.02,41,44.1,41,30.9,30,28,28,17.6,-9,16,26.2,10.9,28.94
46.94,50,60.08,60.8,39.02,48.92,55.58,41,44.1,46,39,37,30,28,28,17.6,-8,12,25.7,12,30.92
48.02,48.2,60.98,68,42.08,50,59.54,44.06,46.9,46,42.1,36,30.9,30,30,19.4,-7.1,10,25,12.9,33.08
50,57.2,60.98,71.6,44.96,53.06,62.6,46.04,46,45,44.1,37,32,30,33.1,17.6,-0.9,6.1,28.4,15.1,33.08
51.98,55.4,62.96,75.2,46.94,53.96,64.76,46.94,48,46.9,46,37.9,32,32,32,19.4,3.9,1.9,31.6,15.1,35.06
51.98,60.8,62.06,75.2,48.92,55.94,66.2,48.02,46.9,46,46.9,41,32,30.9,32,19.4,3,1,35.1,16,35.06
51.98,55.4,62.06,75.2,50,55.94,68,48.02,48.9,45,46,44.1,33.1,30,33.1,19.4,3.9,-0.9,34.3,17.1,35.06
51.08,55.4,62.06,71.6,50,55.04,68,46.94,46.9,44.1,45,43,32,30.9,33.1,19.4,3,-2.9,33.8,18,33.98
48.92,50,60.08,66.2,46.04,53.06,66.74,42.98,44.1,41,43,39,30,28,32,19.4,0,-4,33.1,16,35.06
44.96,46.4,57.92,62.6,42.98,53.96,64.4,41,41,36,43,37.9,28.9,25,32,17.6,-2.9,-5.1,32,18,35.06
46.04,46.4,57.92,60.8,41,51.08,59,39.02,39.9,37.9,42.1,36,28.9,27,32,17.6,0,-7.1,31.1,17.1,33.08
44.96,46.4,57.02,60.8,39.02,50,60.8,37.94,39,39.9,42.1,36,27,28,30.9,17.6,-2,-8,30,17.1,33.08
42.98,46.4,55.94,59,37.94,51.98,60.8,37.04,37.9,39.9,41,37,25,28.9,32,19.4,-2.9,-9,30.4,18,35.06
39.92,44.6,55.04,57.2,37.04,51.08,60.8,33.08,39,39.9,41,37,25,28.9,30.9,19.4,-5.1,-9,30.6,19,33.98
39.92,44.6,53.96,57.2,35.96,51.08,55.94,30.92,39,39,41,32,21.9,28,32,19.4,-5.1,-11,30.9,19,35.06
39.92,45.5,53.06,55.4,35.96,48.92,56.12,26.96,36,37.9,39,30.9,21.9,24.1,32,19.4,-6,-11,30.2,19,33.08
42.98,46.4,53.06,55.4,35.06,46.94,56.48,21.02,36,37.9,37.9,28,24.1,21,28.9,21.2,-7.1,-15,29.7,18,33.98
41,44.6,51.08,53.6,35.96,44.96,57.2,19.94,36,36,39,28.9,25,21.9,28.9,21.2,-7.1,-14.1,28.9,16,35.06
39.92,44.6,51.08,53.6,35.96,44.96,55.94,17.06,36,36,39,28.9,26.1,24.1,28.9,19.4,-6,-15,28.9,14,35.96
41,44.6,50,51.08,37.04,46.94,55.04,19.04,33.1,36,39,28.9,27,39.9,27,19.6,-6,-11.9,28.9,16,35.96
39.02,44.6,50,48.2,37.04,46.94,53.96,15.08,34,36,39,30,26.1,43,21,20.5,-8,-11.9,28.9,19,35.06
39.92,42.8,48.92,48.2,37.04,44.06,53.6,15.08,33.1,37,37.9,28.9,27,43,21,21.2,-8,-13,29.3,18,35.96
39.02,42.8,48.92,44.6,37.04,42.98,53.6,15.08,33.1,36,39,28,27,41,25,21.2,-5.1,-14.1,29.7,17.1,35.06
39.02,41,51.98,48.2,37.94,42.98,53.6,15.08,33.1,36,39,27,27,39.9,27,21.2,-9,-14.1,30,17.1,33.08
42.08,42.8,55.94,55.4,39.92,44.06,53.6,26.06,35.1,37.9,39.9,28,27,39.9,27,21.2,-4,-15,30.4,18,35.06
46.94,44.6,59,64.4,42.08,46.94,55.4,37.04,37,39,42.1,30,27,43,27,21.2,1,-9,30.6,19,35.96
50,44.6,62.96,71.6,46.04,48.92,57.2,44.96,39.9,41,43,30.9,28,35.1,30.9,24.8,5,-5.1,30.9,21,37.94
53.06,50,62.06,73.4,48.02,55.04,60.44,50,43,43,43,33.1,28,39,35.1,24.8,8.1,-0.9,31.3,23,37.94
53.06,51.8,64.04,75.2,48.02,57.92,62.6,53.06,46,44.1,44.1,34,28.9,42.1,36,24.8,12,1.9,31.6,26.1,39.92
51.98,50,66.92,75.2,48.92,59,62.6,55.04,46,44.1,45,39,28.9,39.9,36,24.8,16,5,32,25,41
50,57.2,66.92,75.2,48.02,60.08,64.4,53.06,46,44.1,45,37.9,28.9,36,37,26.6,18,8.1,28.6,27,39.92
53.06,51.8,64.94,73.4,48.02,57.92,64.4,51.08,44.1,44.1,44.1,37.9,28,30.9,37,28.4,19.9,8.1,25.3,27,37.04
48.02,51.8,64.94,68,46.94,55.94,64.04,42.98,39.9,41,44.1,35.1,28,26.1,35.1,28.4,18,7,21.9,27,35.96
46.94,51.8,62.06,64.4,46.04,53.06,60.8,39.92,37.9,39.9,43,34,28,21,30,30.2,18,5,21,27,33.98
46.04,50,60.98,60.8,44.96,50,57.2,37.94,37,39.9,43,33.1,28,19,26.1,30.2,18,8.1,19.9,28,37.04
44.96,48.2,60.08,59,44.96,50,53.6,28.94,37,39,43,34,28,18,26.1,30.2,16,5,19,30.9,32
44.06,48.2,60.08,53.6,44.96,46.94,55.4,26.96,35.1,39.9,41,34,28,17.1,17.1,30,14,-2.9,17.8,28,32
42.98,48.2,57.02,51.8,44.96,46.04,50,24.08,35.1,39,39.9,33.1,28,19.9,18,30.2,12,-5.1,16.3,28.9,28.94
42.08,44.6,55.94,50,44.96,44.96,53.06,23,34,39,39,32,28,24.1,10.9,30.2,12,-7.1,15.1,28,28.04
41,46.4,55.04,48.2,44.96,44.06,53.6,21.92,34,39,37,30,27,23,12.9,28.8,12.9,-7.1,14.7,30,28.04
41,46.4,53.96,48.2,44.96,44.06,48.2,24.08,33.1,39.9,36,28.9,27,21.9,16,28.6,12.9,-7.1,14.4,30.9,30.92
41,46.4,53.06,46.4,44.96,44.06,46.4,24.08,30.9,39,37.9,28.9,27,21.9,15.1,28.6,10.9,-7.1,14,32,28.04
46.04,46.4,53.06,46.4,46.04,44.96,46.4,21.02,30.9,37,37.9,28.9,27,21.9,15.1,28.4,6.1,-8,13.3,27,26.96
46.04,46.4,51.98,44.6,46.04,44.96,42.8,17.96,32,37,36,28.9,26.1,21,17.1,28,7,-6,12.7,25,28.94
48.02,46.4,51.08,42.8,46.04,42.98,42.08,15.08,33.1,37,37,28,27,18,16,28.4,7,-7.1,12,21.9,26.96
48.92,46.4,50,42.8,46.04,42.98,41,17.96,33.1,37,37.9,28,27,16,17.1,28.4,6.1,-6,11.7,19.9,26.96
48.02,46.4,51.08,41,46.94,44.96,42.8,17.06,34,37,37.9,28,26.1,18,17.1,27.9,6.1,-5.1,11.3,19.9,26.96
50,48.2,53.06,44.6,46.94,44.96,42.8,19.94,34,37,37.9,25,26.1,19,17.1,27.9,5,-4,10.9,15.1,28.94
48.92,48.2,60.98,48.2,48.02,46.94,46.4,30.92,35.1,37,39,26.1,26.1,18,19,28.4,5,-7.1,11.3,18,28.94
48.92,48.2,66.92,53.6,51.98,51.98,51.8,41,37.9,37.9,39,28,27,19.9,24.1,28.4,9,-4,11.7,17.1,33.08
48.02,50,73.94,57.2,53.06,53.06,53.96,46.04,41,39,39.9,28.9,28,23,25,30.2,10.9,-0.9,12,15.1,35.06
48.92,50,75.92,60.8,55.94,55.94,60.8,50,44.1,39,39.9,30.9,28,26.1,24.1,30.2,12,1,13.3,21.9,35.96
48.92,50,73.04,64.4,57.92,55.04,62.06,51.98,46.9,39.9,39.9,33.1,28.9,30.9,28,30.2,10.9,0,14.7,21.9,37.04
50,51.8,69.98,64.4,57.92,55.04,62.6,55.04,46.9,39.9,41,37,28.9,30,28.9,30.2,12,-0.9,16,24.1,37.04
48.92,53.6,73.04,62.6,57.02,55.04,64.22,57.02,46.9,41,42.1,37.9,28.9,32,30.9,30.2,10.9,-4,15.6,24.1,37.04
48.02,51.8,71.96,59,53.06,55.04,64.58,53.96,46,39.9,42.1,37,28.9,26.1,30.9,32,10,-6,15.4,23,35.96
46.94,48.2,69.08,55.4,53.06,53.96,64.04,44.96,42.1,39.9,44.1,36,28.9,21.9,28.9,32,9,-7.1,15.1,19.9,35.96
48.02,46.4,66.02,53.6,51.08,53.96,60.98,39.02,39,39.9,43,35.1,28.9,16,25,30.2,9,-8,15.4,15.1,33.08
48.02,44.6,62.96,51.8,51.98,53.96,57.02,35.06,37.9,39.9,43,36,28,14,24.1,28.4,8.1,-9.9,15.6,14,33.08
46.94,46.4,60.98,51.8,51.08,53.96,53.6,28.94,39,39.9,43,32,28,14,23,28.4,7,-9.9,16,12.9,33.98
46.04,44.6,59,50,51.08,51.98,53.6,26.06,37.9,39.9,46,30.9,28,14,23,28.4,6.1,-9.9,16.3,17.1,33.98
46.94,41,57.92,51.8,51.08,51.98,51.8,26.06,37.9,39.9,52,33.1,28,12.9,21,26.6,5,-9.9,16.7,14,33.98
46.04,42.8,57.02,51.8,48.02,51.98,51.98,23,37,39,52,34,28,14,19,24.8,3.9,-11.9,17.1,12.9,33.98
46.94,39.2,55.04,48.2,50,51.98,50,21.92,35.1,39,45,30,28,14,19,23,3.9,-13,16.7,12.9,33.98
46.04,39.2,53.96,50,50,51.08,48.2,21.92,37,39.9,42.1,30.9,28,10.9,18,21.9,3,-14.1,16.3,9,35.06
46.04,39.2,53.96,50,50,50,48.2,17.06,37,39.9,41,32,28,14,18,21.2,1.9,-15,16,12,33.98
46.04,39.2,51.98,48.2,50,48.02,48.38,19.94,35.1,39.9,41,28.9,27,16,16,20.1,1.9,-15,16.7,10.9,33.98
46.04,39.2,51.08,48.2,50,46.94,45.68,19.04,35.1,39.9,42.1,28,27,19,18,19.4,1,-16.1,17.2,8.1,33.98
46.04,37.4,50,46.4,48.02,46.04,45.68,15.08,34,39.9,48,28.9,27,18,18,19.4,1,-16.1,18,8.1,33.98
46.04,46.4,51.08,46.4,44.06,44.96,45.14,14,35.1,39.9,48,28,27,18,19,19.4,1,-16.1,18.3,7,33.98
46.04,37.4,50,48.2,48.02,46.04,45.14,19.94,36,39.9,46.9,25,27,15.1,19.9,17.6,1,-17,18.7,6.1,35.06
46.94,37.4,62.06,48.2,48.92,46.94,43.52,19.04,35.1,39.9,46.9,26.1,27,14,19.9,15.8,0,-17,19,6.1,35.06
46.94,42.8,62.96,48.2,51.08,51.98,46.22,32,37.9,41,48,28.9,27,18,21,15.8,-2,-17,19.8,9,35.96
48.02,51.8,64.04,51.8,55.04,55.04,51.8,39.92,39.9,42.1,48,28.9,28,21.9,23,17.6,0,-16.1,20.3,10,37.04
48.02,53.6,66.92,55.4,60.98,57.02,57.2,44.06,44.1,46,48,33.1,28.9,28.9,25,19.4,3,-16.1,21,15.1,37.94
48.02,57.2,66.02,60.8,64.94,60.98,60.44,48.92,46.9,48.9,50,35.1,30,30,28.9,21.2,3.9,-15,22.3,19,37.94
48.92,51.8,62.96,64.4,64.04,60.08,62.6,51.08,48.9,48.9,50,39.9,30,30.9,30,23,1.9,-15,23.7,25,39.02
48.92,57.2,62.06,69.8,66.92,59,64.76,53.96,46.9,48.9,50,41,30,30.9,30.9,24.8,5,-14.1,25,24.1,39.02
50,60.8,60.08,73.4,66.02,55.94,66.2,55.04,46.9,50,48.9,42.1,30,30,30.9,26.6,1,-15,25,28.9,39.92
48.92,62.6,60.08,71.6,60.08,55.04,66.74,53.06,46,50,48,39.9,30,28.9,30.9,24.8,1.9,-15,25,28,39.02
48.92,62.6,57.92,69.8,57.02,53.96,66.2,46.04,45,48,44.1,36,30,27,30.9,26.6,-2.9,-16.1,25,42.1,39.02
48.92,57.2,55.04,66.2,53.06,53.06,63.14,39.92,45,45,43,37.9,28.9,23,30.9,26.6,-0.9,-17,23.7,44.1,37.04
48.92,55.4,53.96,64.4,51.08,53.06,58.64,33.98,45,45,44.1,37.9,28.9,25,28.9,28.4,-2,-17,22.3,42.1,39.92
50,55.4,53.06,62.6,48.02,53.06,55.4,33.08,42.1,44.1,44.1,37,28,26.1,28.9,28.4,-4,-16.1,21,37,37.94
50,53.6,53.06,59,44.96,53.06,53.6,33.98,44.1,44.1,43,36,28,27,28.9,28.4,-6,-16.1,21.7,36,37.94
51.98,53.6,53.06,68,44.06,53.06,51.8,33.98,44.1,43,43,37,28,28,28.9,30.2,-2,-16.1,22.3,37,37.94
53.06,57.2,51.98,66.2,46.94,53.06,51.8,26.06,42.1,43,44.1,37,27,28.9,28.9,30.2,3.9,-16.1,23,37,37.94
53.06,55.4,53.06,55.4,46.04,51.08,48.92,26.06,41,42.1,42.1,36,27,30,26.1,26.6,6.1,-17,21.7,35.1,39.02
53.06,50,53.06,51.8,46.04,50,46.4,28.04,39.9,42.1,42.1,36,27,30.9,28,24.8,3.9,-17,20.3,35.1,39.02
51.98,48.2,51.08,48.2,46.04,51.08,46.4,23,39,41,42.1,34,27,30.9,28,24.8,7,-17,19,34,39.92
51.98,46.4,50,46.4,46.94,51.08,46.4,21.92,39,41,42.1,35.1,26.1,32,28,25.5,8.1,-17,20.7,33.1,42.08
51.98,46.4,48.92,46.4,46.94,51.08,44.6,21.02,37.9,41,42.1,33.1,26.1,32,28,26.6,9,-17,22.5,34,42.08
53.06,46.4,50,44.6,46.94,51.08,44.96,26.06,39.9,39.9,41,33.1,26.1,32,28,24.8,10,-17,24.1,34,44.06
53.06,42.8,51.08,42.8,46.94,48.92,44.6,24.08,39.9,37.9,37.9,28.9,26.1,32,28,26.6,10.9,-17,21.7,35.1,44.06
53.06,48.2,48.92,44.6,46.94,48.92,42.8,24.98,41,37.9,37.9,30.9,25,32,28,24.8,15.1,-17,19.4,34,39.92
53.06,51.8,51.08,46.4,46.94,48.92,39.2,26.06,41,37,37,32,26.1,32,28.9,21.2,18,-17,17.1,34,39.92
53.06,51.8,53.06,57.2,46.94,53.06,41,35.96,42.1,37.9,37.9,33.1,26.1,33.1,28.9,23,19,-16.1,17.4,34,39.92
53.06,53.6,55.94,62.6,48.02,53.96,46.4,42.08,43,39.9,42.1,36,28,34,28.9,24.8,19.9,-15,17.6,34,41
53.06,55.4,59,66.2,48.92,53.06,55.94,48.92,48,42.1,44.1,39.9,28,34,30.9,24.8,19.9,-15,18,34,42.08
53.06,59,62.06,69.8,53.06,53.96,60.8,53.06,46.9,43,44.1,44.1,28,35.1,30.9,24.8,23,-14.1,22.6,35.1,41
53.06,60.8,62.06,73.4,57.92,57.02,64.4,57.02,50,43,45,44.1,28,36,33.1,26.6,23,-13,27.3,36,42.08
53.06,60.8,60.08,75.2,59,59,66.2,59,50,44.1,44.1,46,28,36,35.1,26.6,25,-13,32,37.9,41
55.94,59,59,73.4,55.94,59,68,57.02,48.9,45,44.1,42.1,28.9,35.1,34,28.4,26.1,-13,30.7,39,41
55.94,59,59,69.8,55.94,59,68,55.04,48.9,45,45,41,27,35.1,33.1,28.4,26.1,-13,29.3,36,41
53.06,57.2,57.02,69.8,55.04,55.94,67.1,46.94,48,41,45,41,25,34,33.1,30.2,24.1,-14.1,28,37,39.92
53.06,57.02,57.02,67.82,55.04,53.06,63.86,42.08,48,39,43,41,21.9,33.1,30.9,28.4,23,-13,27.7,35.1,39.92
51.98,55.22,55.94,67.82,55.04,51.98,59.54,33.98,48,37,42.1,42.1,24.1,33.1,28,28.4,23,-13,27.3,35.1,39.02
55.04,55.04,55.94,67.64,55.04,51.08,55.94,33.98,48,36,42.1,42.1,21,33.1,24.1,28.4,21.9,-13,27,36,39.02
53.96,56.84,55.04,67.64,53.06,48.02,53.78,30.02,48,34,41,41,19.9,33.1,25,27.9,21.9,-11.9,26.2,35.1,37.94
53.96,55.04,53.96,67.64,50,48.92,51.8,28.94,46.9,33.1,42.1,42.1,19,34,24.1,27.9,21.9,-11.9,25.7,34,37.04
53.06,54.86,53.06,67.46,51.08,48.02,51.8,24.98,46.9,34,42.1,42.1,17.1,34,27,26.6,23,-11.9,25,35.1,37.04
53.06,54.86,51.08,67.46,48.92,46.94,48.2,30.02,48,33.1,42.1,43,18,33.1,21.9,25,23,-11,23.9,33.1,35.96
53.06,54.86,53.06,69.08,48.02,46.04,50,23,46.9,32,43,43,19.9,33.1,28,24.8,27,-11,23,34,33.98
53.06,54.68,53.06,67.28,48.92,46.94,48.2,24.08,46,30,43,42.1,21,33.1,26.1,24.8,28.9,-11,21.9,33.1,33.08
53.06,54.68,53.06,67.28,46.94,48.02,48.2,26.96,46,30.9,44.1,42.1,21,33.1,26.1,22.8,30.9,-11,17.6,33.1,30.92
53.06,54.5,53.06,65.3,48.92,48.92,46.4,23,45,30.9,44.1,42.1,19.9,33.1,24.1,21.2,30.9,-11,13.3,32,28.04
51.98,54.5,53.06,61.7,48.92,48.92,42.8,21.02,44.1,30,44.1,42.1,19,33.1,26.1,21.2,32,-11,9,32,26.96
51.08,54.5,51.08,65.12,48.92,50,42.8,17.06,42.1,30,44.1,41,18,33.1,23,20.7,32,-11,14,33.1,30.02
51.08,54.32,51.08,63.32,50,50,42.62,21.02,42.1,30,44.1,39,19.9,33.1,25,19.4,30,-9.9,19,32,32
55.04,48.92,50,63.32,50,51.98,42.8,23,42.1,30.9,44.1,41,21,33.1,26.1,19.4,30.9,-9.9,24.1,32,33.08
55.04,54.14,51.98,64.94,51.08,51.98,46.4,33.98,44.1,32,44.1,42.1,21.9,33.1,24.1,19.4,33.1,-9.9,25.3,32,33.98
53.96,54.14,55.94,68.54,51.98,55.04,51.98,44.96,46.9,33.1,44.1,44.1,24.1,33.1,26.1,19.4,35.1,-9,26.8,32,35.06
53.96,56.12,59,70.16,53.96,57.92,57.74,48.02,48.9,37,44.1,45,26.1,34,28,21.2,39,-9,28,32,37.04
55.04,57.56,60.08,71.96,57.02,59,62.6,51.08,48.9,39,45,46,27,35.1,30,21.2,39.9,-8,29.3,32,37.94
55.94,57.56,60.08,71.96,57.02,60.08,66.2,53.06,48.9,39.9,46,48,28.9,35.1,32,23,41,-9,30.7,32,39.02
53.96,55.76,62.06,72.14,57.92,60.08,68,57.02,51.1,39.9,46.9,48.9,30,35.1,34,23,39.9,-9.9,32,32,39.02
53.96,57.38,62.96,71.78,57.92,60.08,69.8,57.02,50,41,46.9,48,28.9,35.1,34,24.8,39.9,-11.9,32.4,32,39.02
51.98,57.38,64.04,71.6,57.02,59,69.8,57.02,50,41,46.9,50,28.9,34,34,24.8,39.9,-14.1,32.7,30.9,42.08
53.06,57.2,62.06,71.6,53.06,57.92,69.08,50,51.1,39,46.9,50,25,33.1,32,23,39.9,-16.1,33.1,30,41
53.06,57.2,59,68,51.08,57.02,66.2,41,48,37.9,46.9,48.9,24.1,33.1,27,23,39,-18,32.4,30,39.92
48.92,53.6,57.92,64.4,51.08,55.94,62.6,35.96,48.9,37.9,46.9,48.9,25,32,21.9,21.2,37,-18,31.6,28.9,39.92
46.04,53.6,57.92,62.6,50,55.94,59,30.92,48.9,37.9,46.9,48,25,30.9,19.9,19.4,34,-18.9,30.9,28,37.94
46.04,53.6,57.02,62.6,46.94,55.94,57.2,28.94,55,37.9,48,48.9,25,30,17.1,21.2,32,-24,30.9,28,37.04
46.04,51.8,55.94,60.8,46.04,53.96,55.4,24.08,50,37.9,46.9,50,24.1,37.9,17.1,19.4,32,-29,30.9,28,37.04
46.04,41,55.04,57.2,44.06,55.04,51.98,23,48.9,37.9,46.9,48,23,41,16,19.4,32,-29,30.9,28,35.96
46.04,41,53.06,57.2,46.04,55.04,50,24.98,48,37.9,46.9,48,23,32,17.1,19.4,33.1,-25.1,32,28.9,35.06
46.04,41,51.98,56.66,44.06,53.96,51.8,24.08,48,37.9,46.9,48.9,21.9,32,16,19.4,32,-24,32.9,28,35.06
46.94,41,51.98,56.12,42.98,55.04,50,23,48,37.9,45,50,21,28.9,16,21.2,30.9,-25.1,34,36,35.06
46.04,44.6,51.98,55.76,44.06,55.04,48.2,24.08,46.9,37.9,45,48.9,21.9,28,15.1,21.2,30.9,-24,34.7,43,35.96
46.04,42.8,51.98,55.4,44.96,53.96,46.4,19.94,46,37.9,44.1,48.9,21,25,17.1,21.2,30,-20,35.2,37,41
46.94,41,51.98,53.6,44.96,53.96,45.5,21.92,46.9,37.9,43,50,19.9,24.1,18,21.2,30,-20,36,37,41
48.02,41,48.92,51.8,46.04,53.96,44.6,19.94,50,37,43,50,19.9,23,17.1,21.2,30,-27,36,42.1,41
48.02,44.6,51.08,51.8,46.04,55.04,42.8,21.92,48,37.9,41,48.9,19,24.1,18,21.2,30,-20,36,41,42.08
48.02,41,53.96,53.6,46.04,55.04,42.8,24.08,46.9,37.9,39.9,48.9,21,25,17.1,21.2,28.9,-2,36,33.1,42.08
42.98,39.2,62.06,62.6,46.04,57.02,45.68,33.98,48.9,37.9,41,50,23,27,15.1,21.2,30,15.1,35.2,33.1,41
42.98,42.8,69.08,62.6,46.94,57.92,50,44.06,48,39,44.1,51.1,27,30,17.1,24.8,30,19.9,34.7,35.1,41
46.04,48.2,77,66.2,48.02,57.92,56.3,50,51.1,39.9,46.9,52,30,32,23,24.8,30.9,21,34,39.9,42.08
42.98,44.6,80.06,68,48.92,60.08,62.24,64.04,54,41,48,52,32,37,28.9,26.6,35.1,21.9,34,36,41
46.04,50,80.06,69.8,50,59,66.2,69.98,55.9,41,48,53.1,35.1,39.9,28,26.6,34,23,34,39,41
46.04,53.6,80.06,71.6,51.08,57.92,69.44,66.92,57,42.1,46.9,57.9,37,39.9,33.1,26.6,28,23,34,41,41
46.94,55.4,75.02,69.8,51.08,57.02,71.42,60.98,55.9,46,44.1,57.9,35.1,39,32,26.6,28,24.1,33.6,42.1,41
48.02,53.6,75.92,68,51.98,57.02,72.14,53.96,55.9,46.9,42.1,57.9,34,37,30.9,28.4,23,24.1,33.4,41,39.92
42.98,51.8,71.06,64.4,51.98,57.02,71.6,53.06,54,46,42.1,54,30,33.1,28,28.4,14,26.1,33.1,39.9,39.02
42.08,51.8,68,59,51.08,57.02,68,51.98,53.1,45,42.1,55,30,27,21.9,26.6,14,26.1,32,32,37.94
42.08,48.2,66.92,59,51.08,55.94,62.6,53.96,54,45,39.9,54,28.9,27,15.1,26.6,17.1,26.1,31.1,30.9,39.02
39.92,48.2,66.02,57.2,50,55.94,60.8,48.92,55,43,41,55,28,25,12,23,14,27,30,28,37.04
39.92,50,60.98,55.4,50,55.94,58.64,46.04,54,43,41,52,27,25,16,21.2,12,27,29.7,26.1,35.96
39.02,51.8,59,55.4,48.92,55.04,56.66,44.06,54,42.1,39.9,52,25,24.1,12,21.2,10,28,29.3,24.1,35.96
37.94,51.8,57.92,53.6,48.92,55.04,55.04,41,48.9,42.1,41,48.9,25,25,10,19.4,10,30,28.9,26.1,35.96
37.94,51.8,55.04,53.6,48.02,55.04,51.8,42.98,48.9,42.1,41,46.9,25,25,8.1,19.4,9,30.9,28.6,24.1,35.96
35.96,50,53.06,51.8,48.02,53.96,51.8,42.98,48.9,42.1,39.9,46.9,24.1,24.1,10,19.4,8.1,33.1,28.4,21.9,35.96
35.06,50,55.04,48.2,46.04,53.96,53.6,44.96,48,41,39,48.9,26.1,25,9,19.4,7,32,28,18,35.96
33.98,51.8,53.96,50,46.04,53.96,48.2,46.04,46,42.1,37.9,46,25,28,10,19.4,7,34,27.3,16,35.96
33.98,48.2,53.06,48.2,46.04,53.06,48.2,42.08,45,39.9,37,45,25,25,7,17.6,5,35.1,26.8,17.1,35.96
33.98,50,51.08,48.2,46.04,53.06,48.02,42.08,45,39,37.9,44.1,23,24.1,7,15.8,6.1,39,26.1,16,35.96
35.06,48.2,50,48.2,44.96,53.06,46.4,39.92,45,37.9,37,44.1,24.1,21,7,15.8,6.1,42.1,24.6,14,35.96
33.98,48.2,50,46.4,44.96,51.98,46.4,39.02,44.1,37,37,44.1,26.1,19.9,8.1,19.4,5,42.1,23.4,10,35.96
35.96,48.2,55.94,46.4,44.96,51.98,44.6,39.92,45,37.9,37.9,44.1,26.1,19,7,19.4,3,43,21.9,9,35.96
37.94,48.2,64.04,48.2,44.96,55.04,48.2,44.96,46,37.9,37.9,44.1,27,21,7,19.4,6.1,44.1,22.3,10,37.04
44.06,51.8,69.98,51.8,44.96,57.92,54.14,51.08,48,39,41,44.1,34,24.1,10,19.4,9,44.1,22.6,12,37.94
48.02,51.08,75.02,55.76,46.04,60.08,60.08,53.06,48,39.9,43,45,36,28.9,16,21.2,12,45,23,16,39.02
48.02,50,78.98,59,46.04,60.08,66.2,57.02,50,39.9,45,45,37.9,32,17.1,24.8,17.1,45,24.6,18,41
50,48.2,78.08,60.8,46.94,60.98,69.8,59,48,41,46.9,46,35.1,33.1,15.1,28.4,19.9,44.1,26.4,21.9,42.98
50,51.8,77,60.8,48.2,60.98,73.4,60.98,48,41,46,46.9,32,34,19.9,33.8,23,43,28,24.1,42.98
48.92,51.8,73.04,60.8,48.02,60.98,74.66,60.08,46.9,41,45,45,33.1,34,23,33.8,25,45,26.8,24.1,42.08
48.92,53.6,71.06,60.8,48.92,60.08,75.2,57.92,46.9,41,45,46,33.1,34,23,33.8,27,45,25.3,24.1,39.02
48.92,50,73.04,57.2,48.02,57.02,74.12,53.06,44.1,39.9,44.1,45,33.1,28.9,18,30.2,24.1,45,24.1,24.1,39.02
46.94,48.2,66.02,55.4,48.02,53.96,71.6,50,45,37,39.9,44.1,34,24.1,14,28.4,23,44.1,20.3,21.9,35.96
42.98,50,64.04,53.6,46.94,51.98,67.28,44.96,45,37,39.9,41,34,21.9,12,28.4,21.9,45,16.7,24.1,35.06
44.96,48.2,62.06,51.8,46.94,50,63.86,41,44.1,36,39,42.1,33.1,19,12,26.6,21,44.1,12.9,21,32
46.94,48.2,57.92,51.8,46.94,48.02,60.8,33.08,44.1,35.1,39,42.1,33.1,19.9,12,28.4,21,42.1,14.5,23,33.98
48.02,48.2,59,50,48.02,48.02,62.6,30.92,44.1,36,39,42.1,33.1,19.9,10,26.6,19.9,43,16.3,19,32
48.02,51.8,57.02,48.2,48.02,46.94,55.94,28.94,42.1,36,39,41,34,19.9,10,26.6,19,39.9,18,17.1,32
48.02,51.8,55.94,46.4,46.94,44.06,55.4,26.06,42.1,36,39,39.9,33.1,19.9,9,26.6,21,39.9,18.3,15.1,33.08
48.92,50,55.04,46.4,48.02,42.98,53.6,24.98,42.1,36,39,39,33.1,16,6.1,24.8,19.9,39.9,18.7,12.9,33.08
48.02,51.8,53.96,44.6,46.94,41,55.4,24.08,41,35.1,37.9,39,33.1,15.1,6.1,24.8,19.9,37,19,10,33.08
48.92,50,51.98,44.42,46.94,41,51.8,21.92,39.9,34,37.9,39,32,15.1,3.9,24.8,16,37,17.1,8.1,33.98
48.92,51.8,51.98,44.6,46.94,41,51.8,21.92,42.1,34,37.9,39,32,14,3,21.2,16,37,14.9,7,33.98
48.92,51.8,50,45.32,46.94,41,51.98,19.94,42.1,34,37.9,37.9,30.9,14,3,21.2,16,33.1,12.9,8.1,35.06
50,51.8,50,46.4,46.04,41,48.2,19.04,43,34,37.9,37.9,28.9,14,3.9,21.2,17.1,33.1,12,6.1,35.06
50,51.8,51.08,44.78,46.04,41,48.2,19.04,39,34,35.1,37,28,14,5,19.4,19,32,10.9,7,33.98
50,50,51.98,45.5,46.04,39.92,48.2,24.08,39,35.1,37.9,37,28,14,3.9,17.6,21,34,10,8.1,33.98
51.98,50,59,48.2,46.04,42.08,53.6,33.98,43,36,39,37,28,15.1,3.9,15.8,19.9,34,10.8,9,35.06
53.06,51.8,62.96,53.6,46.04,46.94,59,41,39.9,37,39,37.9,28.9,18,10.9,15.8,23,33.1,11.3,10.9,37.04
53.06,53.6,68,57.2,46.04,50,62.96,46.94,41,37.9,39,39,32,19.9,15.1,21.2,28.9,34,12,12.9,37.94
55.94,53.6,68,62.6,46.04,53.06,68,50,44.1,39,39.9,39.9,33.1,21,17.1,24.8,30.9,36,16.7,16,37.94
57.02,53.6,69.08,62.6,46.94,53.96,71.06,53.96,45,39.9,39.9,41,34,24.1,19.9,24.8,30,39,21.4,19.9,37.94
55.94,51.8,69.08,62.6,46.94,55.04,73.4,57.92,44.1,41,39.9,41,34,25,15.1,24.8,30,46,26.1,21.9,39.02
57.02,55.4,66.92,64.4,46.94,55.04,75.2,59,44.1,42.1,39.9,41,34,26.1,17.1,24.8,30.9,50,26.1,23,37.94
55.94,53.6,64.04,62.6,46.04,53.96,75.2,57.92,44.1,42.1,39.9,37.9,33.1,26.1,19.9,24.8,30,48,26.1,23,39.02
53.96,51.8,60.98,60.8,46.04,53.06,73.4,51.08,46,42.1,39,36,30,24.1,19,21.2,28,46,26.1,23,39.92
51.98,50,60.08,57.2,46.04,51.98,70.34,44.96,46,42.1,39,34,28,23,14,17.6,28,46,21.4,19.9,39.02
55.04,50,60.08,55.4,46.04,51.98,66.02,37.94,46.9,41,39,33.1,28,24.1,12.9,17.6,26.1,44.1,16.7,18,37.94
55.04,48.2,59,53.6,44.96,51.08,62.78,33.98,48,41,39,33.1,28,23,10.9,15.8,26.1,43,12,16,37.94
55.94,50,57.92,51.8,44.96,51.08,59.9,30.02,48.9,39.9,39,33.1,27,23,8.1,17.1,26.1,44.1,12,19,37.94
53.96,50,57.92,51.8,44.96,51.08,57.2,30.92,46.9,39.9,39.9,33.1,28,23,8.1,18.9,26.1,44.1,12,17.1,39.02
53.06,46.4,59,50,44.96,50,55.4,28.04,45,39,41,33.1,28,21.9,9,19.4,27,46,12,12.9,39.02
53.06,44.6,59,50,44.06,50,55.4,26.06,43,39,41,33.1,28.9,21.9,7,17.8,25,45,13.1,12.9,39.02
53.96,44.6,57.92,50,44.06,48.02,57.2,23,41,39,42.1,34,28,21.9,3.9,17.6,28,45,14,10,37.94
53.96,46.4,59,46.4,42.98,48.02,57.2,26.06,39,39.9,43,35.1,28,21.9,7,19.4,30,44.1,15.1,10,37.94
55.04,46.4,59,44.6,42.98,48.92,53.6,23,37.9,39.9,46,36,28,19.9,8.1,12.2,30,44.1,16.7,9,37.94
53.96,44.6,59,44.6,42.08,50,53.42,26.06,34,39.9,51.1,35.1,28,18,5,10.9,30,43,18.3,8.1,37.94
55.04,44.6,57.92,44.6,42.08,51.08,53.42,19.94,33.1,39.9,51.1,36,27,19,7,10.4,30,42.1,19.9,5,37.94
55.94,44.6,55.94,48.2,42.08,50,53.24,21.02,30.9,39.9,51.1,36,26.1,19,3.9,10.4,30.9,37.9,20.3,6.1,39.02
55.94,44.6,53.06,46.4,42.08,48.02,53.24,19.94,30,39.9,51.1,36,26.1,21,6.1,8.6,30.9,36,20.7,6.1,39.02
57.92,46.4,53.96,55.4,42.08,53.06,53.6,19.94,30,39.9,51.1,36,27,21.9,9,6.8,32,39,21,6.1,39.02
59,46.4,57.92,59,42.08,51.98,59,30.02,32,41,52,36,27,21,8.1,10.4,34,39.9,22.3,8.1,39.92
60.98,48.2,60.08,64.4,42.98,48.02,64.4,37.04,35.1,41,52,37,27,24.1,12.9,15.8,35.1,42.1,23.7,9,39.92
62.96,48.2,60.08,69.8,42.98,46.94,69.8,46.04,39.9,42.1,52,37,28,28.9,19,19.4,39,46.9,25,10.9,39.92
64.04,48.2,62.96,77,44.06,46.94,73.4,50,43,43,53.1,39,28,32,23,21.2,39,50,26.1,16,41
62.06,53.6,64.94,80.6,44.06,46.94,77,53.06,45,46,53.1,41,26.1,34,28,24.8,39.9,51.1,27,18,42.08
60.98,51.8,64.94,80.6,44.96,48.02,78.8,55.04,44.1,48,53.1,41,26.1,35.1,19.9,24.8,39.9,48.9,28,19.9,42.08
60.98,53.6,62.96,78.8,46.04,51.98,79.7,57.92,45,48,53.1,41,26.1,32,23,24.8,39.9,51.1,28.8,19.9,41
51.98,55.4,60.98,75.2,44.96,53.06,79.88,55.94,43,48,52,39,26.1,30.9,21.9,24.8,41,50,29.3,19.9,39.92
50,55.4,60.08,71.6,46.04,51.98,78.98,46.94,41,46,52,37,27,28.9,18,21.2,41,48,30,19.9,39.02
48.92,53.6,60.08,68,46.04,50,76.82,42.08,37,42.1,54,36,27,26.1,16,15.8,41,48,29.3,19.9,37.94
48.02,51.8,59,62.6,46.04,51.08,73.4,37.04,37,39.9,53.1,34,26.1,24.1,19.9,19.4,41,48.9,28.8,18,37.94
48.02,51.08,57.92,60.8,44.96,50,68,35.96,36,37.9,55,34,24.1,21.9,17.1,19.4,39.9,48.9,28,17.1,37.04
48.02,50,57.02,60.8,44.96,50,66.2,32,35.1,39,54,33.1,21.9,21.9,19,17.6,42.1,48,30,15.1,37.04
46.94,51.8,57.92,60.8,46.04,48.92,64.4,32,36,42.1,54,33.1,21,25,18,14,42.1,46.9,32,12,37.94
46.04,51.26,59,58.28,46.04,48.92,62.06,28.94,35.1,41,55,32,19,25,17.1,10.4,42.1,44.1,34,12.9,37.94
44.96,50.54,59,55.76,44.96,48.92,62.6,28.94,36,41,55,30.9,18,21.9,17.1,10.4,42.1,42.1,35.1,12.9,37.04
44.96,50,57.92,53.6,46.04,48.92,61.16,26.96,34,41,55,28.9,16,23,19,12.2,42.1,42.1,36,10.9,33.08
44.06,50,57.92,53.6,44.96,48.02,59.72,30.92,34,41,55,28.9,15.1,24.1,19.9,14,42.1,39.9,37,9,30.92
42.98,50.9,57.02,50.72,44.96,46.94,58.28,33.98,27,39.9,55,27,14,23,21,15.8,39.9,37,37,7,28.94
42.98,51.8,55.94,48.2,44.96,46.94,57.2,32,26.1,39,55,26.1,12.9,24.1,21,14,41,36,37,9,30.02
37.94,50,55.04,48.2,44.96,46.94,55.94,32,27,39.9,55,27,10,24.1,19.9,14,44.1,35.1,37,10,30.02
39.02,50,55.04,48.2,44.96,46.94,54.68,35.96,24.1,41,55,28,12,23,21.9,17.6,42.1,32,36.3,10.9,28.94
39.92,53.6,53.96,48.2,44.96,48.02,53.6,37.04,27,39.9,55,26.1,15.1,23,32,15.8,44.1,30,35.8,12,30.02
41,53.6,53.96,50,44.96,48.92,51.8,39.02,27,39.9,55.9,25,10,21,36,17.6,43,27,35.1,12.9,28.04
42.08,53.6,57.02,55.4,44.96,51.08,53.6,42.08,26.1,39,55.9,27,12,23,23,17.6,39,32,35.8,14,28.94
44.06,51.8,60.08,64.4,46.04,53.06,60.8,48.92,33.1,39.9,55.9,30,15.1,26.1,24.1,17.6,42.1,35.1,36.3,15.1,30.02
46.94,53.6,66.92,68,46.94,53.96,64.94,48.92,36,41,55.9,32,18,27,26.1,19.4,42.1,37.9,37,17.1,32
48.02,59,69.08,71.6,48.02,55.94,69.8,50,39,42.1,57,33.1,23,28.9,30,19.4,43,39.9,37.4,19,37.04
50,60.8,69.08,73.4,48.92,57.02,71.96,51.98,37.9,44.1,57.9,35.1,21.9,30,39,19.4,44.1,41,37.6,21,37.04
50,57.2,62.96,75.2,48.92,57.02,73.4,53.96,37.9,45,57,36,19.9,30,39,19.4,46,42.1,37.9,24.1,37.94
44.96,55.4,62.06,75.2,50,57.92,75.2,53.06,39,46,57,35.1,18,30,39,21.2,42.1,42.1,38.7,25,37.94
44.96,57.2,62.96,71.6,50,57.92,75.2,50,39,46,57.9,35.1,17.1,30,37.9,21.2,39.9,39,39.2,24.1,35.96
44.96,57.2,64.04,73.4,48.92,53.06,75.92,48.92,37,44.1,55,34,12,30,37.9,19.4,37.9,35.1,39.9,25,32
44.96,57.2,60.08,69.8,48.02,51.08,72.5,48.92,37,42.1,54,33.1,8.1,30,37,17.6,37.9,32,39.6,25,30.92
44.06,55.4,59,69.8,48.02,51.08,68,48.02,35.1,42.1,54,34,6.1,30,33.1,14,37,32,39.4,24.1,30.02
44.06,55.4,59,66.2,48.02,50,64.4,46.04,34,42.1,53.1,30,3.9,30,37,14,37,30,39,25,28.94
44.06,55.4,59,64.4,48.02,50,61.7,42.08,34,42.1,51.1,33.1,9,30.9,37,14,37,30.9,39,26.1,26.96
46.04,55.4,59,59,46.94,46.94,59.36,39.02,33.1,41,51.1,32,3,30,30.9,12.2,35.1,30,39,24.1,28.94
44.96,55.4,59,57.2,46.94,46.94,57.38,37.94,30,41,48.9,32,1.9,32,34,15.8,33.1,30,39,24.1,28.04
46.04,53.6,59,55.4,46.94,46.94,55.4,37.94,30,39.9,48,30.9,3,30.9,36,15.1,32,30.9,39,27,26.06
44.96,53.6,59,55.4,46.04,46.94,54.68,37.04,28,41,46.9,30.9,3,30.9,37,15.8,30.9,30,39,23,26.06
44.96,53.6,59,53.6,46.04,48.02,54.14,33.98,28,41,44.1,30,3.9,30,36,17.6,30.9,32,39,21,26.06
44.06,53.6,57.92,51.8,44.96,48.02,53.6,53.96,30,39.9,45,28.9,3.9,30.9,36,17.1,30.9,30.9,39,25,26.96
42.08,53.6,57.92,51.8,44.96,48.02,51.8,53.96,28.9,39.9,44.1,28,3,30.9,36,17.1,30,30,39,24.1,24.98
42.08,53.6,57.92,50,44.96,48.02,51.08,53.96,30.9,39.9,45,28,5,32,36,17.6,28.9,32,39,25,26.06
42.08,53.6,57.92,50,44.96,48.02,49.64,53.96,32,39,45,28,3.9,30.9,37,15.8,28,30.9,39,24.1,24.98
41,55.4,57.92,48.2,44.96,46.94,48.2,51.98,32,39,45,28.9,7,30,37,17.6,27,32,39,25,24.98
41,53.6,57.92,50,44.96,46.04,47.84,48.92,30.9,39,44.1,30,8.1,30,36,10.4,27,33.1,39,26.1,23
39.92,55.4,59,53.6,44.96,44.96,50.72,46.04,33.1,39,44.1,30.9,8.1,30.9,37,10.4,25,32,39.4,26.1,26.96
42.08,55.4,60.98,57.2,46.04,44.96,57.02,48.92,34,39,44.1,32,10.9,32,37,12.2,25,37.9,39.6,27,30.02
46.04,55.4,62.96,60.8,46.94,46.04,62.6,50,37,39,45,34,14,33.1,37.9,15.8,30,41,39.9,28,35.06
48.02,60.8,64.04,62.6,48.02,48.02,66.92,53.06,42.1,39.9,45,35.1,16,34,37.9,15.8,36,42.1,41.9,30.9,35.96
48.92,60.8,64.04,64.4,48.02,48.02,69.44,53.06,41,39.9,46,36,18,34,39,15.8,37.9,43,44.1,33.1,35.06
48.92,60.8,64.94,64.4,48.92,48.02,72.68,53.96,43,41,46,36,18,33.1,39,15.8,39.9,43,46,34,35.06
48.92,57.2,62.96,64.4,48.92,48.02,74.3,53.06,42.1,42.1,48,36,19,33.1,39,17.6,39.9,43,44.4,35.1,37.94
48.02,57.2,62.06,62.6,48.92,48.02,75.02,53.06,43,41,48,36,18,33.1,39.9,17.6,36,43,42.6,36,35.96
44.06,57.2,60.98,60.8,48.92,48.02,76.1,50,39,41,46.9,35.1,14,34,39.9,17.6,34,41,41,34,33.98
39.92,55.4,60.08,57.2,48.02,46.94,73.4,46.94,37,39.9,46.9,35.1,7,34,39.9,17.6,34,37,39.4,35.1,30.02
37.04,55.4,60.08,57.2,46.94,46.94,71.6,44.06,32,39.9,45,35.1,7,34,42.1,14,30.9,36,37.6,39,28.94
39.02,55.4,60.08,55.4,46.94,46.04,69.8,42.08,30,39.9,46,35.1,7,34,42.1,14,30.9,35.1,36,41,30.02
37.94,55.4,60.08,53.6,48.02,44.06,66.2,39.02,30,39,45,35.1,12.9,39.9,43,12.2,28.9,33.1,34.3,37,30.02
37.04,53.6,60.08,53.6,46.94,42.98,64.4,33.98,28.9,39,45,35.1,12.9,37.9,42.1,12.2,30,35.1,32.5,39,30.02
37.04,55.4,62.06,55.4,46.94,41,64.04,37.04,28,39,45,35.1,12,42.1,41,10.4,28,36,30.9,36,30.02
35.96,55.4,60.98,53.6,46.94,39.02,62.6,32,28.9,39,45,35.1,10,42.1,39.9,8.8,25,37,31.6,34,30.02
35.96,55.4,60.98,53.6,46.94,37.94,60.8,32,28,39,45,34,10.9,42.1,41,8.6,26.1,37,32.4,37.9,30.02
39.02,55.4,60.08,53.6,46.04,39.92,59,33.98,27,37.9,45,34,10.9,43,41,8.6,24.1,37,33.1,37,30.02
42.98,55.4,60.08,53.6,46.04,42.08,57.2,30.02,28.9,37.9,45,34,10.9,42.1,42.1,10.4,26.1,37.9,33.4,35.1,30.02
42.98,55.4,60.08,51.8,46.04,42.98,59,32,28,37.9,45,35.1,12,43,36,10,28,37.9,33.6,36,30.02
42.98,55.4,59,50,46.04,42.98,59,30.92,26.1,37,45,35.1,14,44.1,41,10.4,27,35.1,34,35.1,30.02
42.08,55.4,57.92,50,46.04,42.98,60.8,28.94,26.1,37,44.1,34,15.1,43,39.9,9.9,27,36,34,39,30.02
42.98,55.4,57.92,50,46.04,42.98,60.26,30.02,26.1,37,43,35.1,15.1,42.1,39.9,8.6,27,35.1,34,39,30.02
42.98,55.4,59,51.8,46.04,44.96,59.9,32,32,37,43,35.1,12,42.1,39,6.8,27,34,34,37.9,28.04
42.98,57.2,60.08,53.6,46.94,44.96,62.24,37.04,32,37,43,35.1,12,42.1,37,8.6,26.1,37,34.7,37.9,28.04
46.04,57.2,60.08,53.6,46.94,46.04,66.2,48.02,33.1,37,43,37,14,42.1,37.9,8.6,26.1,39.9,35.2,36,28.94
48.02,59,60.98,57.2,48.02,48.02,71.6,53.06,36,37,43,37,19.9,45,37,10.4,28,43,36,37.9,28.94
48.02,60.8,62.06,60.8,48.02,48.92,73.94,55.94,37.9,37.9,44.1,39,21.9,43,42.1,12.2,28.9,43,36.7,39,30.02
48.02,60.8,62.06,62.6,48.02,50,75.2,57.02,41,37.9,45,39.9,21.9,45,39,10.4,30.9,32,37.2,39.9,30.02
50,60.8,62.06,64.4,48.02,51.08,78.8,59,43,39,45,39.9,25,41,39.9,10.4,33.1,28,37.9,39,30.02
50,60.8,62.96,62.6,48.02,53.06,78.8,59,41,39,45,39.9,24.1,39,37.9,12.2,34,27,37.2,39,30.02
48.92,60.8,62.06,62.6,48.02,53.06,78.8,57.02,39.9,39,46,39,23,37.9,37,12.2,32,26.1,36.7,37.9,30.02
46.94,57.2,60.08,59,48.02,51.98,78.8,55.94,39.9,39,46.9,39,19,37,37,12.2,28.9,24.1,36,37.9,30.02
44.06,57.2,59,57.2,46.94,50,75.2,55.04,39,37.9,46.9,37,15.1,36,37.9,10.4,26.1,24.1,36.3,37,28.94
42.98,57.2,59,57.2,46.04,48.02,73.4,53.06,39,37.9,46.9,37.9,16,37.9,35.1,10.4,27,23,36.7,36,28.04
42.08,57.2,57.92,55.4,44.06,48.02,73.4,53.06,39,37.9,46,37,14,35.1,35.1,10.4,27,23,37,36,28.04
39.02,57.2,57.02,53.6,42.98,48.02,71.6,51.08,37.9,37.9,45,36,16,32,36,12.2,26.1,21,38.3,35.1,28.94
37.04,57.2,55.94,51.8,44.96,44.06,68,48.92,37.9,37.9,45,37,18,32,36,12.2,24.1,21,39.7,32,28.94
35.96,57.2,55.04,51.8,44.96,44.06,64.94,48.92,37.9,37.9,39.9,36,21,32,37,12.4,24.1,21,41,28,30.02
35.06,57.2,53.96,50,44.06,42.08,64.4,48.92,37.9,37.9,44.1,36,21.9,33.1,37,12.2,19.9,19.9,41.4,28.9,30.92
37.04,57.2,53.96,48.2,44.06,41,62.6,48.92,37.9,37.9,44.1,35.1,21,33.1,37,12.2,19,19,41.7,28.9,32
39.02,55.4,53.96,48.2,44.06,41,62.6,46.94,37.9,37.9,43,34,21,33.1,37.9,13.3,19,18,42.1,32,32
39.92,55.4,53.06,48.2,44.96,41,62.6,46.94,37.9,37.9,43,35.1,19.9,33.1,37.9,14,18,17.1,41,30.9,32
42.08,55.4,51.98,47.48,44.96,39.92,59,46.94,37.9,37.9,44.1,35.1,19,33.1,39,14,21,17.1,40.1,32,32
42.08,55.4,51.08,46.4,44.96,39.02,57.2,46.94,37.9,37.9,44.1,35.1,18,33.1,39,12.2,18,16,39,30.9,32
39.92,57.2,51.08,46.4,44.96,39.02,55.4,46.04,37.9,37,43,36,18,32,39.9,11.7,12.9,15.1,39,30.9,33.08
39.92,55.4,51.08,48.2,44.96,37.94,55.22,44.96,37.9,36,43,37,15.1,32,35.1,10.4,16,14,39,30.9,33.08
41,55.4,53.96,48.2,44.96,37.04,55.4,44.96,37.9,37,41,37.9,15.1,32,33.1,6.8,16,14,39,32,33.08
42.08,55.4,55.94,50,46.04,39.92,60.8,48.92,37.9,37,39,37.9,16,33.1,35.1,3.2,15.1,14,36.7,32,33.08
44.96,57.2,59,51.8,46.94,44.06,62.6,53.06,39,37,45,39,19,33.1,37,6.8,16,12.9,34.3,32,33.98
46.04,57.2,60.98,51.8,48.02,48.02,69.8,57.02,44.1,37.9,46,39.9,21,35.1,36,5,19.9,14,32,34,33.98
48.92,57.2,62.06,53.6,48.92,48.92,71.6,57.92,43,39,48,39.9,24.1,36,37,8.6,23,17.1,35.4,35.1,33.98
51.08,57.2,62.06,55.4,48.92,51.98,78.8,59,42.1,39,48,39.9,24.1,37.9,37.9,14,27,16,38.7,36,35.06
51.08,59,62.06,55.4,50,51.08,80.6,60.98,44.1,39.9,50,39.9,25,37,39.9,12.2,30,16,42.1,36,35.96
51.08,60.8,64.04,55.4,50,51.08,80.6,62.06,45,39.9,50,39.9,25,50,39.9,14,30,16,40.6,36,35.06
51.08,60.8,62.96,57.2,50,50,82.4,60.98,44.1,39.9,48.9,39,21.9,50,39.9,14,30.9,16,39.4,36,35.96
48.02,57.2,60.98,57.2,48.92,48.92,80.06,57.02,41,39.9,48,37.9,19,48.9,37.9,8.6,27,15.1,37.9,32,37.04
44.06,57.2,59,55.4,48.02,48.02,78.8,48.02,41,39,46.9,37.9,16,48,37,8.6,27,12,34,30,35.06
39.02,57.2,57.92,53.6,46.94,48.92,71.6,46.04,39.9,39,42.1,37,17.1,46.9,36,14,26.1,6.1,30,32,35.06
39.02,57.2,57.92,51.8,44.06,42.98,69.8,42.08,41,37.9,41,37.9,15.1,48.9,39.9,15.8,25,8.1,26.1,30.9,35.06
35.96,57.2,57.02,51.8,42.08,42.08,66.2,39.02,39.9,37.9,39.9,37.9,12,52,37,14.4,19.9,3,23,33.1,35.06
37.04,57.2,55.94,51.8,39.92,44.06,64.4,39.02,36,37.9,39,37.9,7,51.1,36,13.5,19.9,3,20.1,30,35.06
37.04,55.4,57.02,53.6,39.02,42.98,64.4,37.04,36,37,39,37.9,9,51.1,35.1,11.3,17.1,1.9,17.1,30,35.96
33.98,57.2,55.94,53.6,39.02,42.08,64.4,33.98,35.1,37,37,37.9,9,48.9,37,8.6,15.1,5,15.4,34,35.96
33.98,57.2,55.94,53.6,39.92,39.92,62.6,33.08,33.1,37,35.1,37.9,9,48.9,34,10.4,15.1,3.9,13.6,32,33.98
35.06,57.2,53.96,53.6,42.08,37.94,62.6,33.08,33.1,36,35.1,37,10,45,37,10.4,10.9,-0.9,12,32,35.06
37.94,57.2,53.96,53.6,42.98,37.94,60.8,32,34,36,34,36,12.9,45,34,10.4,12,3,13.1,32,37.04
35.06,57.2,55.04,53.6,42.98,37.94,60.8,32,33.1,34,34,37,14,45,33.1,10.4,10.9,1,14,30,37.04
35.06,55.4,55.04,53.6,42.98,35.96,60.98,30.02,30.9,34,32,37,15.1,37.9,33.1,12.2,10.9,6.1,15.1,28.9,37.94
37.04,55.4,55.04,53.6,44.06,35.06,55.4,30.02,35.1,32,35.1,37,15.1,39,35.1,10.4,10.9,7,14.7,28.9,37.94
30.02,57.2,55.94,53.6,44.06,35.06,59,28.94,34,30,35.1,36,16,39.9,33.1,10.4,9,-4,14.4,28.9,37.94
32,57.2,55.94,53.6,44.96,35.96,59,32,35.1,30,35.1,37,16,39,34,8.6,7,1,14,28,37.94
39.92,57.2,55.94,55.4,46.94,37.04,62.6,41,36,28.9,39,37,17.1,37.9,34,6.8,9,0,17.1,28,39.02
42.98,57.2,55.94,55.4,46.94,39.92,69.8,48.92,37,30.9,43,37.9,19,37.9,35.1,8.6,12,7,19.9,30.9,39.02
50,59,57.92,57.2,48.02,44.96,71.06,53.06,41,37,48.9,39,19,41,36,10.4,16,12,23,32,39.92
50,60.8,59,57.2,48.02,46.94,75.2,57.02,42.1,46,52,39.9,19.9,43,37.9,14,19.9,16,26.4,35.1,41
50,60.8,60.98,57.2,48.02,51.08,78.8,57.02,44.1,53.1,53.1,39.9,19.9,41,37.9,17.6,25,19.9,29.7,36,42.08
50,62.6,60.98,57.2,46.94,51.98,80.6,60.08,45,57,55,42.1,19.9,43,37,12.2,28,21.9,33.1,37.9,42.08
51.08,59,60.08,57.2,46.94,53.06,80.6,60.98,44.1,60.1,55,39.9,21,41,36,15.8,30,23,32.4,37,42.98
50,55.4,60.98,57.2,46.94,53.96,82.4,60.08,44.1,59,54,39,21,39,39,15.8,30,23,31.6,36,44.06
48.92,57.2,59,57.2,46.94,51.98,82.04,55.04,43,52,52,39,21,37.9,36,15.8,30,19.9,30.9,35.1,44.96
44.06,57.2,59,57.2,46.04,48.02,78.8,48.92,42.1,48.9,50,37,21,37,37.9,14,28,16,27,36,44.96
39.92,57.2,59,55.4,46.94,46.94,74.66,51.08,39.9,43,48.9,36,21,37.9,36,14,23,16,23,37.9,44.06
39.02,57.2,57.92,55.4,46.04,44.06,71.6,42.98,37.9,42.1,48.9,35.1,17.1,35.1,35.1,14,21,17.1,19,42.1,44.06
39.92,57.02,57.92,55.4,46.04,42.98,69.8,42.08,35.1,39,48,35.1,15.1,36,33.1,13.8,21,15.1,18.7,41,44.06
39.92,57.2,57.92,55.4,44.96,42.08,66.2,35.96,34,34,46,34,15.1,36,32,14.9,19.9,16,18.3,39.9,42.98
39.92,55.4,55.94,53.6,44.96,42.08,64.4,37.04,33.1,33.1,46,33.1,14,35.1,33.1,14.7,18,17.1,18,37.9,42.98
39.92,55.22,53.96,53.6,44.96,41,62.6,33.98,34,30.9,44.1,33.1,12.9,34,34,14,19.9,17.1,16.3,37,42.08
37.04,55.22,53.06,53.6,44.96,37.94,61.52,30.92,32,28,42.1,34,15.1,32,36,16.2,19,17.1,14.5,37,42.08
37.04,55.4,51.98,53.6,44.96,37.04,60.8,33.08,30.9,30.9,42.1,32,14,33.1,34,16.9,17.1,19.9,12.9,36,42.98
37.94,55.4,51.08,53.6,44.96,35.96,59.72,32,32,28,41,32,12.9,30.9,34,17.4,18,21,12.2,34,42.98
37.94,55.4,50,53.6,44.96,37.04,58.82,33.08,30.9,26.1,37.9,30.9,17.1,28,33.1,18.1,18,21,11.7,37,42.98
37.94,55.4,48.02,53.6,44.96,35.06,58.1,33.98,32,26.1,39.9,32,16,27,33.1,19.6,18,21.9,10.9,37,44.06
35.96,53.6,48.02,55.4,44.96,35.06,57.2,28.94,32,25,39,32,16,27,32,19.4,18,23,10.2,36,44.06
35.06,57.2,48.02,55.4,44.96,35.06,57.2,30.92,30.9,26.1,39,30.9,14,27,33.1,19.9,18,19.9,9.7,35.1,44.96
39.02,55.4,51.08,55.4,44.96,37.94,57.2,33.08,30.9,25,39,33.1,14,27,34,18.9,18,21,9,34,44.06
42.08,57.2,53.96,55.4,46.04,41,57.2,39.92,34,30,41,33.1,16,30.9,34,19.4,19,23,12,34,44.96
46.94,55.4,57.92,57.2,46.94,46.94,64.4,48.92,37,35.1,44.1,39,18,35.1,32,19.4,21,26.1,14.9,33.1,46.04
51.98,57.2,60.08,57.2,46.94,51.08,71.06,53.96,39.9,39.9,45,42.1,21.9,41,37,21.2,25,28,18,34,48.02
53.96,55.4,62.06,57.2,48.02,55.04,75.2,57.02,42.1,44.1,46,42.1,25,43,37.9,23,28.9,30.9,22.6,34,48.02
51.98,55.4,60.98,57.2,48.02,57.02,77,59,46,48.9,46.9,44.1,28.9,45,37.9,23.7,33.1,32,27.3,35.1,48.92
50,55.58,60.98,60.8,48.92,57.92,78.8,59,48.9,52,46.9,44.1,28.9,46,37.9,24.1,34,33.1,32,35.1,51.08
51.98,55.4,62.06,60.8,50,57.92,78.8,60.08,48.9,55,46,45,28,46.9,37.9,23.9,36,32,31.3,35.1,51.08
51.98,57.2,60.08,60.8,50,57.02,80.6,62.06,48.9,54,45,42.1,27,46.9,37.9,23,32,33.1,30.7,37,48.92
51.08,57.2,60.98,60.8,48.92,53.96,80.6,55.04,46,51.1,42.1,39.9,21.9,37,37.9,24.8,32,33.1,30,35.1,44.06
50,56.84,57.92,57.2,46.94,51.98,78.8,53.06,41,42.1,41,37.9,12.9,37.9,37,24.8,33.1,34,25.7,34,44.06
50,57.2,55.94,57.2,42.98,50,73.4,48.02,41,37,39.9,37,15.1,34,34,24.8,33.1,34,21.4,34,44.96
50,55.4,55.04,57.2,42.98,48.92,73.4,48.92,39.9,39,39,37,15.1,33.1,33.1,26.6,32,35.1,17.1,33.1,44.96
50,55.4,53.96,57.2,41,48.02,71.6,44.96,39.9,37,39,35.1,12,33.1,32,26.6,30,35.1,15.4,32,44.96
48.92,55.4,53.06,55.4,39.02,46.04,69.8,39.92,39,35.1,37.9,34,9,28.9,32,28.2,32,33.1,13.6,32,44.96
48.02,53.6,51.08,55.4,37.94,44.96,68,37.04,39,34,37.9,34,10.9,27,33.1,28.8,33.1,30,12,30.9,46.94
44.96,53.6,48.92,53.6,37.04,42.08,66.2,35.96,37.9,34,37,33.1,8.1,25,34,28.8,32,27,11.3,30,46.04
46.04,51.8,50,53.6,37.04,42.08,62.6,33.98,37.9,33.1,37,34,7,24.1,32,30.2,30.9,26.1,10.8,30,46.94
42.98,51.8,50,53.6,33.08,42.08,62.6,35.06,36,32,33.1,32,9,23,30,30.2,30,26.1,10,30,48.02
39.92,51.8,50,53.6,33.08,42.08,64.4,33.98,35.1,30.9,34,32,10,23,27,30.2,30,26.1,11.7,28.9,46.04
39.02,50,48.92,53.6,32,42.08,60.8,30.02,35.1,30.9,36,34,3.9,21.9,25,30.2,28.9,28.9,13.5,30,44.96
39.92,51.8,48.92,53.6,30.92,42.08,60.8,30.92,36,28.9,33.1,33.1,5,23,27,30.2,30.9,28.9,15.1,28.9,44.96
39.02,51.8,48.92,53.6,30.02,41,60.8,26.06,35.1,27,32,33.1,5,24.1,21.9,30.2,30.9,30,15.8,28,44.06
35.06,53.6,48.02,53.6,30.02,42.98,59,28.94,33.1,28.9,30.9,30.9,7,25,23,30.2,30.9,30.9,16.3,30,44.06
39.92,53.6,51.08,53.6,32,44.06,59,30.92,34,27,35.1,30.9,8.1,27,23,28.4,30.9,30,17.1,30,44.06
44.06,53.6,55.94,55.4,33.08,46.94,60.8,39.92,36,30.9,36,30,12.9,28,27,30.2,32,30,18.3,30,44.06
48.92,55.4,55.94,59,37.04,44.96,60.8,48.02,42.1,33.1,39,30.9,17.1,30,30.9,30.2,32,30.9,19.8,30.9,46.04
50,55.4,59,62.6,41,48.02,60.98,51.98,42.1,37,45,30.9,19,32,28.9,32,34,33.1,21,33.1,48.92
53.06,55.4,60.08,64.4,44.6,50,69.8,53.96,46,39.9,45,33.1,23,33.1,30.9,33.8,35.1,33.1,22.1,34,50
57.02,56.3,60.98,64.4,51.08,53.06,71.6,57.02,46.9,43,46,35.1,25,37,33.1,33.8,36,37.9,23,35.1,51.98
51.08,57.2,60.08,66.2,53.06,53.96,71.6,59,46.9,46,45,37,26.1,37,34,33.8,37,37.9,24.1,35.1,53.96
51.08,57.2,60.98,64.4,53.96,53.96,71.6,59,48.9,48,45,37.9,26.1,36,36,33.8,36,37.9,24.4,34,53.96
51.08,57.2,60.08,62.6,53.96,53.96,71.6,60.08,48.9,50,44.1,37.9,24.1,36,35.1,35.6,35.1,36,24.6,35.1,53.06
48.92,56.12,60.08,60.98,53.06,53.96,71.96,55.04,44.1,46.9,41,39.9,21.9,33.1,34,37.4,30.9,32,25,32,53.06
46.94,55.04,60.08,58.82,46.04,51.98,69.8,46.94,42.1,42.1,39.9,39.9,21.9,30,30.9,35.6,28.9,25,24.6,28,48.02
42.98,54.5,55.04,57.74,44.06,51.08,66.2,44.06,42.1,35.1,37.9,36,19,28.9,30,33.8,27,23,24.4,27,46.94
39.02,54.32,53.96,56.84,42.08,51.08,64.4,42.08,39,33.1,37,35.1,19.9,27,28.9,31.8,28.9,25,24.1,25,48.02
39.02,53.78,55.94,55.94,41,50,63.5,37.04,39.9,30.9,37,35.1,19.9,27,27,30.2,28.9,24.1,24.1,25,46.94
39.02,53.6,55.94,55.4,39.92,48.92,62.6,42.08,37.9,32,34,37,19.9,27,28,28.9,28,21.9,24.1,21.9,44.96
39.92,51.8,55.94,55.4,37.94,44.96,62.06,39.02,39,28,34,35.1,19,28,28,26.6,28,23,24.1,21.9,44.06
39.92,51.8,55.04,55.4,37.04,42.98,60.8,33.08,39.9,28.9,35.1,34,19,28.9,28,26.6,28,26.1,24.1,19,44.96
39.92,51.8,55.04,53.6,37.94,39.92,60.8,28.04,39.9,27,35.1,35.1,18,30.9,27,26.6,28.9,27,24.1,17.1,44.96
37.94,51.8,55.04,53.6,35.96,37.94,57.2,26.96,39.9,27,36,35.1,17.1,32,27,25.9,23,26.1,24.1,17.1,46.04
39.92,50,55.04,51.8,35.96,39.02,59,28.94,41,26.1,35.1,34,18,30.9,28,24.8,26.1,27,24.1,15.1,41
37.94,50,55.04,48.2,35.96,39.02,60.8,21.92,41,25,36,30.9,17.1,32,28.9,24.8,26.1,26.1,24.1,16,41
35.06,50,53.96,46.4,35.06,37.04,60.8,26.06,39.9,25,36,33.1,16,32,28,23,25,27,24.1,12.9,39.02
35.06,50,55.04,48.2,35.06,37.94,60.8,19.94,39.9,28,37,35.1,16,32,30,21.2,19,28,24.1,10.9,37.94
35.06,51.8,51.98,44.6,33.98,39.02,59.54,21.02,39.9,26.1,37.9,36,17.1,30.9,30,15.8,19.9,28,24.1,12.9,41
32,53.6,53.96,48.2,35.06,41,59.18,21.92,39.9,26.1,37,37,15.1,32,30.9,15.8,21.9,30,24.1,14,42.08
39.92,53.6,53.96,55.4,37.94,42.98,61.34,37.04,39.9,28.9,36,37.9,17.1,32,33.1,15.8,21.9,30.9,24.4,15.1,42.08
50,55.4,55.94,57.2,42.98,44.06,63.14,44.96,41,30.9,36,39.9,19.9,33.1,34,15.8,26.1,33.1,24.6,17.1,42.98
48.92,55.4,55.94,62.6,42.08,44.96,65.12,51.08,39.9,34,37,43,24.1,33.1,37,15.8,27,35.1,25,19,44.06
53.06,57.2,57.02,64.4,44.96,46.04,71.06,53.06,42.1,37.9,37,43,26.1,33.1,39,17.6,30,39,25,21.9,44.96
51.08,57.2,57.02,66.2,50,48.92,74.3,53.96,42.1,43,37.9,45,30.9,33.1,37.9,19.4,35.1,41,25,25,44.96
55.94,59,57.02,66.2,50,48.92,74.84,55.94,43,46,37.9,46,28.9,33.1,39.9,19.4,39.9,42.1,25,26.1,44.96
55.94,60.8,57.02,68,51.98,51.98,75.2,57.02,42.1,46.9,39,46,28,33.1,39.9,19.4,41,39.9,25.3,28,46.04
55.94,57.2,57.02,66.2,53.06,51.98,74.48,57.02,41,46.9,41,46,30,32,39,19.4,36,39.9,25.7,30,44.96
51.08,57.2,55.94,64.4,50.72,51.08,73.58,50,41,46,41,44.1,24.1,32,39,19.4,36,39,26.1,26.1,44.96
48.02,55.4,55.04,60.8,47.3,50,71.24,46.04,42.1,45,39.9,42.1,19,32,37,19.4,36,37.9,26.8,27,44.06
48.92,55.4,55.04,57.2,42.08,48.02,66.56,42.08,41,44.1,39.9,42.1,19,32,36,17.6,37,35.1,27.3,27,44.06
46.94,57.2,53.96,57.2,41.72,46.04,63.32,37.04,39.9,44.1,39.9,42.1,17.1,32,35.1,17.6,37,35.1,28,28,42.98
44.06,57.2,51.08,55.4,39.38,46.04,61.52,33.08,41,44.1,39.9,43,17.1,32,36,17.6,37,34,28.4,28,44.06
44.96,57.2,51.08,51.8,37.04,44.06,59.9,33.98,39.9,42.1,41,43,15.1,32,36,17.2,39,35.1,28.6,28.9,44.96
42.08,55.4,48.92,51.8,37.76,42.08,59,35.06,39.9,39.9,39,42.1,12.9,32,37,15.8,43,34,28.9,28,44.96
41,55.4,48.02,48.2,38.3,42.08,56.12,32,39.9,41,37,42.1,16,32,34,15.1,41,33.1,30.4,28.9,46.94
44.06,53.6,48.02,46.4,37.94,39.02,53.6,33.08,39.9,41,36,41,18,32,36,15.8,43,34,31.6,28.9,46.94
41,53.6,46.94,46.4,40.82,35.96,53.24,30.02,39.9,39.9,34,39.9,19,30.9,37.9,17.6,41,34,33.1,28.9,44.06
39.92,51.8,46.04,46.4,42.26,39.02,52.7,30.02,41,39,36,41,18,28,37,12.2,37.9,34,34,28.9,48.02
39.92,50.9,46.94,44.6,44.96,39.02,52.52,32,42.1,36,37,39.9,19,25,37,13.6,36,36,35.1,30,50
42.98,50,44.96,44.6,46.04,39.92,52.16,32,41,37.9,36,39.9,19,21.9,37,15.8,36,36,36,28.9,48.02
41,48.2,44.96,44.6,46.94,42.08,51.98,32,41,37,36,39,19.9,26.1,39,15.8,33.1,35.1,31.6,27,46.04
41,51.8,44.96,44.6,44.96,42.08,51.8,30.02,39.9,35.1,36,39.9,21,26.1,37,14,33.1,35.1,27.3,27,46.94
37.04,53.6,48.02,46.4,44.06,44.06,51.62,33.08,39.9,34,35.1,39,21.9,26.1,37.9,12.2,30.9,35.1,23,27,46.94
42.08,51.8,51.98,51.8,46.94,44.96,54.32,39.92,41,36,35.1,39,23,27,35.1,12.2,30.9,36,25,26.1,46.94
46.94,51.8,53.96,57.2,48.92,46.94,58.46,46.04,42.1,39,36,39.9,23,28.9,37,12.2,32,37.9,27,28,48.92
51.08,51.8,57.02,60.8,51.98,48.02,62.78,50,44.1,42.1,37,39.9,25,28.9,42.1,12.2,35.1,43,28.9,28,48.92
53.06,51.8,57.92,64.4,55.94,48.02,66.2,51.08,46.9,44.1,37.9,41,27,28.9,39.9,17.6,36,45,30.9,32,50
57.02,53.6,57.92,64.4,57.92,48.92,71.6,51.98,51.1,46.9,39,44.1,28,30.9,43,15.8,36,45,33.1,34,50
57.92,53.6,57.02,64.4,53.06,46.94,73.22,53.96,50,48.9,39,45,28,30.9,43,17.6,36,44.1,35.1,34,50
57.02,55.4,57.92,62.6,53.06,46.94,74.3,53.06,48,52,39.9,46.9,28,30.9,44.1,17.6,36,44.1,34.3,36,48.92
57.02,53.6,57.02,60.8,53.06,48.02,74.66,51.08,46.9,52,39.9,46,27,30.9,44.1,17.6,36,44.1,33.8,39,48.92
53.06,50,55.94,57.2,51.08,48.02,73.94,50,44.1,48,37,44.1,26.1,30.9,42.1,17.6,32,43,33.1,37.9,46.94
48.92,48.2,55.04,55.4,50,46.04,73.4,46.94,43,46,37,43,26.1,28,42.1,19.4,28,43,29.1,35.1,48.02
44.96,48.2,53.96,55.4,50,44.96,69.26,44.96,43,39.9,37,42.1,25,27,34,17.6,30,45,25,36,46.04
42.98,46.4,53.06,53.6,48.92,44.06,66.2,37.94,44.1,37,35.1,41,25,26.1,33.1,19.4,30,45,21,35.1,44.96
39.92,44.6,51.08,53.6,50,44.06,65.3,37.04,45,39.9,35.1,39.9,25,24.1,28.9,18.3,30,44.1,18.7,32,44.96
39.92,44.6,50,53.6,48.92,44.06,64.4,35.96,44.1,41,35.1,39.9,26.1,23,28.9,17.6,28.9,44.1,16.3,32,44.06
39.02,45.5,48.92,53.6,48.92,44.96,64.94,33.08,45,41,35.1,41,26.1,24.1,33.1,17.6,28.9,44.1,14,34,44.06
37.04,46.4,48.02,53.6,46.94,44.96,60.8,33.98,44.1,41,33.1,42.1,26.1,19.9,28.9,17.6,28,46,12.9,28.9,42.98
39.92,44.6,46.94,51.8,46.04,44.96,62.6,32,45,41,33.1,39.9,26.1,21.9,30,17.6,27,46,12,30.9,42.08
46.04,44.6,46.04,51.8,46.04,44.96,60.8,32,46,39.9,32,39.9,26.1,23,27,17.6,27,46,10.9,30,39.92
42.08,44.6,46.04,51.8,46.94,44.96,60.8,32,51.1,37,32,39.9,26.1,19,28,18.3,27,45,9,32,39.02
42.98,41,44.96,50,46.04,44.96,60.8,30.92,51.1,36,32,41,26.1,17.1,27,19.4,26.1,48.9,7,33.1,37.94
44.96,42.8,44.06,50,44.96,46.04,60.98,30.02,50,34,32,41,27,17.1,27,19.4,25,48.9,5,30.9,42.08
48.92,41.72,44.06,48.2,44.96,46.04,59,26.96,51.1,35.1,32,41,26.1,17.1,26.1,21.2,26.1,46.9,4.3,33.1,42.08
51.08,41,44.96,48.2,44.06,44.96,58.82,30.02,50,36,33.1,43,27,15.1,26.1,23,25,46,3.7,30.9,42.98
46.04,42.8,46.04,50,44.96,46.04,59,33.98,46,37,33.1,41,28,16,24.1,10.4,25,44.1,3,30.9,42.98
51.08,42.8,51.08,51.8,46.04,46.04,59,41,44.1,37.9,33.1,42.1,28.9,19.9,26.1,10.4,27,42.1,4.6,28,42.98
62.06,44.6,53.06,53.6,46.94,46.94,64.4,48.92,46.9,39,33.1,43,32,25,32,10.4,28.9,33.1,6.4,28.9,44.06
64.94,46.4,57.02,55.4,48.92,46.94,69.08,50,50,42.1,33.1,43,34,32,37.9,12.2,32,33.1,8.1,30,44.06
60.08,48.2,57.02,57.2,51.08,46.94,71.6,53.06,50,44.1,34,44.1,34,37,39,14,32,30.9,12.7,34,44.96
62.06,51.8,57.92,57.2,53.06,48.02,73.4,55.04,50,46,35.1,46,33.1,37.9,39,17.6,33.1,30.9,17.2,36,44.96
60.08,51.8,57.92,57.2,53.96,48.02,75.2,55.04,46.9,46.9,36,45,34,41,37.9,24.8,34,30,21.9,35.1,44.06
59,50,57.92,57.2,53.06,48.02,75.2,55.94,50,48,36,45,32,39.9,37.9,28.4,34,28,22.6,35.1,44.06
60.98,50,57.92,57.2,53.06,48.02,77,55.94,45,48,37,44.1,30.9,37.9,37,28.4,33.1,27,23.4,37.9,42.98
55.04,50,57.02,53.6,48.02,46.94,75.92,53.06,46.9,46,34,43,28.9,30.9,37,26.6,30.9,21.9,24.1,35.1,42.98
48.92,48.2,55.04,53.6,46.04,46.94,73.4,51.08,48,39.9,34,42.1,28,27,33.1,24.8,25,24.1,24.4,33.1,42.98
46.04,48.2,55.04,53.6,46.04,46.94,71.6,50,48,37,33.1,39.9,28.9,24.1,30,21.2,26.1,24.1,24.6,30.9,42.98
42.98,46.4,55.04,50,46.04,46.04,69.8,50,48,34,33.1,39.9,28.9,21,30,12.2,24.1,24.1,25,28.9,42.98
42.08,48.2,53.06,50,42.08,46.04,68,48.02,48,30,32,41,30,19.9,28.9,10.4,23,23,23.9,25,42.98
39.02,46.4,51.98,48.2,39.02,46.04,62.6,46.94,46.9,30.9,32,39.9,30,21,24.1,8.6,23,21,23,24.1,42.98
39.02,46.4,51.08,48.2,37.94,46.04,62.6,44.06,44.1,27,32,39.9,32,19.9,24.1,8.6,23,19,21.9,21,42.08
39.02,48.2,50,48.2,37.94,46.04,60.8,44.06,42.1,28,32,42.1,32,19.9,25,3.2,23,17.1,21.6,21.9,42.98
37.94,50,50,47.3,37.04,44.96,60.8,42.98,43,27,30.9,42.1,32,21,21.9,5,21.9,16,21.4,19.9,44.06
37.94,50,50,46.22,37.04,44.96,60.8,42.08,43,26.1,30.9,41,30.9,21.9,23,1.4,24.1,14,21,17.1,44.96
37.04,48.2,50,45.14,39.02,44.06,62.6,42.98,43,24.1,30.9,42.1,30.9,21,25,5,26.1,12,19.8,15.1,42.98
37.04,48.2,50,44.42,39.02,44.06,60.8,42.98,43,23,30,42.1,32,19,23,8.6,28,10,18.3,16,44.06
37.04,48.2,51.98,43.34,39.02,41,57.92,42.08,44.1,21.9,30,42.1,32,19,24.1,10.4,30,10,17.1,14,44.06
37.04,50,51.98,42.8,39.02,39.02,59,41,44.1,21.9,30,42.1,32,19.9,24.1,8.6,30,9,16.7,15.1,42.08
35.96,48.2,53.06,42.8,39.02,37.94,57.92,39.92,44.1,21,30,41,32,21,24.1,10.4,28.9,8.1,16.3,12.9,41
35.96,48.2,53.96,44.6,39.92,37.94,57.2,39.92,43,21,30,39.9,32,21,24.1,8.6,28.9,8.1,16,12,42.08
48.02,48.2,55.04,44.6,42.98,42.08,60.8,46.94,44.1,23,30,42.1,32,23,26.1,10.4,28.9,7,18.3,12,42.08
57.92,50,57.02,46.4,46.04,44.96,66.2,48.92,44.1,25,30.9,42.1,32,28,30,12.2,35.1,8.1,20.7,12,42.98
60.98,50,55.04,48.2,48.02,46.94,71.6,51.08,48.9,30,30.9,43,32,34,32,15.8,45,8.1,23,16,42.98
62.06,51.8,55.04,48.2,50,46.94,73.4,53.06,50,32,32,43,34,37,34,19.4,46.9,9,24.1,21.9,42.98
59,51.8,55.04,51.8,51.08,46.94,76.46,55.04,51.1,39.9,33.1,43,35.1,39,36,23,46.9,8.1,25,21.9,42.98
57.02,53.6,55.04,51.8,53.96,51.08,78.8,57.92,50,43,34,44.1,34,39,36,26.6,46,7,26.1,25,42.98
60.08,55.4,55.94,51.8,51.98,50,78.8,57.02,51.1,43,35.1,46.9,34,39,37,28.4,45,7,24.6,28,42.98
55.04,57.2,57.92,51.8,48.92,50,78.8,55.04,50,44.1,36,46.9,33.1,37.9,37,26.6,44.1,6.1,23.4,26.1,44.06
51.98,53.6,57.92,50,44.96,48.02,77.54,51.08,48,42.1,34,46,33.1,35.1,35.1,21.2,42.1,3.9,21.9,27,44.06
48.92,53.6,57.92,48.2,44.06,44.06,75.2,46.94,45,36,33.1,46,33.1,30,32,21.2,37.9,1,19.6,19.9,44.06
46.94,53.6,57.02,48.2,44.06,42.98,73.4,42.98,44.1,34,33.1,45,33.1,28,30,14,35.1,-2,17.4,18,42.98
44.96,53.6,57.02,48.2,44.06,39.92,71.24,42.98,43,30.9,33.1,45,34,26.1,30,10.4,36,-2.9,15.1,18,42.08
44.06,53.6,55.94,46.4,44.06,39.02,69.62,39.92,43,32,33.1,44.1,34,24.1,28.9,12.2,36,-2,11.7,18,37.04
42.98,51.8,55.04,44.6,44.06,39.92,68,35.96,41,28.9,33.1,43,33.1,21.9,28,12.2,33.1,-2.9,8.4,16,37.94
42.98,50,55.04,46.4,44.06,37.94,66.74,39.92,42.1,28,32,43,33.1,19.9,27,10.4,32,-4,5,17.1,37.04
44.06,50,55.04,46.4,42.08,37.04,65.66,39.02,42.1,26.1,32,43,32,19.9,27,10.4,32,-8,7.3,15.1,37.04
42.08,48.2,53.96,46.4,39.92,35.96,64.58,42.08,43,28,32,42.1,32,21.9,26.1,12.2,28,-8,9.7,12.9,39.92
42.08,48.2,53.96,46.4,39.02,35.06,63.86,42.98,43,27,32,42.1,32,19.9,25,15.8,30,-7.1,12,12,41
39.92,48.2,53.96,45.32,39.02,33.08,63.14,42.98,44.1,28,32,42.1,32,21.9,25,15.8,30.9,-7.1,13.1,12,39.92
46.94,50,51.98,44.6,39.02,33.08,62.42,42.08,44.1,28,33.1,42.1,32,18,24.1,14,32,-7.1,14,12,39.92
48.02,50,51.98,44.6,41,33.08,61.88,41,44.1,27,33.1,41,32,17.1,24.1,15.8,34,-8,15.1,9,39.92
48.02,50,53.06,44.6,39.92,32,61.34,41,44.1,26.1,34,39.9,32,17.1,23,15.8,35.1,-8,15.8,10.9,41
44.96,50,53.96,44.6,39.92,30.92,60.8,39.02,43,25,34,42.1,32,17.1,21.9,21.2,32,-8,16.3,7,37.04
48.02,48.2,53.96,44.6,39.92,32,60.8,39.02,43,26.1,35.1,41,32,17.1,19.9,19.4,33.1,-8,17.1,9,39.02
55.94,48.2,55.94,46.4,41,35.96,62.6,46.04,44.1,30,35.1,39.9,32,21,24.1,21.2,34,-8,18.3,7,37.94
57.02,50,57.92,46.4,46.04,39.02,64.4,50,53.1,32,36,39.9,32,26.1,28,24.8,33.1,-8,19.8,12.9,39.92
62.06,48.2,57.02,48.2,46.94,44.06,66.02,51.08,54,37,37.9,41,33.1,30,30.9,28.4,35.1,-7.1,21,15.1,41
66.92,48.2,59,50,49.64,46.94,69.8,53.06,54,39.9,39,41,33.1,35.1,33.1,35.6,37.9,-6,22.3,19,42.08
57.02,51.8,59,51.8,52.7,48.92,69.8,53.96,53.1,44.1,39,42.1,33.1,36,34,35.6,42.1,-5.1,23.7,21.9,42.08
59,51.8,57.92,51.8,54.32,51.08,71.6,55.94,52,45,41,42.1,33.1,36,35.1,35.6,41,-4,25,24.1,42.98
60.08,53.6,57.92,51.8,58.1,51.08,73.4,55.94,52,46,42.1,42.1,33.1,36,36,35.6,43,-5.1,26.1,25,42.08
57.02,50,57.92,46.4,57.92,51.98,73.4,55.94,53.1,46.9,42.1,43,33.1,37,37,35.6,42.1,-6,27,26.1,41
55.94,48.2,57.02,48.2,56.66,50,73.04,51.08,52,46.9,42.1,46,33.1,30.9,36,37.4,39.9,-7.1,28,26.1,41
51.98,48.2,55.94,46.4,53.42,44.96,70.7,44.96,52,39.9,43,46.9,33.1,27,34,37.4,37,-9.9,26.8,21.9,41
53.06,48.2,55.04,46.4,50.18,46.04,66.92,42.98,52,34,43,46.9,33.1,24.1,30,33.8,37,-13,25.3,19,39.92
51.98,46.4,53.96,46.4,50,42.98,64.4,42.08,51.1,33.1,44.1,46.9,33.1,23,27,33.8,35.1,-13,24.1,18,39.02
53.96,46.4,53.96,46.4,49.82,41,62.6,41,51.1,34,45,46.9,34,23,25,30.2,35.1,-11.9,24.8,18,39.92
55.04,46.4,53.06,44.6,49.46,39.02,60.44,39.02,50,28.9,45,46,33.1,24.1,25,30.2,35.1,-15,25.3,19,39.92
57.02,48.2,51.98,44.6,49.28,37.94,58.82,35.06,46.9,28.9,52,45,33.1,25,24.1,32,37,-15,26.1,18,39.92
62.96,44.6,51.08,44.6,48.02,35.96,57.2,35.06,45,30,53.1,45,33.1,26.1,27,30.2,39,-17,26.8,15.1,41
55.04,46.4,50,44.6,48.02,35.96,56.12,35.06,46,30,53.1,46,32,26.1,23,30.2,41,-16.1,27.3,16,39.92
53.06,46.4,50,42.8,48.92,35.06,55.4,35.96,45,28.9,52,46,32,27,21.9,30.2,39.9,-16.1,28,12,39.92
51.08,46.4,50,42.8,50,35.06,51.8,32,46,30.9,52,45,32,28,21,30.2,39.9,-17,29.7,12.9,39.92
48.92,46.4,48.92,39.2,48.92,33.98,50,33.98,46,28.9,51.1,46,32,28,24.1,29.8,41,-17,31.5,15.1,39.92
50,44.6,46.94,39.2,50,33.98,50,28.04,46.9,28.9,51.1,43,33.1,28.9,21.9,30.2,41,-18,33.1,16,39.92
50,46.4,46.94,39.2,48.92,33.08,51.8,30.02,48,28.9,51.1,43,33.1,28.9,19.9,30.6,41,-18,33.4,14,41
51.08,46.4,48.02,39.2,48.92,33.08,51.62,28.04,48.9,28.9,50,42.1,32,28.9,21.9,30.2,42.1,-16.1,33.6,12,42.08
50,46.4,51.98,39.2,50,33.08,51.8,30.02,50,28.9,50,46,32,28.9,21.9,30.2,42.1,-17,34,12.9,39.02
51.98,48.2,53.96,46.4,50,39.02,55.4,37.94,50,34,48.9,44.1,32,30.9,24.1,28.4,42.1,-17,36.3,10.9,39.92
53.06,51.8,57.02,50,51.08,42.98,59,44.96,51.1,37,50,46,33.1,32,30,30.2,43,-14.1,38.7,18,41
53.06,53.6,57.92,51.8,51.08,46.94,66.02,48.92,52,42.1,51.1,50,33.1,32,32,28.4,48,-11.9,41,19,42.08
55.94,55.4,59,55.4,51.98,50,69.8,51.98,51.1,45,51.1,53.1,34,33.1,35.1,28.4,51.1,-9.9,42.6,18,42.98
62.96,55.4,60.08,59,53.06,51.98,71.6,53.96,50,50,51.1,53.1,35.1,33.1,35.1,26.6,53.1,-9,44.4,21.9,42.98
66.02,57.2,60.08,60.8,53.06,53.06,71.6,55.04,53.1,50,53.1,50,35.1,34,35.1,26.6,54,-8,46,26.1,44.06
53.96,59,59,59,53.96,53.96,71.6,55.94,50,51.1,54,46.9,36,34,33.1,24.8,55,-7.1,45.3,27,44.06
55.04,59,57.92,59,53.06,53.06,71.6,55.94,48.9,52,53.1,46.9,35.1,34,30.9,24.8,54,-8,44.8,28,42.98
55.94,57.2,57.92,59,53.06,51.08,71.96,51.98,50,50,53.1,46.9,35.1,33.1,30.9,24.8,51.1,-9,44.1,28.9,42.08
51.08,53.6,57.02,55.4,51.08,48.02,69.8,46.94,50,44.1,52,46.9,34,33.1,28.9,24.8,48,-14.1,41.7,30,41
50,53.6,55.94,51.8,51.08,48.02,65.66,39.02,50,41,48.9,46.9,34,30,28.9,23,46.9,-15,39.4,28.9,39.92
48.92,51.8,55.04,48.2,50,44.96,62.6,37.94,50,39,50,46.9,35.1,26.1,28.9,22.3,45,-16.1,37,32,39.92
53.96,48.2,55.04,46.4,50,41,60.8,37.94,48,36,50,46,35.1,24.1,28,22.1,39.9,-18,36.3,30.9,37.94
53.96,48.2,55.04,46.4,50,37.94,57.2,33.08,48.9,35.1,50,46,35.1,21.9,28,22.3,41,-20,35.8,28.9,37.04
60.08,46.4,55.04,46.4,48.02,39.02,59,35.96,48.9,33.1,48.9,46,36,21.9,28.9,21.2,43,-20.9,35.1,30,33.98
53.96,46.4,55.94,46.4,48.92,42.98,57.2,39.02,50,33.1,50,45,33.1,19.9,28.9,21.2,43,-20,32.4,30,33.08
62.96,44.6,55.94,44.6,48.02,42.98,53.6,37.04,50,32,48,46,33.1,24.1,28.9,21.2,44.1,-23.1,29.7,28.9,33.98
60.08,44.6,53.96,42.8,46.94,39.92,51.8,37.04,50,30.9,46.9,46,34,21.9,28.9,21.2,44.1,-20.9,27,28.9,33.98
60.08,42.8,53.06,39.2,46.94,39.92,53.6,35.06,46,30,46.9,46,34,24.1,28.9,19.4,43,-20,26.1,28,32
55.04,42.8,53.06,39.2,46.94,39.92,51.8,33.08,46.9,28.9,45,43,35.1,24.1,28.9,19.4,45,-22,25,27,33.08
55.04,42.8,53.06,39.2,46.94,39.92,51.08,30.92,48,28.9,43,42.1,35.1,23,28.9,19.4,43,-18,24.1,30,32
53.06,39.2,53.06,35.6,46.94,39.02,51.8,26.96,48,26.1,45,43,34,23,28.9,19.4,46.9,-15,24.4,30,32
51.08,42.8,53.96,35.6,46.94,37.04,50,26.06,48,25,43,43,34,21.9,28.9,19.2,46.9,-14.1,24.6,26.1,33.08
50,44.6,53.96,41,46.04,39.02,50,26.06,48,25,43,43,34,21.9,28.9,19.4,46.9,-13,25,27,33.08
51.98,46.4,55.04,47.3,48.02,41,53.6,37.04,48.9,30,43,44.1,34,23,28.9,19.4,46.9,-14.1,27,30.9,33.98
55.94,48.2,57.02,53.6,49.64,42.08,57.2,41,50,36,45,45,35.1,24.1,30,19.4,51.1,-9.9,28.9,32,35.06
55.94,50,59,55.4,50.9,44.06,62.24,44.06,50,42.1,48.9,45,36,25,30.9,17.6,55.9,-8,30.9,34,37.94
55.94,52.88,60.08,57.2,51.8,44.96,66.2,46.04,51.1,48,48.9,45,37,27,32,19.4,59,-6,33.3,34,39.02
57.02,55.4,60.98,60.8,53.42,46.94,68,48.02,50,51.1,50,46,37,30,32,19.4,55,-4,35.6,43,39.92
59,55.4,60.98,62.6,53.6,48.02,69.8,48.02,46,53.1,51.1,45.1,37,30.9,32,17.6,55,-2.9,37.9,43,42.08
55.94,53.6,60.98,62.6,55.04,48.02,69.8,48.92,50,55,53.1,44.1,37,32,33.1,17.6,55.9,-2.9,37.9,44.1,42.08
55.94,55.4,60.08,64.4,55.04,48.02,71.6,48.02,50,57,51.1,44.1,37.9,33.1,33.1,15.8,55,-4,37.9,41,42.08
55.04,55.4,59,64.4,53.06,46.94,71.6,44.06,48.9,51.1,48,44.1,37,33.1,32,15.8,53.1,-6,37.9,37.9,39.02
53.96,55.4,57.02,55.4,50,44.96,66.2,37.04,48.9,46.9,46,44.1,37,34,32,15.8,51.1,-8,37,36,37.94
55.04,51.8,57.02,55.4,46.94,42.98,64.4,32,48,37.9,46.9,43,36,34,32,10.4,48.9,-11,36,33.1,39.02
53.96,51.8,55.94,51.8,46.04,42.08,61.7,28.94,48.9,34,48,44.1,36,33.1,33.1,12,48,-11.9,35.1,30,39.02
53.06,51.8,55.94,48.2,46.04,39.92,59.36,24.08,50,33.1,46.9,43,36,32,33.1,14,48,-11.9,34.3,28.9,39.02
53.06,50,55.04,48.2,44.96,37.94,57.2,24.08,50,34,48,44.1,36,32,33.1,15.8,48,-14.1,33.8,28,39.02
51.98,46.4,53.96,44.6,44.06,37.94,55.4,19.94,50,30,46.9,43,35.1,33.1,33.1,15.8,46,-17,33.1,28,39.02
51.08,44.6,53.06,42.8,44.96,37.04,55.4,19.94,50,30.9,48,43,35.1,33.1,39,14,46,-20,32.7,28,37.94
51.08,44.6,51.98,44.6,46.04,35.96,55.4,23,46,28.9,46.9,43,33.1,34,37,10.4,46.9,-18.9,32.4,25,37.94
51.08,44.6,51.08,41,42.08,35.06,53.6,26.06,46,28.9,45,45,32,34,32,10.4,46.9,-20,32,26.1,37.94
50,44.6,51.08,41,39.92,33.08,53.6,24.98,46,28,44.1,44.1,30.9,34,32,7.5,46.9,-20,32,26.1,37.94
51.08,44.6,50,39.2,39.02,33.08,53.6,21.92,46.9,28,43,46,32,34,34,5,48,-23.1,32,26.1,37.04
50,42.8,50,42.8,37.94,30.02,53.96,21.92,46.9,27,43,45,28.9,34,33.1,3.2,48,-23.1,32,28,33.08
50,42.8,48.92,39.2,39.92,32,53.6,19.94,46,25,42.1,43,27,34,33.1,3.2,46.9,-23.1,30.4,28,33.98
50,48.2,48.92,39.2,42.08,33.08,50.72,19.04,45,25,41,44.1,28,35.1,34,3.2,46.9,-22,28.6,28,35.06
50,48.2,51.08,46.4,42.98,33.98,48.2,26.06,45,25,39.9,43,28.9,35.1,35.1,3.2,46,-22,27,28,33.98
48.92,46.4,53.96,48.2,46.94,37.94,53.6,33.08,46,27,41,43,32,35.1,34,3.2,46,-20,28.2,28.9,33.08
48.92,48.2,55.04,53.6,48.92,42.08,55.4,35.96,46.9,30.9,43,45,36,35.1,39.9,5,48,-15,29.7,28.9,37.04
50,51.8,59,60.8,51.08,46.04,60.98,41,46.9,39.9,44.1,46,37,36,37,6.8,51.1,-14.1,30.9,30.9,41
50,53.6,60.08,64.4,51.98,48.92,62.6,46.04,51.1,46,45,46.9,39,37,37,8.6,54,-11,34.7,32,42.98
50,53.6,60.08,66.2,53.96,51.08,64.4,48.92,52,50,46,48.9,39.9,36,39.9,8.6,54,-8,38.3,33.1,42.08
50,54.68,60.98,66.2,53.96,51.08,66.2,50,52,52,45,52,41,37,41,8.6,53.1,-6,42.1,34,41
50,55.4,57.92,66.2,55.94,51.08,68.36,51.98,52,54,46,50,41,36,41,8.6,54,-5.1,40.6,33.1,41
50,57.2,57.92,66.2,55.04,51.08,69.8,51.98,53.1,54,46,52,39,35.1,42.1,8.6,52,-4,39.4,33.1,41
48.92,55.4,57.92,62.6,53.96,51.08,68,46.94,52,51.1,46,50,37,36,41,8.6,52,-5.1,37.9,33.1,39.02
48.92,55.4,57.02,59.36,51.08,44.06,68,44.96,51.1,44.1,46,48.9,37,35.1,39.9,8.6,51.1,-8,36,33.1,37.04
48.02,51.8,55.94,57.2,48.92,41,64.4,37.94,51.1,39.9,45,48.9,36,34,37,8.6,48,-14.1,34,33.1,35.96
46.94,51.8,55.04,53.6,46.04,39.92,64.4,37.04,50,39,45,50,35.1,34,36,6.8,48.9,-15,32,33.1,37.04
46.04,51.8,55.04,51.8,44.96,37.04,60.8,35.06,48.9,33.1,45,50,33.1,34,37,6.8,46,-15,30.7,33.1,37.04
44.96,50,53.96,50,48.02,35.06,57.2,30.92,50,34,44.1,50,33.1,34,36,7.3,45,-17,29.3,33.1,35.96
46.04,46.4,53.06,48.2,48.02,35.06,55.94,24.08,48,30.9,44.1,51.1,32,34,39,6.8,44.1,-15,28,32,33.08
42.98,46.4,53.06,46.4,46.94,37.04,55.4,24.08,48.9,30,44.1,48.9,30,34,37,5,44.1,-15,28.8,32,33.08
42.08,44.6,51.98,44.6,44.06,37.94,57.2,21.02,45,30.9,44.1,50,30,34,36,3.9,41,-17,29.3,33.1,35.06
44.06,42.8,53.06,44.6,44.06,37.04,55.4,19.94,44.1,27,43,46,30.9,34,36,3.2,41,-16.1,30,33.1,33.08
41,44.6,53.06,44.6,39.92,37.04,53.6,21.02,44.1,28.9,43,45,30,34,35.1,3,41,-0.9,29.7,33.1,30.92
39.92,44.6,53.06,42.8,41,39.02,51.8,21.02,43,28.9,43,43,30,34,35.1,3.2,39,0,29.3,33.1,30.92
39.92,44.6,53.06,42.8,39.92,37.04,50,23,42.1,25,39,43,30.9,33.1,34,3.2,39,1,28.9,33.1,32
39.92,44.6,53.06,41,41,37.94,50,23,42.1,25,39.9,43,32,33.1,34,3.2,36,3,27,33.1,30.92
37.94,46.4,51.98,41,42.08,39.02,50,24.98,44.1,25,37.9,42.1,32,33.1,37,1.4,37,5,25,33.1,32
35.96,46.4,53.96,41,42.98,39.92,48.2,24.98,41,24.1,37,42.1,36,34,34,-7.6,36,6.1,23,33.1,33.98
42.08,46.4,55.94,48.2,44.96,42.98,53.6,33.08,43,27,39,42.1,37.9,34,34,-11.2,37.9,9,27.3,33.1,35.06
46.04,46.4,57.02,53.6,48.02,46.04,59,37.04,44.1,28.9,42.1,44.1,37,36,36,-9.4,39,10.9,31.6,34,35.96
48.02,48.2,57.92,60.8,51.08,50,62.96,42.08,48,35.1,45,46,37,36,39.9,-4,46,14,36,34,35.96
48.02,51.8,59,62.6,53.06,53.06,66.2,44.96,46.9,44.1,48,46.9,37.9,37,44.1,-0.4,34,17.1,37.9,34,39.02
48.92,53.6,59,64.4,57.02,53.06,66.2,46.94,50,51.1,52,46,37,37.9,48.9,1.4,24.1,19,40.1,34,39.92
48.92,55.4,59,64.4,55.94,51.98,68,48.02,51.1,55,53.1,44.1,37,39,48,5,19.9,19.9,42.1,35.1,41
48.92,55.58,59,63.14,55.94,51.98,68,48.02,51.1,57.9,55.9,44.1,37,37.9,50,5,17.1,21.9,42.1,35.1,41
48.02,55.4,57.92,60.8,53.96,51.98,69.8,46.94,50,59,55.9,42.1,37,37,45,5,15.1,21.9,42.1,35.1,39.92
46.04,57.2,57.92,59,53.06,53.06,69.08,42.08,46.9,57,55,41,36,36,43,5,10.9,19.9,42.1,35.1,39.92
42.98,57.2,57.02,55.4,51.08,51.98,69.8,37.04,45,54,48,41,35.1,35.1,42.1,3.2,8.1,18,39.4,34,39.92
41,57.2,57.02,55.4,50,51.08,66.2,33.08,45,45,46,42.1,34,35.1,39,3.2,8.1,17.1,36.7,35.1,39.92
39.92,55.4,55.94,53.6,46.94,46.94,66.2,32,46,41,46.9,41,33.1,35.1,37.9,3.2,7,15.1,34,34,42.08
39.92,55.4,55.94,53.6,48.02,46.04,62.6,32,46.9,39,45,41,32,34,37,3.2,5,16,31.3,33.1,42.08
42.08,55.4,55.94,53.6,46.94,46.04,62.6,32,46.9,41,44.1,42.1,33.1,34,36,3.2,1,15.1,28.8,34,39.92
42.08,53.6,55.94,51.8,48.02,46.04,60.08,32,44.1,36,42.1,42.1,30.9,34,37.9,3.2,0,15.1,26.1,34,41
42.08,51.8,55.94,51.8,46.94,44.96,57.2,32,43,37,37.9,43,33.1,35.1,39.9,3.2,0,15.1,26.4,33.1,41
42.98,50.72,55.04,51.8,46.04,44.06,57.2,32,42.1,34,39.9,41,33.1,34,41,1.4,0,16,26.6,33.1,41
41,50,55.04,51.8,44.06,42.98,55.4,32,44.1,33.1,37.9,39.9,30.9,35.1,41,1.4,0,17.1,27,33.1,41
41,50,53.96,51.8,42.08,42.08,53.6,32,46.9,35.1,36,39.9,32,35.1,41,3.2,0,16,25.7,33.1,42.08
41,48.2,53.06,51.8,42.98,39.92,53.6,30.92,46.9,28.9,34,39.9,30.9,35.1,39,1.4,0,15.1,24.3,33.1,41
42.08,48.2,53.06,50,41,39.92,53.96,32,46,27,35.1,41,32,35.1,37.9,-0.4,0,14,23,34,42.08
41,48.2,55.04,50,39.92,39.92,53.6,32,45,27,30.9,42.1,33.1,35.1,39,0,0,16,21.7,34,42.98
39.92,50,57.02,50,42.08,39.92,55.4,30.92,44.1,26.1,32,41,33.1,34,37.9,-0.4,0,18,20.3,33.1,44.06
39.92,50,57.02,48.2,42.08,39.92,57.2,32,44.1,25,30.9,42.1,33.1,34,37.9,-0.4,0,17.1,19,33.1,44.96
42.08,51.8,57.92,50,44.96,44.06,53.6,33.98,44.1,32,33.1,43,33.1,36,37.9,-0.4,0,15.1,20.7,34,44.06
44.06,55.4,60.08,51.8,48.02,48.02,53.6,37.94,44.1,39,37.9,44.1,33.1,37,39,1.4,1,19,22.5,34,46.04
46.04,55.4,62.06,51.8,51.08,51.08,60.08,42.08,44.1,44.1,43,44.1,33.1,37,41,3.2,1,23,24.1,34,48.92
48.02,55.4,62.96,55.4,53.06,53.06,62.6,46.94,44.1,48,48,45,34,37,45,3.2,1.9,27,27.3,35.1,48.02
48.92,57.2,60.98,57.2,55.04,53.96,66.2,50,44.1,52,50,45,35.1,37.9,52,5,3,30,30.7,34,48.02
48.02,57.2,62.06,55.4,55.94,53.96,66.56,51.08,44.1,54,50,42.1,36,39,53.1,6.8,1.9,30.9,34,36,46.94
46.94,57.2,60.08,55.4,55.94,51.98,66.2,53.06,44.1,55,48,42.1,36,37.9,53.1,6.8,1.9,30,34.7,35.1,46.94
46.94,57.2,57.92,55.4,55.04,51.08,69.8,51.98,45,55.9,48,42.1,36,39,52,8.6,1.9,28.9,35.2,35.1,44.96
44.06,51.8,57.92,55.4,53.06,48.02,69.8,51.08,53.1,52,44.1,42.1,36,37,51.1,6.8,1,28.9,36,34,44.06
42.08,51.8,59,53.6,46.94,46.94,66.2,48.02,53.1,46.9,42.1,42.1,36,37.9,42.1,6.8,0,28.9,31.6,34,44.06
39.02,51.8,59,51.8,44.96,46.04,64.4,44.96,53.1,39.9,41,41,35.1,37.9,39,6.8,-0.9,27,27.3,34,42.26
41,50,59,51.8,46.04,46.04,62.6,42.08,53.1,37.9,39,41,35.1,36,37,8.6,-2.9,28,23,34,41.72
39.02,50,59,48.2,46.04,46.04,62.6,37.94,53.1,37.9,37.9,41,36,36,37,7.5,-4,28,23,35.1,41.18
38.48,49.1,57.92,47.48,44.96,46.76,60.98,37.04,49.8,39.7,37.8,42.1,34.5,35.6,37.8,10.2,-3.8,22.3,25,33.6,40.64
37.94,48.2,57.02,46.76,44.06,47.48,59.54,36.32,46.4,41.7,37.8,43.3,33.1,35.1,38.5,12.6,-3.8,16.5,27,32,40.28
37.4,47.3,55.94,46.04,42.98,48.2,57.92,35.42,43.2,43.5,37.6,44.4,31.8,34.7,39.2,15.1,-3.8,10.6,28.8,30.7,39.74
36.68,46.58,55.04,45.14,42.08,48.92,56.48,34.52,39.9,45.5,37.4,45.5,30.6,34.3,39.9,17.6,-3.8,4.8,30.6,29.1,39.38
36.14,45.68,53.96,44.42,41,49.64,54.86,33.62,36.7,47.3,37.2,46.6,29.1,34,40.6,20.1,-3.8,-1.1,32.2,27.7,39.2
35.6,44.78,53.06,43.7,40.1,50.36,53.42,32.9,33.3,49.3,37.2,47.8,27.7,33.4,41.4,22.5,-3.8,-6.9,34.2,26.1,39.02
35.06,43.88,51.98,42.98,39.02,51.08,51.8,32,30,51.1,37,48.9,26.1,33.1,42.1,24.8,-4,-13,36,24.4,39.2
33.44,41.9,50,41,39.02,51.08,48.92,33.08,28.9,53.1,37,46.9,25.7,33.1,41,17.6,-5.1,-13,34,24.1,39.2
31.64,44.96,48.92,41,42.08,51.08,48.2,32,30.9,48.9,37,48.9,25.3,33.1,41,17.6,-5.1,-13,34,24.1,39.38
30.02,43.88,48.92,43.88,41,51.08,46.4,30.92,30.9,48,37,50,25,34,41,14,-5.1,-13,35.1,24.1,37.94
33.62,46.94,53.96,43.88,41,51.08,46.4,37.94,30.9,44.1,37,48.9,25,37,42.1,10.4,-5.1,-11.9,37,24.1,39.02
37.4,48.92,57.02,48.92,44.06,51.98,50,44.06,33.1,44.1,37.9,48,25,44.1,43,12.2,-4,-11,39,25.3,39.02
41,51.98,62.06,53.96,44.96,51.98,55.4,50,34,45,39,51.1,25,46,44.1,15.8,-7.1,-0.9,39,26.8,39.02
44.96,55.94,64.04,56.84,46.04,51.98,60.08,53.06,36,45,41,44.1,25.7,46,46.9,17.6,-5.1,1.9,39.9,28,39.92
49.1,52.88,62.96,61.88,50,53.06,62.6,55.04,39,44.1,44.1,46.9,26.2,46.9,48,19.4,-2,6.1,39.9,29.7,44.06
53.06,51.98,62.96,59.9,51.98,53.06,64.4,55.94,39,43,45,50,27,46,46.9,26.6,0,10.9,44.1,31.5,46.94
52.7,52.88,64.94,59.9,53.06,55.04,64.4,57.02,39,43,46.9,53.1,27,46,46.9,26.6,1.9,16,45,33.1,48.02
52.34,52.88,66.02,61.88,53.96,57.02,66.2,57.02,39.9,42.1,48.9,54,27,43,48,28.4,3.9,18,41,33.8,48.02
51.98,53.96,66.92,60.98,55.04,59,66.2,55.94,41,42.1,46,54,27,42.1,46.9,28.4,5,18,39,34.3,46.94
47.66,51.98,62.96,59.9,53.06,59,66.02,50,39,42.1,43,52,27,39,48,28.4,3.9,16,39.9,35.1,46.04
43.34,51.62,59,56.84,48.92,55.94,64.4,46.04,34,42.1,39.9,48,27,39.9,48,26.6,1,14,37.9,32.7,46.04
39.02,51.98,57.02,54.86,44.96,55.04,62.6,42.98,30.9,41,37.9,48,27,35.1,46,24.8,0,12.9,37,30.4,44.96
37.94,50.9,57.02,53.96,42.98,55.04,59,39.92,28,41,37.9,45,27,35.1,46,15.8,-2.9,12.9,36,28,44.06
37.04,50,55.04,50.9,42.08,48.92,53.6,41,27,41,37.9,44.1,27,33.1,45,15.8,-4,14,34,27.7,44.06
35.96,46.94,53.06,51.98,39.02,50,53.6,39.92,27,41,35.1,44.1,27,33.1,44.1,12.2,-2.9,12.9,35.1,27.3,42.08
35.06,44.96,55.04,50.9,35.96,48.02,50,35.06,26.1,42.1,37.9,43,27,34,43,10.4,-5.1,12.9,34,27,41
33.98,46.94,55.04,48.92,35.96,46.94,51.8,33.98,26.1,43,36,45,27,34,43,14,-4,12.9,32,27.3,42.08
33.08,44.96,53.06,46.94,37.04,44.96,50,32,26.1,44.1,35.1,39,27,33.1,39.9,17.6,-5.1,10,30,27.7,41
32.36,45.86,51.98,47.84,33.08,46.04,48.2,37.04,27,43,34,41,27.3,33.1,41,19.4,-7.1,8.1,30,28,41
31.64,46.4,50,47.84,33.08,42.98,48.2,28.04,28,44.1,36,41,27.7,34,39.9,21.2,1.9,10.9,27,27.7,42.08
30.92,46.94,48.92,44.96,33.08,44.06,46.4,26.96,28.9,46,34,39.9,28,33.1,39.9,21.2,3.9,10.9,23,27.3,42.08
29.3,45.86,46.94,42.98,30.92,42.08,44.96,26.96,30,46.9,32,39,27.3,36,41,21.2,1,10.9,19.9,27,44.96
27.68,46.94,48.92,44.96,30.92,39.02,44.6,24.08,30,46.9,34,42.1,26.8,37,39,21.2,0,9,17.1,24.6,44.06
26.06,46.94,51.08,42.98,30.02,37.94,44.6,24.98,30.9,46.9,30.9,42.1,26.1,37,37,21.2,-2.9,7,18,22.3,44.06
32.72,45.86,51.98,45.86,30.92,39.92,44.6,33.08,30.9,48,34,41,26.1,37,36,21.2,3,5,18,19.9,44.06
39.38,50,55.94,50.9,35.96,42.08,48.2,41,32,48,35.1,41,26.1,37,37.9,21.2,3.9,5,17.1,24.3,46.04
46.04,50.54,60.98,56.3,44.06,44.96,51.8,46.94,33.1,50,37.9,46,26.1,39,37.9,23,1.9,7,18,28.8,46.94
47.66,50.9,62.96,60.98,48.92,46.04,60.08,51.98,36,46.9,43,46.9,26.4,39.9,39.9,24.8,8.1,8.1,24.1,33.1,48.02
49.46,50.9,64.04,61.88,51.98,48.92,64.4,53.96,39.9,48,44.1,51.1,26.6,39.9,46,26.6,12.9,10,30.9,34.7,46.94
51.08,50.9,66.02,62.96,53.96,51.08,66.2,55.58,41,51.1,45,53.1,27,41,46.9,26.6,12.9,12.9,34,36.3,48.02
51.08,50.9,62.96,63.86,55.94,51.08,68,56.48,42.1,51.1,45,52,27,41,45,26.6,12.9,12,37,37.9,50
51.08,51.98,60.08,66.92,57.02,53.96,68,57.02,42.1,51.1,45,50,27,41,44.1,26.6,16,12,36,37.9,51.08
51.08,51.98,59,64.76,57.92,53.96,69.8,55.94,41,51.1,43,51.1,27,41,42.1,26.6,15.1,12,36,37.9,48.92
46.76,50.9,57.92,61.88,55.94,53.96,68,51.08,41,50,42.1,51.1,26.6,37.9,41,24.8,12,10.9,32,37.9,48.02
42.26,48.92,57.92,59.9,51.08,51.08,66.2,46.04,42.1,48,39,51.1,26.4,37,39.9,19.4,8.1,9,27,34,46.94
37.94,50,57.02,59,51.08,48.02,62.6,42.98,42.1,48,39,51.1,26.1,36,39,19.4,6.1,6.1,21.9,30,46.94
36.32,50,57.02,55.94,48.02,46.04,59,42.98,41,46.9,39.9,50,26.1,35.1,37.9,15.8,3.9,6.1,19.9,26.1,48.02
34.7,50,55.94,54.86,44.96,46.04,57.2,41,42.1,44.1,39,46,26.1,36,37.9,15.8,3,5,17.1,24.1,48.02
33.08,45.86,53.96,52.88,44.96,44.96,55.4,37.94,42.1,45,39,46.9,26.1,34,37.9,14,1.9,3.9,16,21.9,48.02
32.72,45.86,55.04,50,42.98,42.08,55.04,35.06,43,43,39,46.9,26.1,34,37,8.6,1.9,3,15.1,19.9,48.02
32.36,47.84,55.04,50,42.08,41,53.6,30.92,43,43,37.9,48,26.1,33.1,37,8.6,0,1,14,18.7,48.02
32,44.96,53.96,46.94,39.92,39.92,55.4,32,45,42.1,37.9,46,26.1,30.9,37,12.2,0,1.9,16,17.2,48.02
32.72,46.94,51.98,46.94,39.02,39.92,55.4,30.02,44.1,41,37.9,46.9,26.1,28.9,36,17.6,0,1.9,15.1,16,48.02
33.26,46.94,51.08,45.86,39.02,37.94,53.6,28.04,46,39.9,35.1,46.9,26.1,28,36,17.6,-4,3,17.1,16,46.94
33.98,44.96,50,45.86,37.04,37.04,53.6,28.04,42.1,41,35.1,45,26.1,27,36,15.8,-6,1.9,19,16,46.04
34.34,43.88,48.92,43.88,35.96,37.04,53.96,28.04,39.9,39,35.1,45,26.1,27,36,15.8,-4,1.9,21.9,16,46.04
34.7,42.98,48.92,43.88,35.96,37.04,53.6,26.06,39,39.9,36,45,26.1,26.1,36,14,-8,1.9,21.9,13.6,46.04
35.06,45.86,48.02,43.88,33.98,37.04,53.6,26.96,39,39,34,44.1,26.1,26.1,37,12.2,-7.1,1.9,21.9,11.3,46.04
38.3,46.94,53.06,45.86,37.04,37.94,53.6,33.08,37.9,37.9,35.1,45,27,25,37,12.2,-4,1,24.1,9,46.94
41.72,47.84,55.94,47.84,42.98,44.06,53.6,42.98,39,39.9,37,45,28,28.9,37,12.2,-0.9,1.9,24.1,12.6,46.04
44.96,50.9,60.08,51.98,48.02,50,55.4,50,39.9,41,39.9,46.9,28.9,33.1,37,12.2,12.9,5,25,16.3,46.04
48.38,53.96,62.06,55.94,51.98,51.98,59,53.06,41,45,43,50,29.7,37,37,17.6,9,6.1,26.1,19.9,46.04
51.62,52.88,62.06,56.84,55.94,55.94,62.6,55.94,42.1,50,45,51.1,30.2,41,39,19.4,10,8.1,27,23.4,46.04
55.04,59,62.06,57.92,57.02,57.92,62.6,57.92,43,53.1,45,48.9,30.9,43,43,21.2,19,10,28,26.6,46.04
54.32,54.86,62.06,59,59,60.98,64.4,60.08,44.1,55.9,45,51.1,32,45,46,23,15.1,10.9,30.9,30,46.94
53.78,48.92,60.08,59.9,59,62.06,66.2,60.98,44.1,57,45,50,32.9,46,46.9,24.8,25,12,32,30.4,46.94
53.06,57.92,57.92,59,60.08,62.06,66.2,60.08,44.1,55.9,44.1,48,34,42.1,46.9,26.6,17.1,12,32,30.6,46.94
47.66,56.84,57.92,59,59,60.08,64.94,55.04,42.1,54,39.9,48,31.6,37,46,24.8,16,9,30,30.9,46.94
42.44,53.96,57.02,59,53.06,55.94,60.8,46.94,41,50,37.9,48,29.3,33.1,44.1,19.4,16,7,30,27.7,46.04
37.04,51.98,55.94,55.94,51.98,53.06,58.64,44.06,41,46.9,37,48,27,34,41,17.6,18,1.9,30,24.3,46.04
35.78,51.98,55.94,54.86,48.02,50,57.2,37.04,39.9,45,37,48,25.3,32,37.9,15.8,18,0,30,21,46.04
34.34,51.98,55.04,51.98,44.96,48.02,55.4,35.96,39,42.1,36,46.9,23.5,32,34,17.6,17.1,-0.9,28.9,20.3,48.02
33.08,50.9,53.06,51.98,44.96,46.04,55.4,32,37.9,42.1,36,46,21.9,32,30,15.8,12.9,-2,28.9,19.8,46.94
34.7,50.9,55.94,51.98,41,42.98,53.06,28.94,37,37.9,36,45,21.2,30.9,33.1,12.2,10.9,-5.1,28.9,19,48.02
36.32,50.9,55.94,47.84,42.08,39.92,53.6,26.96,37,35.1,36,44.1,20.7,32,28,12.2,9,-6,28.9,18.7,48.02
37.94,50,55.04,46.94,41,39.92,53.6,30.92,37,36,37,45,19.9,28.9,27,10.4,9,-5.1,28.9,18.3,48.92
37.94,50,53.96,47.84,42.08,37.94,51.8,26.96,37,36,36,45,19.2,28.9,27,10.4,7,-7.1,28,18,48.02
37.94,46.94,51.98,46.94,41,39.92,50,24.98,36,33.1,35.1,45,18.7,30,28,6.8,7,-7.1,28,16.7,48.92
37.94,47.84,51.98,46.94,41,37.04,47.84,24.08,35.1,33.1,36,45,18,30,28,6.8,7,-8,27,15.3,48.92
36.68,46.94,51.08,46.94,42.08,37.04,46.04,24.08,35.1,33.1,35.1,45,17.2,30.9,26.1,6.8,6.1,-5.1,28,14,48.02
35.24,43.88,50,46.94,41,35.96,44.6,24.08,35.1,30.9,36,45,16.7,30,27,8.6,5,-2.9,28,13.6,48.02
33.98,38.84,50,46.94,39.92,35.96,44.6,26.06,34,32,34,45,16,28,28.9,8.6,5,-4,28,13.3,46.04
38.66,41.9,50,45.86,42.08,37.94,44.6,32,35.1,34,35.1,46,17.1,28,26.1,8.6,6.1,-4,28.9,12.9,44.96
43.34,50,53.06,45.86,42.98,44.96,46.4,39.92,37,36,37.9,46,18,30.9,28.9,10.4,1.9,-4,28.9,16.7,46.04
48.02,50.9,57.02,48.92,51.98,48.92,51.8,46.94,37.9,37.9,39.9,46.9,19,32,35.1,12.2,1.9,-2,28,20.3,46.94
50.36,52.88,62.06,53.96,51.98,53.06,55.94,51.98,41,41,41,48,20.3,36,39.9,17.6,1.9,0,28.9,24.1,48.02
52.7,54.86,62.06,55.94,53.06,55.94,59,55.94,43,46.9,42.1,48,21.7,37,43,19.4,1.9,0,30.9,26.4,46.94
55.04,55.94,62.96,54.86,55.04,57.02,60.8,57.02,46,50,45,46.9,23,39.9,45,26.6,3,1,30,28.6,48.02
53.96,56.84,60.98,57.92,55.94,60.08,64.4,57.02,48,50,46,46,22.6,42.1,46.9,28.4,3,1,32,30.9,48.02
53.06,54.86,62.06,59.9,57.02,60.08,66.2,57.92,48,52,44.1,46,22.3,43,46.9,30.2,1.9,1,32,31.3,48.02
51.98,56.84,64.04,59.9,57.02,60.08,66.2,57.92,48,53.1,43,46,21.9,41,48,28.4,1.9,0,30.9,31.6,48.02
47.66,56.84,60.08,59,53.96,59,64.94,55.94,46,52,41,45,21,37.9,46.9,26.6,1,0,30.9,32,46.04
43.34,52.88,57.02,56.84,51.08,53.96,64.22,46.04,42.1,48,39,45,19.9,36,43,26.6,1,-0.9,30,28.6,44.96
39.02,50,57.02,55.94,48.02,53.06,61.34,44.06,39.9,44.1,39,44.1,19,36,35.1,24.8,1,-2,28.9,25.3,44.96
37.94,48.92,55.94,55.94,46.94,50,59,37.94,37,44.1,37,43,17.8,37,36,21.2,1,-2.9,28,21.9,39.92
37.04,48.92,55.94,53.96,44.06,48.02,57.2,37.04,37,43,37,43,16.3,35.1,37,19.4,1,-2.9,28,20.3,42.98
35.96,48.92,55.94,53.96,44.06,44.96,57.2,33.98,37.9,43,36,43,15.1,35.1,36,21.2,0,-2.9,28,18.7,44.06
35.6,48.92,53.96,53.96,42.08,42.98,55.94,37.04,35.1,42.1,35.1,43,14.7,33.1,36,21.2,0,-4,28,17.1,41
35.42,46.94,55.04,54.86,37.94,42.08,53.6,33.08,35.1,39.9,35.1,43,14.4,36,36,23,-0.9,-4,28,16,42.08
35.06,45.86,55.94,52.88,35.96,39.92,53.6,32,34,39,33.1,43,14,34,35.1,26.6,-0.9,-2.9,28,15.1,41
36.68,44.96,55.04,50.9,37.04,37.94,50,32,34,37,34,42.1,13.6,30.9,34,24.8,-0.9,-4,28,14,39.92
38.3,44.96,53.06,51.44,35.06,39.02,51.8,30.92,35.1,36,35.1,42.1,13.3,34,34,26.6,-2,-4,28,12,35.96
39.92,42.98,51.98,51.98,35.06,37.04,46.4,32,37,37,35.1,41,12.9,32,34,21.2,-2.9,-4,28,10,37.04
39.2,41,51.98,51.98,35.06,37.04,44.06,30.02,36,34,33.1,39.9,10.9,30.9,34,26.6,-2.9,-4,27,8.1,35.06
38.66,41.9,53.06,50.9,33.98,37.04,46.4,28.94,35.1,36,32,37.9,9,30,34,30.2,-2.9,-4,27,8.1,33.98
37.94,44.96,55.04,50,33.08,35.96,44.6,28.04,35.1,35.1,35.1,39,7,30.9,34,30.2,-2.9,-4,27,8.1,33.08
41.54,43.88,53.96,50.9,35.96,37.94,46.4,33.08,35.1,33.1,36,39,9.3,28,30.9,28.4,-2.9,-4,27,8.1,35.06
45.32,46.94,57.92,53.96,42.08,44.06,53.6,42.08,37.9,33.1,36,39.9,11.7,33.1,30.9,26.6,-2,-5.1,27,10.8,39.02
48.92,51.98,62.06,56.84,48.02,48.92,57.2,48.02,39.9,39.9,37,41,14,37.9,36,28.4,-0.9,-2.9,27,13.3,42.08
50.36,51.98,64.04,59.9,53.06,51.98,60.8,55.04,46.9,45,39.9,42.1,17.4,43,42.1,28.4,1.9,-0.9,28.9,16,44.06
51.62,53.96,66.92,60.98,55.94,55.94,64.4,57.02,48.9,50,41,44.1,20.7,46,45,28.4,5,1.9,34,19.9,44.06
53.06,51.98,66.92,61.88,57.92,57.92,66.2,60.08,51.1,54,43,44.1,24.1,46.9,46.9,30.2,3,3,35.1,24.1,44.96
52.7,54.86,66.02,61.88,57.02,59,66.2,60.98,50,57.9,44.1,46,24.8,46.9,48.9,30.2,3,1.9,37,28,44.96
52.34,54.86,64.04,60.98,57.92,59,67.28,60.08,50,60.1,43,46.9,25.3,48.9,50,32,5,1.9,37.9,29.3,44.06
51.98,54.86,62.06,60.44,57.92,59,68,60.08,48,62.1,42.1,46.9,26.1,45,51.1,32,1.9,1.9,39,30.7,44.06
48.92,54.86,60.98,59,55.94,57.92,66.92,57.02,48,57.9,39.9,45,24.1,43,51.1,30.2,0,1,37,32,42.98
46.04,54.86,60.08,56.84,53.96,55.04,64.4,46.94,48,54,39,42.1,21.9,35.1,48.9,28.4,-4,-0.9,30.9,28,42.08
42.98,53.96,60.08,56.84,50,53.06,62.6,42.98,48,48,39,43,19.9,33.1,37,28.4,-2,-0.9,26.1,23.9,42.08
41.36,51.98,59,54.86,48.02,50,62.6,35.96,46.9,44.1,39,41,19,32,37,26.6,-2,0,26.1,19.9,39.92
39.56,51.98,59,52.88,46.04,48.02,57.2,33.98,44.1,39.9,39,41,18,28.9,35.1,26.6,-2.9,-0.9,25,18.7,42.08
37.94,52.88,59,51.26,44.06,44.96,57.2,33.98,42.1,39,39,39.9,17.1,28,34,24.8,-0.9,6.1,26.1,17.2,42.08
35.24,52.88,59,50,42.98,42.98,55.4,33.08,42.1,37.9,39,41,16.3,28.9,33.1,24.8,-2,12,25,16,41
32.72,52.88,59,48.92,42.98,39.02,55.4,30.92,42.1,36,39,42.1,15.8,28,34,19.4,1.9,23,24.1,14.7,41
30.02,50.9,59,50,44.06,39.92,53.6,32,43,35.1,39,39,15.1,27,33.1,19.4,1,25,23,13.3,39.92
30.38,50.9,59,48.92,44.96,37.04,51.8,33.98,43,35.1,39,37,14,28.9,34,17.6,14,28.9,23,12,39.92
30.56,50.9,59,50,44.06,37.04,51.8,33.08,41,32,39,39.9,13.1,27,32,8.6,16,30,21.9,10,39.92
30.92,50,59,48.92,44.06,35.96,50,35.96,42.1,30.9,39,39.9,12,27,34,6.8,18,30.9,21.9,8.1,39.92
29.3,50,57.92,48.92,44.96,37.94,51.8,33.08,41,30,39,39.9,10.9,26.1,30,6.8,21,30.9,21,6.1,42.08
27.68,50.9,55.94,47.84,44.96,35.96,51.8,32,41,28,39,39,10,25,30,3.2,23,33.1,19.9,5.7,41
26.06,50,55.94,47.12,44.96,35.96,50,33.08,41,27,39,37.9,9,24.1,32,3.2,23,33.1,19,5.4,39.92
31.46,50,57.92,48.92,46.94,37.94,50,35.06,41,28,37.9,39,11.7,25,27,3.2,24.1,32,18,5,39.92
36.68,50,60.98,50.9,48.92,44.06,53.6,39.92,42.1,30.9,39,39,14.4,30,30.9,8.6,24.1,34,18,10.6,42.08
42.08,51.98,62.06,53.96,48.92,46.94,57.2,46.04,42.1,34,41,41,17.1,36,37.9,10.4,26.1,34,19,16.3,42.98
46.04,52.88,64.04,56.84,48.02,50,60.98,50,42.1,44.1,45,42.1,20.7,39.9,43,17.6,26.1,36,19.9,21.9,44.06
50,52.88,64.04,59.36,48.02,53.96,62.6,53.06,43,50,45,44.1,24.4,43,44.1,19.4,28.9,37.9,23,25,44.06
53.96,53.96,64.04,60.98,48.92,57.02,64.4,53.96,43,55,46.9,46,28,45,46.9,23,30.9,39,25,27.9,44.96
54.32,53.96,64.04,61.88,50,60.08,64.4,55.04,43,59,46.9,46.9,28.9,46,48.9,24.8,33.1,39.9,28.9,30.9,44.06
54.68,53.96,64.04,61.88,51.08,60.98,66.2,55.94,48,62.1,46,46.9,30,46,48.9,24.8,39.9,39.9,30,31.6,44.96
55.04,52.88,62.96,61.88,51.08,60.98,66.2,55.94,48.9,63,46,46,30.9,45,50,26.6,37.9,37.9,28.9,32.4,44.96
50.72,52.88,60.98,60.08,50,59,66.02,51.08,48.9,57.9,43,45,28.2,42.1,50,24.8,39,34,26.1,33.1,42.98
46.4,51.98,59,57.92,50,57.02,64.4,46.04,48.9,53.1,39.9,39.9,25.7,37,48,24.8,39,30.9,25,29.7,39.92
42.08,51.98,59,55.94,50,53.06,62.6,44.96,48.9,45,39.9,39,23,34,39,24.8,37.9,28,25,26.4,39.92
40.1,51.98,57.92,55.94,50,48.92,60.8,39.92,48.9,43,39.9,39,21.9,32,35.1,23,35.1,25,24.1,23,39.92
37.94,51.98,57.92,55.94,51.08,48.02,57.92,39.02,45,39,39.9,37.9,21,30.9,34,24.8,34,21,24.1,21,39.02
35.96,51.98,57.02,52.88,50,44.06,55.4,37.04,46.9,41,39,37.9,19.9,28.9,34,24.8,33.1,21,24.1,19,35.96
34.34,51.98,57.92,51.98,48.92,42.98,51.08,30.02,48.9,37.9,39.9,37.9,19.6,28.9,35.1,23,32,19.9,24.1,17.1,35.06
32.54,52.88,57.92,52.88,48.92,42.08,48.2,28.94,44.1,37,39.9,37.9,19.4,27,33.1,21.2,30,19,21.9,17.1,32
30.92,52.88,57.92,51.98,50,41,51.8,26.96,48.9,37,39,39.9,19,28,32,21.2,28.9,19,21.9,17.1,33.08
30.56,52.88,57.02,50.9,50,41,46.4,26.06,48.9,34,39,39,19.4,26.1,33.1,21.2,26.1,19,19.9,17.1,30.92
30.38,52.88,57.02,50,48.92,41,48.2,24.08,48,33.1,39,39,19.6,26.1,28.9,21.2,23,19,19,15.4,33.08
30.02,51.98,55.94,50,50,39.02,46.4,26.06,48,32,37.9,39,19.9,25,26.1,21.2,21.9,18,19.9,13.6,33.08
30.38,51.98,55.94,50,50,39.92,46.04,26.06,48,32,37.9,39,19.9,23,28.9,21.2,19.9,21,19,12,32
30.56,51.98,55.94,50,51.08,39.92,48.2,23,48,32,37.9,37,19.9,24.1,28.9,19.4,19,26.1,18,11.3,32
30.92,51.98,55.04,50.9,51.08,39.02,46.4,21.92,48,32,37.9,37.9,19.9,24.1,28.9,17.6,21,30.9,18,10.8,30.02
36.68,51.98,55.04,50,51.08,39.92,44.6,28.04,48.9,33.1,37.9,37,21,25,27,15.8,19.9,34,18,10,33.08
42.26,53.96,55.94,50.9,51.08,44.96,48.2,37.04,48.9,36,41,37.9,21.9,30,30.9,17.6,21,36,18,13.6,32
48.02,54.86,57.92,51.98,51.08,50,53.6,44.96,50,39.9,43,39.9,23,36,37,17.6,21.9,37,18,17.4,37.94
50.72,56.84,60.08,51.98,51.98,53.06,60.08,46.94,50,42.1,46,41,26.4,37,39.9,19.4,27,39,19,21,41
53.24,55.94,62.06,54.86,53.96,55.94,60.8,51.08,50,46.9,48.9,42.1,29.7,42.1,43,24.8,30.9,39.9,23,24.1,41
55.94,56.84,62.06,56.84,53.96,57.92,66.2,53.06,48.9,50,48.9,44.1,33.1,45,45,24.8,35.1,42.1,27,27,41
57.38,57.92,62.06,57.92,53.96,59,69.8,57.02,48.9,53.1,48.9,46,34,46,48,26.6,34,42.1,28,30,42.08
58.64,55.94,62.06,59,55.94,59,69.8,57.02,48.9,53.1,46.9,46.9,35.1,46.9,48.9,26.6,36,42.1,28.9,31.1,41
60.08,51.98,60.98,58.28,55.94,59,71.24,55.04,48.9,53.1,45,46,36,45,48,24.8,36,41,30,32,42.98
51.08,50.9,60.08,56.84,55.94,57.92,71.78,51.08,48.9,52,42.1,45,32.4,42.1,51.1,26.6,36,41,28,33.1,39.92
42.08,50.9,57.92,52.88,55.04,53.06,71.6,44.96,48,48.9,39.9,43,28.6,41,46.9,24.8,35.1,36,26.1,30.7,37.94
33.08,50.9,57.92,53.96,55.04,51.08,66.74,44.96,48,46.9,39.9,42.1,25,32,39,21.2,33.1,36,24.1,28.4,35.06
31.46,50.9,57.02,52.88,55.04,50,62.6,41,46,45,41,41,25,32,34,21.2,34,34,24.1,26.1,33.98
29.66,50.9,55.94,52.88,53.06,46.94,59,39.92,46,43,42.1,39,25,28.9,28,19.4,34,34,21,23.7,37.04
28.04,50,55.04,52.88,51.08,46.04,55.4,37.04,45,43,41,36,25,30,32,15.8,37,33.1,19.9,21.4,35.96
28.94,48.92,55.04,51.98,51.08,44.96,51.98,33.98,45,42.1,39.9,37,23.9,30.9,28,15.8,37,33.1,19.9,19,35.96
30.02,48.92,55.04,50,50,41,53.6,33.98,45,43,39.9,37.9,23,30,28,6.8,37,35.1,19,17.8,35.96
30.92,48.92,53.96,50.9,48.92,39.92,55.4,28.94,45,42.1,37.9,36,21.9,30,30,8.6,37,34,18,16.3,35.06
33.62,48.92,51.08,50.9,48.92,39.92,55.4,26.96,45,39.9,39,33.1,21,28,30,12.2,37,33.1,19,15.1,33.98
36.32,47.84,48.92,50.9,48.92,37.94,55.4,28.94,45,37.9,37,34,19.9,30,30.9,14,37.9,30.9,18,14,33.98
39.02,47.84,48.92,50,50,35.06,53.6,30.92,45,39,37.9,34,19,30,28,15.8,36,28,18,13.1,33.98
40.1,45.86,50,50,50,35.06,51.98,30.92,45,37.9,37.9,34,20.3,30.9,26.1,15.8,33.1,26.1,16,12,32
41,46.94,48.92,50.9,50,33.98,50,32,44.1,39,37.9,30.9,21.7,30.9,28,15.8,33.1,25,16,10.9,33.08
42.08,46.94,48.02,48.92,51.98,33.08,50,33.08,46,37.9,37,30.9,23,32,30,14,32,23,15.1,10,33.98
44.78,46.94,51.98,50,51.98,37.04,50,35.06,45,37,37,30.9,28.6,32,30,15.8,32,23,14,9,35.96
47.3,47.84,57.02,51.98,53.06,42.08,53.6,37.94,46,41,37.9,33.1,34.3,33.1,30,15.8,30.9,21.9,15.1,12,37.04
50,50,57.92,54.86,55.04,46.94,55.4,41,50,44.1,39,36,39.9,36,37.9,17.6,30,23,17.1,14.9,41
53.42,53.96,59,57.92,55.94,50,60.08,44.06,50,48.9,41,39,41,37.9,39.9,19.4,30.9,23,19,18,42.98
56.66,54.86,66.02,56.84,55.94,53.06,62.6,48.02,51.1,52,44.1,41,41.9,43,44.1,23,30.9,25,21.9,22.3,42.98
60.08,54.86,68,59.9,57.02,55.04,64.4,50,52,57.9,46.9,43,43,45,45,23,27,28,24.1,26.6,44.96
60.08,55.94,62.06,60.98,57.02,57.02,64.4,51.08,52,59,46.9,44.1,43.3,48,48,23,27,30.9,28.9,30.9,46.04
60.08,55.94,64.04,59.9,57.92,59,66.2,50,51.1,59,45,46,43.7,46,48,24.8,27,30.9,30.9,32.5,48.02
60.08,56.84,66.02,60.98,59,59,66.2,50,51.1,62.1,45,45,44.1,43,48.9,28.4,27,28,34,34.3,46.94
54.32,54.86,64.04,60.98,59,57.92,66.02,48.92,51.1,59,43,44.1,42.4,39,46.9,26.6,27,24.1,32,36,42.98
48.74,51.98,59,55.94,57.92,55.94,64.4,44.06,51.1,55,41,42.1,40.6,36,44.1,19.4,26.1,19,27,32.7,42.08
42.98,51.98,59,53.96,57.02,51.08,60.8,42.98,50,48,39.9,42.1,39,35.1,39.9,19.4,24.1,17.1,25,29.3,42.08
42.98,50,57.92,51.98,57.02,46.94,59,35.06,50,44.1,39,37.9,37.8,36,35.1,19.4,23,15.1,23,26.1,42.08
42.98,48.92,57.02,49.82,57.02,44.06,55.4,32,48.9,42.1,37,39.9,36.3,35.1,34,17.6,21.9,12.9,21.9,24.4,42.08
42.98,46.94,57.02,47.84,57.92,42.98,55.4,28.94,48,39.9,37,37.9,35.1,34,30.9,17.6,21.9,10.9,21,22.6,42.08
42.26,44.96,55.04,47.84,57.02,39.92,60.98,28.94,48,41,37,37,34,34,30.9,15.8,21,9,19,21,42.08
41.72,45.86,53.96,47.84,57.92,39.92,48.2,26.06,48,41,37,35.1,33.1,34,30,12.2,19,8.1,19,23.4,42.08
41,44.96,55.04,45.86,57.92,39.02,46.4,28.04,48,39,35.1,34,32,32,33.1,8.6,16,7,17.1,25.7,41
40.64,43.88,51.98,43.88,57.92,37.04,46.4,26.96,48.9,37,35.1,33.1,30.9,30.9,30.9,8.6,14,6.1,17.1,28,39.92
40.28,44.96,51.98,42.98,57.92,35.96,46.4,24.98,48.9,37,36,32,30,32,27,8.6,12.9,3.9,16,27.7,39.92
39.92,42.98,48.02,41.9,57.02,35.06,50,24.08,48.9,37.9,36,33.1,28.9,32,28,10.4,12,1.9,17.1,27.3,39.92
41,42.98,53.06,41.9,57.02,35.06,48.02,24.08,48.9,37.9,36,30,28.2,30.9,30.9,10.4,10.9,1,16,27,39.92
41.9,42.98,50,41.9,57.02,35.06,46.4,24.98,48,39,35.1,33.1,27.7,30.9,30.9,10.4,10.9,0,17.1,27.3,39.92
42.98,44.96,48.92,41.9,51.98,33.98,46.4,23,46,39,36,30.9,27,30.9,32,10.4,10.9,-0.9,17.1,27.7,39.92
47.66,44.96,55.04,45.86,51.08,35.96,44.6,30.92,46,39,36,30,28.2,30.9,30.9,10.4,10,-0.9,18,28,39.92
52.34,46.94,60.98,51.98,46.94,44.06,51.8,37.94,46.9,39.9,37.9,35.1,29.7,30.9,30.9,12.2,7,-0.9,19.9,28.9,41
57.02,47.84,66.02,55.76,44.96,48.92,55.4,44.96,48,43,39,37.9,30.9,32,35.1,15.8,3.9,0,21.9,30,42.98
56.66,50,71.06,59,46.04,53.06,59,48.92,48.9,46,41,39.9,33.6,33.1,39.9,19.4,1.9,1,24.1,30.9,44.06
56.3,52.88,73.04,60.98,48.02,55.94,60.8,48.92,48.9,50,42.1,43,36.3,34,45,21.2,1.9,1.9,28.9,32.4,46.94
55.94,55.94,71.96,63.86,48.92,57.92,62.6,51.98,50,55.9,46,43,39,35.1,45,23,0,3,32,33.6,46.94
55.58,57.92,69.08,64.94,50,60.08,64.4,53.96,50,55.9,50,44.1,38.7,37,48,24.8,1,3.9,33.1,35.1,46.04
55.4,55.94,71.96,63.86,50,60.98,64.4,53.06,50,57.9,53.1,43,38.3,37,50,26.6,1,3,34,35.8,46.94
55.04,54.86,71.96,62.96,48.02,60.98,66.2,53.96,50,57,54,42.1,37.9,37.9,51.1,26.6,0,1,33.1,36.3,46.94
49.1,53.96,69.98,59.9,46.04,57.92,66.02,51.98,50,53.1,53.1,41,36.3,35.1,52,24.8,0,0,28.9,37,46.04
42.98,51.98,68,56.84,44.96,55.04,64.4,42.98,50,53.1,50,37,34.7,35.1,44.1,17.6,-2,-2,28,34,44.96
37.04,50.9,64.94,54.86,42.98,53.06,62.6,42.08,48.9,51.1,48.9,37.9,33.1,35.1,41,15.8,-2.9,-2.9,28,31.1,44.06
37.04,50.9,62.96,52.88,42.08,48.02,60.8,35.96,50,50,48,39.9,31.6,35.1,35.1,15.8,-4,-4,28,28,42.98
37.04,51.98,60.98,52.88,41,46.04,57.2,32,48.9,48.9,48,39,30.4,35.1,32,15.8,-8,-5.1,27,26.1,42.98
37.04,52.88,60.08,55.94,39.92,46.04,57.2,28.94,48.9,48.9,46.9,39,28.9,35.1,32,15.8,-9,-5.1,27,23.9,42.98
35.42,52.88,57.92,48.92,39.02,42.08,55.94,30.02,48.9,46.9,46.9,37.9,28.9,35.1,37,15.8,-8,-5.1,27,21.9,42.98
33.62,52.88,55.94,47.84,37.94,41,53.6,26.06,48.9,43,46,37,28.9,35.1,34,14,-8,-4,27,21.6,39.92
32,50.9,55.04,46.94,35.96,39.92,53.6,24.98,48.9,44.1,46,37,28.9,35.1,36,14,-8,-5.1,26.1,21.4,39.02
31.64,50,53.96,45.86,35.96,39.02,53.6,26.06,48.9,41,44.1,35.1,28.2,35.1,39,15.8,-7.1,-4,26.1,21,37.04
31.28,48.92,53.06,44.96,35.06,35.06,53.6,24.98,50,41,44.1,35.1,27.7,35.1,41,17.6,-7.1,-2.9,25,20.3,39.02
30.92,50.9,51.98,43.88,35.06,35.96,53.6,24.08,50,39,46.9,33.1,27,35.1,36,15.8,-7.1,-2.9,25,19.8,42.08
32,48.92,51.98,43.88,33.08,33.98,51.98,26.06,50,37.9,45,36,27.3,34,35.1,12.2,-6,-2.9,24.1,19,42.08
32.9,48.92,48.92,42.98,32,35.96,51.8,23,50,35.1,53.1,37,27.7,35.1,35.1,8.6,-7.1,-4,23,19.8,42.08
33.98,48.92,51.08,42.98,33.08,33.98,50,26.96,50,37,55,33.1,28,35.1,35.1,6.8,-6,-2.9,21.9,20.3,42.08
37.4,50.9,53.96,44.96,33.98,37.04,50,30.92,48.9,36,53.1,33.1,28.9,35.1,36,6.8,-6,-2,21.9,21,42.08
40.64,50.9,62.96,48.92,37.94,44.06,53.6,37.94,50,44.1,54,35.1,30,36,35.1,10.4,-4,-0.9,21,23.4,42.98
44.06,51.98,69.08,54.86,42.98,51.08,55.4,46.04,50,48,55,37,30.9,36,39.9,15.8,-2,0,21.9,25.7,44.06
48.02,55.94,73.94,57.92,46.94,53.06,59,51.08,50,54,57.9,39,32,39,46,17.6,-2,0,24.1,28,44.06
51.98,53.96,71.96,61.88,48.92,57.02,62.6,53.06,52,55.9,54,41,32.9,39,50,23,1.9,3,26.1,31.1,48.02
55.94,55.94,69.08,61.88,50,60.98,64.4,53.06,51.1,59,54,42.1,34,41,53.1,24.8,1.9,5,27,34,46.94
56.66,52.88,68,61.88,51.08,62.96,64.4,53.96,51.1,63,55,43,34.3,41,55.9,26.6,1,7,28.9,37,46.94
57.2,52.88,69.98,60.98,51.98,62.06,66.2,53.06,50,63,55.9,44.1,34.7,42.1,57,28.4,1.9,7,28.9,39,48.02
57.92,52.88,66.92,59.9,51.08,62.06,68,53.96,50,62.1,55.9,44.1,35.1,41,57,30.2,1.9,6.1,32,41,46.94
54.32,51.98,66.02,56.84,48.92,59,66.92,53.96,48.9,60.1,55,42.1,34.3,39.9,57.9,28.4,1,6.1,32,43,44.96
50.54,50.9,64.04,54.86,44.06,55.94,66.02,46.94,48.9,60.1,54,39.9,33.8,39.9,53.1,21.2,1,8.1,28.9,41.9,44.06
46.94,50,60.98,52.88,42.98,53.96,63.14,46.04,48.9,57.9,53.1,39,33.1,37,46.9,19.4,1,8.1,28,41,42.98
48.02,48.92,60.08,51.98,39.92,53.06,60.8,39.92,48,57.9,53.1,39.9,33.4,37,39,15.8,1.9,8.1,26.1,39.9,41
48.92,48.92,60.08,51.98,39.02,51.08,55.4,37.04,48,59,52,37.9,33.6,37,39.9,15.8,3.9,12,24.1,40.3,41
50,47.84,59,50.9,37.94,50,55.4,39.92,48,59,48,37.9,34,36,42.1,12.2,9,21,21.9,40.6,39.92
49.28,46.94,55.94,50,37.04,48.92,53.06,39.92,48,57.9,46.9,39,34.3,36,39,12.2,10,26.1,19.9,41,39.92
48.74,47.84,55.94,47.84,37.04,48.02,52.34,39.02,48,59,44.1,37,34.7,35.1,39.9,10.4,16,30,19.9,40.3,41
48.02,44.96,53.06,46.94,35.96,48.02,51.8,39.02,48,48,43,37,35.1,37,41,8.6,16,33.1,19,39.7,41
48.74,44.96,57.02,46.94,35.06,48.02,48.2,39.02,48,46.9,42.1,37,34.7,35.1,39.9,10.4,16,36,19,39,41
49.28,44.96,53.96,46.4,35.06,46.94,48.2,37.94,48,46,39,37,34.3,30.9,39.9,10.4,17.1,37.9,17.1,38.7,41
50,41.9,53.06,45.86,32,44.96,48.2,37.94,46.9,45,39,37,34,33.1,39,6.8,18,37.9,19,38.3,41
50,41.9,51.08,48.92,30.92,44.06,44.96,37.94,46.9,42.1,39,37,33.6,30,39,6.8,18,39,18,37.9,41
50,41,51.98,48.2,30.92,44.96,46.4,37.94,46,42.1,39,37.9,33.4,32,39,8.6,19.9,37.9,17.1,37.2,42.08
50,41,51.98,47.84,30.02,46.04,42.8,42.08,46,39.9,36,37.9,33.1,34,39,10.4,19.9,37.9,17.1,36.7,42.08
50.36,42.98,53.06,48.92,32,46.94,42.8,44.96,46,37,37.9,39,33.4,36,37,6.8,21.9,39.9,16,36,42.98
50.72,47.3,62.06,50.9,37.04,50,55.4,44.96,46.9,44.1,39.9,39.9,33.6,35.1,36,10.4,23,39.9,16,37.2,42.98
51.08,50.9,69.08,52.88,42.08,51.08,57.2,48.02,46.9,46.9,43,41,34,37.9,43,15.8,25,41,21,38.7,44.06
52.34,52.88,73.94,53.96,46.04,55.04,61.16,48.02,46.9,51.1,44.1,43,35.2,44.1,48,24.8,26.1,42.1,26.1,39.9,44.96
53.78,56.84,71.96,59,48.02,57.92,64.4,51.08,48,54,48.9,43,36.7,48,42.1,24.8,28.9,43,30,41.9,42.98
55.04,57.92,71.06,59.9,51.08,59,66.2,51.08,48,57,51.1,45,37.9,50,46.9,28.4,30,43,32,44.1,42.98
53.06,59.9,69.08,62.96,53.96,60.98,69.8,53.06,48.9,60.1,50,45,37.9,53.1,51.1,28.4,33.1,44.1,33.1,46,42.98
50.9,59.9,71.06,62.96,55.94,62.06,69.8,51.98,50,61,50,46,37.9,54,52,30.2,33.1,46.9,35.1,45.7,44.06
48.92,59.9,69.08,62.96,55.04,62.06,69.8,48.92,50,61,51.1,44.1,37.9,54,53.1,30.2,34,46.9,36,45.3,44.06
50.36,57.92,68,61.88,53.96,62.06,69.98,48.02,50,59,48.9,45,37.2,46.9,52,30.2,35.1,45,34,45,42.98
51.62,53.96,66.02,54.86,48.92,59,69.8,44.96,48,54,50,44.1,36.7,43,48,26.6,33.1,43,33.1,41.4,42.98
53.06,50,64.94,52.88,48.92,55.94,64.4,42.98,46.9,52,48.9,42.1,36,36,46.9,26.6,33.1,43,32,37.6,42.08
50,50.9,62.06,51.98,46.94,53.96,62.6,42.08,46,51.1,50,42.1,36.7,34,42.1,24.8,33.1,43,30.9,34,42.98
47.12,42.98,60.98,51.98,44.06,50,59,41,46,44.1,50,39.9,37.2,32,39,23,34,43,30.9,34,44.96
44.06,45.86,60.98,54.86,39.92,50,59,41,46,43,48.9,39,37.9,33.1,37.9,24.8,36,41,28.9,34,42.08
46.4,46.94,60.08,54.86,39.02,48.92,57.02,41,45,39.9,48.9,37,38.7,34,36,24.8,37,42.1,26.1,34,44.96
48.74,43.88,59,53.96,39.02,48.92,57.2,41,45,39,48.9,37,39.2,30.9,34,26.6,39.9,42.1,28,34,44.96
51.08,42.98,59,50,37.94,48.02,55.4,41,45,36,48.9,35.1,39.9,28.9,33.1,28.4,39.9,42.1,28.9,34,44.96
47.3,39.92,59,50.9,37.04,46.94,57.2,41,45,37,48.9,34,39.9,28.9,33.1,28.4,35.1,42.1,30,34,44.06
43.7,42.98,59,51.98,35.06,46.04,55.4,41,44.1,37,48,36,39.9,32,33.1,28.4,39.9,43,28.9,33.6,44.96
39.92,41.9,57.92,51.98,33.98,48.02,53.6,41,44.1,37,50,33.1,39.9,33.1,34,28.4,37,43,27,33.4,44.96
42.62,41,57.92,51.8,32,48.02,50,39.92,43,37.9,50,33.1,39.9,33.1,30.9,28.4,35.1,42.1,25,33.1,42.98
45.32,41,57.92,51.98,33.08,48.92,50,35.96,44.1,36,48.9,30.9,39.9,32,33.1,28.4,36,42.1,24.1,33.4,42.98
48.02,41.9,57.92,48.92,32,48.02,50,35.96,42.1,37,48.9,33.1,39.9,32,34,28.4,34,44.1,23,33.6,42.98
50.72,42.98,59,48.92,33.08,51.08,50,39.02,44.1,37,54,34,39.6,35.1,35.1,28.4,36,43,21.9,34,42.08
53.24,46.94,60.98,56.84,37.04,53.06,51.8,44.06,45,39.9,55,35.1,39.4,39,39,30.2,35.1,43,21,34.3,42.98
55.94,47.84,62.06,59.9,44.06,51.08,53.6,46.94,46.9,45,57,37.9,39,43,39.9,30.2,37.9,44.1,19.9,34.7,44.06
55.94,50.9,62.96,59,44.96,53.06,55.94,48.02,51.1,46.9,57.9,42.1,40.3,46,44.1,32,39.9,45,21.9,35.1,44.06
55.94,51.98,64.94,60.98,46.94,53.06,59,50,52,50,59,42.1,41.7,48.9,48,33.8,41,46.9,26.1,36.3,44.06
55.94,52.88,64.94,64.94,50,53.06,62.6,53.96,51.1,52,59,43,43,51.1,51.1,33.8,44.1,48,28.9,37.8,44.06
55.94,53.96,64.94,65.84,50,53.96,62.96,55.94,50,55.9,59,44.1,44.1,50,52,33.8,44.1,53.1,32,39,44.96
55.94,55.94,64.04,66.92,53.96,53.96,62.6,55.94,48.9,55,59,44.1,45,51.1,53.1,33.8,44.1,54,35.1,39.4,44.96
55.94,54.86,62.96,66.92,53.96,53.96,62.6,57.02,48.9,55,57.9,44.1,46,50,53.1,33.8,43,51.1,37,39.6,44.96
54.32,55.94,62.06,65.84,53.06,55.04,62.96,55.04,48,51.1,57.9,42.1,42.1,46,54,33.8,43,53.1,37,39.9,44.06
52.7,50.9,59,59.9,48.92,53.96,60.8,50,48,50,57,37.9,37.9,44.1,48.9,33.8,42.1,48.9,33.1,39.2,44.06
51.08,50,57.92,55.94,46.04,53.96,57.2,48.92,46.9,48.9,55,39,34,42.1,42.1,33.8,43,46,28,38.7,44.06
53.06,50,57.92,52.88,44.96,53.06,55.4,48.02,46.9,46.9,53.1,37.9,33.6,43,41,32,43,45,28,37.9,44.06
55.04,46.94,55.94,50,44.06,53.06,53.6,44.06,46,48,51.1,37.9,33.4,41,45,32,43,44.1,28,38.3,42.98
57.02,47.84,55.94,46.94,41,53.06,53.6,42.08,46.9,46.9,48,37,33.1,39.9,46.9,33.8,44.1,44.1,28,38.7,42.98
56.66,45.86,55.04,43.88,39.92,53.06,53.06,41,46,46,43,36,33.1,39.9,48,33.8,43,42.1,27,39,41
56.3,44.96,55.04,43.88,39.92,53.96,51.8,37.04,45,45,41,36,33.1,39,48.9,33.8,43,42.1,25,39.4,42.08
55.94,42.98,53.96,42.98,37.94,53.06,51.8,33.98,46,46,39.9,35.1,33.1,39,46.9,33.8,42.1,42.1,24.1,39.6,42.08
55.22,41.9,53.06,39.92,37.94,53.06,50,37.94,46,46.9,39.9,33.1,33.1,37.9,45,32,43,41,24.1,39.9,39.92
54.68,38.84,51.98,42.98,37.94,53.96,48.2,37.94,45,45,39.9,33.1,33.1,37.9,45,30.2,42.1,39,23,39.9,37.94
53.96,39.92,51.98,43.88,37.04,53.96,48.2,39.02,45,48,39.9,33.1,33.1,37.9,45,30.2,39,41,24.1,39.9,39.02
55.04,39.92,50,46.94,37.04,53.96,48.02,39.92,44.1,48,41,34,33.4,37.9,46,30.2,37.9,39,23,39.9,35.96
55.94,38.84,51.08,42.98,37.04,53.96,46.4,39.92,44.1,45,39,36,33.6,39,46.9,30.2,37,37,21.9,39,37.04
57.02,39.92,51.08,42.98,37.04,53.96,44.6,39.02,44.1,45,37.9,37,34,37,46.9,30.2,36,37,23,37.9,37.94
55.4,41,51.98,46.94,37.04,55.94,44.6,39.92,44.1,43,39,39,35.6,37.9,45,30.2,37.9,37,24.1,37,37.94
53.6,42.98,55.94,53.96,41,59,48.2,42.08,46,45,39.9,37,37.4,39.9,46,32,37.9,37,25,39.4,41
51.98,46.94,60.08,56.84,46.04,62.06,51.8,44.96,46.9,48,42.1,35.1,39,41,48.9,33.8,39,39,26.1,41.7,42.08
54.68,48.92,62.96,61.88,50,62.96,62.96,46.94,48,45,43,33.1,40.1,41,51.1,35.6,37.9,39,28.9,44.1,42.98
57.38,50.9,64.94,66.92,53.06,64.94,55.4,48.92,50,46,45,35.1,41,45,52,37.4,39.9,41,30,45.7,42.08
60.08,52.88,69.98,68.9,55.94,66.92,57.2,51.08,48.9,48,46,34,42.1,46,53.1,39.2,39.9,43,30.9,47.3,42.98
60.98,56.84,68,69.98,57.02,66.02,59,53.06,48.9,50,48.9,33.1,42.8,48.9,41,37.4,42.1,44.1,30.9,48.9,42.98
62.06,59,64.04,69.98,57.02,66.92,60.8,51.98,46.9,46,52,33.1,43.3,48,44.1,35.6,42.1,42.1,32,48.2,42.98
62.96,57.92,62.96,69.98,57.02,64.94,62.6,51.98,46,46,53.1,33.1,44.1,48.9,43,33.8,42.1,42.1,32,47.7,42.98
60.62,54.86,62.96,68,55.94,64.04,62.06,50,46.9,46,53.1,33.1,42.4,48.9,46,33.8,39.9,39.9,32,46.9,41
58.28,51.98,62.06,63.86,53.96,60.98,60.8,44.96,46,44.1,46.9,33.1,40.6,45,44.1,33.8,39,33.1,32,43.3,39.92
55.94,50.9,60.98,59.54,53.06,60.98,59,44.06,46,43,45,33.1,39,42.1,43,32,37.9,30.9,30.9,39.6,39.92
53.24,50,60.08,55.94,48.92,60.08,57.2,46.94,45,44.1,41,33.1,37.9,39,39.9,32,37.9,30,32,36,39.02
50.72,45.86,60.08,54.86,48.02,59,57.2,46.04,44.1,42.1,39.9,34,37,39.9,39.9,32,37.9,28,32,34.7,37.94
48.02,45.86,59,52.88,48.02,57.92,53.6,46.04,44.1,42.1,39,35.1,36,39.9,39,33.8,37,27,32,33.3,39.02
48.74,44.96,55.94,51.98,48.02,57.02,50,42.98,43,43,37,35.1,35.1,39,35.1,32,34,25,32,32,35.96
49.28,42.98,57.02,50.9,48.02,55.94,48.2,37.94,44.1,42.1,33.1,34,34,39,36,32,32,25,32,31.3,33.98
50,41.9,57.02,47.84,46.94,55.94,48.2,35.06,43,41,34,35.1,33.1,39,37,32,32,25,30.9,30.7,35.06
48.74,41.9,55.04,45.86,46.94,55.94,50,37.94,44.1,37,34,34,34,37.9,37.9,32,30.9,25,30.9,30,30.02
47.3,40.82,55.04,43.88,44.96,55.04,48.38,37.04,43,37.9,30.9,34,35.1,37,39.9,30.2,30.9,25,30.9,28.4,33.08
46.04,39.92,53.96,43.88,44.06,53.96,46.4,37.94,43,36,32,34,36,36,41,30.2,30,24.1,30.9,26.6,30.02
45.68,38.84,53.06,41.9,42.98,53.06,44.96,37.94,43,33.1,30.9,33.1,35.1,34,39.9,30.2,28,23,30.9,25,30.92
45.32,38.84,53.96,41.9,42.98,51.98,41,37.94,43,33.1,30,30.9,34,33.1,39.9,30.2,28,24.1,30.9,24.3,30.92
44.96,37.94,55.94,42.98,42.98,51.98,42.8,39.02,43,30.9,33.1,33.1,33.1,32,39.9,30.2,26.1,27,30.9,23.7,30.92
48.38,41,59,48.92,44.96,51.98,42.8,39.92,43,32,34,34,33.8,30.9,39,28.4,25,28.9,30,23,30.02
51.62,44.96,62.06,53.96,46.04,53.06,46.4,42.08,44.1,33.1,36,35.1,34.3,37.9,39,28.4,26.1,32,30.9,26.6,33.98
55.04,46.94,66.02,61.88,48.02,57.02,44.6,44.06,45,36,42.1,35.1,35.1,43,39.9,28.4,28,36,30,30.4,37.94
55.76,48.92,69.98,65.84,51.98,59,57.02,46.94,46,37,46.9,37.9,36.3,50,41,28.4,30,37.9,33.1,34,39.02
56.3,50.9,69.08,68,53.96,60.98,60.8,51.08,46.9,39.9,52,41,37.8,51.1,44.1,30.2,34,37.9,34,36.7,39.92
57.02,51.98,66.02,69.98,53.96,60.98,64.4,53.96,46.9,44.1,57,43,39,50,45,30.2,37,39,36,39.4,42.08
56.66,53.96,69.98,72.86,53.96,62.96,64.4,55.04,48,46,59,42.1,39,52,45,30.2,42.1,39.9,37,42.1,42.08
56.3,55.94,68,71.96,53.96,62.96,64.4,53.96,48.9,46.9,62.1,43,39,51.1,46,30.2,41,39.9,39.9,42.4,42.08
55.94,56.84,66.92,71.96,55.04,62.06,66.2,53.06,48.9,50,62.1,43,39,50,48.9,28.4,41,37.9,37.9,42.6,41
52.88,55.94,60.98,68.9,53.06,60.98,64.94,51.98,48.9,50,61,41,37.8,46.9,48,28.4,39,37.9,37,43,39.02
50,51.98,60.08,63.86,50,59,64.4,46.94,48.9,50,55,39.9,36.3,43,45,26.6,36,39,37,39.4,37.94
46.94,50.9,62.06,59,46.04,55.94,62.6,46.04,48,50,46.9,37.9,35.1,39.9,36,24.8,36,39.9,37,35.6,39.92
46.04,50.9,62.06,55.94,44.96,55.04,60.8,44.96,48,50,46,39,35.1,37,34,21.2,34,39.9,36,32,39.02
44.96,50,62.96,52.88,44.06,53.06,57.2,42.08,48.9,51.1,42.1,37.9,35.1,37,37.9,19.4,35.1,41,35.1,30.7,37.94
44.06,50,60.08,52.88,42.08,53.06,55.4,39.92,48.9,48.9,39.9,37.9,35.1,37.9,39,17.6,36,42.1,32,29.3,37.04
43.7,47.84,59,50,42.08,51.98,55.94,39.02,46.9,46.9,39.9,37.9,34.3,39,37.9,19.4,36,42.1,26.1,28,35.96
43.34,46.94,59,48.38,39.02,51.08,51.8,35.06,45,46.9,39,37,33.8,39,39,17.6,37,42.1,25,27.3,35.96
42.98,47.84,59,46.94,39.92,50,48.2,33.08,45,46,37.9,36,33.1,39.9,37.9,17.6,37.9,42.1,28,26.8,33.08
42.98,48.92,59,48.92,37.94,50,46.4,35.06,46,46,37,36,32.4,36,39,14,37.9,43,27,26.1,33.08
42.98,50,59,44.96,35.96,50,46.4,37.04,44.1,44.1,41,36,31.6,39,39.9,10.4,37.9,43,24.1,26.1,33.08
42.98,48.92,59,43.88,37.04,50,46.4,37.04,46,46,39,37,30.9,37.9,39.9,8.6,37.9,42.1,25,26.1,33.08
41.9,47.84,57.92,42.98,37.94,50,46.04,37.04,44.1,44.1,39,37,31.3,37,37.9,8.6,37.9,42.1,23,26.1,33.08
41,46.94,57.92,42.98,33.98,50,44.6,35.96,44.1,43,37,37,31.6,37.9,39,5,37,39.9,21.9,24.6,33.98
39.92,46.94,57.92,41.9,33.08,48.92,46.4,35.96,45,42.1,35.1,37.9,32,37,39.9,-0.4,39,39,21,23.4,33.98
44.96,46.94,60.98,46.94,37.94,51.98,46.4,37.94,43,41,35.1,37.9,32.4,37,41,1.4,41,39,21,21.9,35.06
50,47.84,66.92,53.96,44.96,55.04,46.4,42.98,46,42.1,39,39,32.7,39,37,6.8,39,39.9,21.9,25.3,35.06
55.04,51.98,64.94,60.98,48.92,57.02,55.4,46.04,48,46.9,44.1,41,33.1,39,37,10.4,39.9,41,27,28.6,35.96
55.76,51.98,69.98,68,50,59,60.98,46.94,48.9,48.9,50,42.1,34.3,39.9,36,12.2,43,44.1,35.1,32,39.02
56.3,53.96,64.94,69.98,53.96,62.06,66.2,51.08,48,48.9,53.1,46,35.8,39.9,39,14,39.9,43,37.9,34.7,39.02
57.02,51.98,62.96,73.94,55.94,62.96,71.6,51.08,48,50,55.9,51.1,37,42.1,39,17.6,43,41,39,37.2,41
55.94,52.88,68,73.94,57.02,62.96,71.6,51.08,48,50,61,52,37.4,42.1,37.9,19.4,41,39.9,39.9,39.9,42.98
55.04,52.88,69.08,72.86,57.02,62.96,73.4,48.92,46.9,50,62.1,50,37.6,43,36,21.2,39.9,43,41,41.5,42.98
53.96,54.86,66.92,70.88,55.94,62.96,73.4,48.02,45,48.9,61,52,37.9,43,36,23,37,41,37.9,43.3,42.98
51.98,52.88,64.94,68.9,55.94,62.06,73.4,46.94,46,48,55.9,51.1,37,43,37,21.2,37,41,37.9,45,41
50,51.98,60.98,63.86,53.06,60.98,71.6,46.94,45,44.1,51.1,50,36,37.9,37,15.8,37.9,35.1,35.1,41,41
48.02,50.9,60.08,61.88,51.98,60.08,66.2,46.04,44.1,43,48.9,48.9,35.1,37.9,34,15.8,37,32,32,37,39.92
48.38,54.86,60.08,59,50,57.92,64.4,44.06,44.1,42.1,48.9,48.9,34.7,39,35.1,8.6,37,32,32,33.1,39.02
48.56,52.88,60.08,56.84,48.92,57.02,60.8,44.96,44.1,39.9,46,48,34.3,37.9,35.1,6.8,34,32,32,32.4,37.04
48.92,51.98,60.08,55.94,48.92,57.02,60.8,44.96,45,39.9,46,46,34,37,36,6.8,32,30,30.9,31.6,37.04
48.2,51.98,60.08,54.86,46.94,57.02,57.92,44.06,44.1,39.9,44.1,43,33.6,37,36,3.2,30.9,30,27,30.9,37.04
47.66,51.98,60.08,54.86,48.92,57.02,59,42.98,44.1,39.9,42.1,43,33.4,34,35.1,1.4,32,28.9,28,30.6,37.04
46.94,50.9,60.08,53.96,48.02,55.04,53.6,42.98,43,39.9,44.1,42.1,33.1,34,36,1.4,33.1,30.9,27,30.4,35.96
46.58,50,60.08,52.88,46.94,55.94,57.2,42.98,39,39,44.1,39.9,33.1,34,34,1.4,33.1,30.9,28,30,35.96
46.4,50,59,52.88,48.02,55.94,51.8,42.08,39.9,39,43,39.9,33.1,30.9,34,-0.4,32,33.1,28.9,30,35.96
46.04,50,59,51.98,46.94,53.06,51.8,42.08,39,36,43,39,33.1,30.9,32,-0.4,32,33.1,30,30,35.06
48.02,50,60.08,51.98,46.94,53.06,50,42.08,36,34,41,39,33.1,33.1,30.9,1.4,30.9,33.1,30,30,33.98
50,50.9,60.08,50.9,46.04,51.98,51.8,42.08,37,34,39.9,37,33.1,32,32,-0.4,30,32,30,28.8,33.08
51.98,51.98,60.08,51.98,46.94,51.98,51.44,42.08,35.1,36,44.1,37,33.1,30.9,33.1,-2.2,30.9,28.9,30.9,27.3,33.98
51.62,52.88,60.08,53.96,46.94,53.06,51.8,42.98,35.1,35.1,44.1,37,34.3,30,32,-2.2,32,27,30.9,26.1,35.06
51.44,52.88,60.08,54.86,48.92,53.96,51.8,44.96,37.9,37.9,45,36,35.8,34,30.9,1.4,33.1,32,30.9,29.3,37.94
51.08,53.96,60.98,57.92,50,55.94,57.2,46.04,44.1,39,46.9,36,37,36,32,8.6,30,34,32,32.7,39.92
51.8,55.94,60.98,61.88,53.96,59,64.94,48.02,48.9,42.1,48.9,37,37.8,41,34,12.2,33.1,36,34,36,42.08
52.34,59.9,62.06,63.86,53.96,60.08,69.8,50,48.9,43,52,37,38.3,43,37.9,15.8,34,39.9,36,42.6,44.06
53.06,60.98,60.08,66.92,53.96,62.06,71.6,51.08,50,45,52,37.9,39,44.1,41,17.6,37,37.9,37.9,49.3,46.04
51.98,61.88,62.06,68,53.96,62.06,73.4,55.94,51.1,45,54,37,38.7,46,43,19.4,32,37.9,37.9,55.9,46.04
51.08,61.88,62.96,64.94,53.96,62.96,75.2,53.96,50,46,54,37,38.3,46,44.1,21.2,33.1,39,37,55.9,46.94
50,59,62.06,62.96,53.06,62.06,77,53.06,50,45,54,37,37.9,46,45,23,30.9,37.9,37,55.9,44.96
49.28,57.92,60.98,60.98,51.98,60.08,77,51.98,46.9,44.1,53.1,37,37.2,46,45,19.4,30.9,37.9,37,55.9,44.96
48.74,56.48,60.08,59.9,51.98,57.02,75.2,50,44.1,44.1,53.1,37,36.7,43,43,17.6,28.9,34,37,51.3,41
48.02,55.94,60.08,57.92,53.06,55.94,71.6,48.92,44.1,43,52,36,36,42.1,39.9,12.2,28.9,30,36,46.8,42.08
47.3,55.94,59,56.84,53.06,53.96,69.8,46.94,39.9,42.1,50,36,35.2,39.9,39,6.8,28,28.9,35.1,42.1,41
46.76,56.84,59,57.92,51.98,51.08,68,44.96,37.9,42.1,50,35.1,34.7,34,32,3.2,27,28,35.1,40.1,42.08
46.04,53.96,57.92,56.84,51.98,50,66.2,44.96,37,42.1,48,35.1,34,34,30,5,27,28.9,34,37.9,39.02
43.7,52.88,57.02,55.94,53.96,48.92,60.98,44.06,35.1,42.1,48,34,33.3,34,32,5,26.1,30,35.1,36,37.94
41.36,51.98,57.02,55.94,51.08,48.92,60.8,42.98,35.1,42.1,46.9,34,32.7,32,28.9,1.4,25,28.9,36,35.2,37.04
39.02,51.98,57.92,55.94,50,46.04,60.8,39.02,33.1,42.1,48,35.1,32,30.9,30,-0.4,24.1,28.9,36,34.7,35.96
37.94,52.88,57.92,55.94,50,44.96,57.2,35.96,34,42.1,46.9,35.1,32,28,30,-2.2,23,30,35.1,34,37.04
37.04,51.98,57.92,54.86,50,46.04,55.4,35.96,34,42.1,46.9,35.1,32,27,28.9,-0.4,21.9,30.9,36,33.6,37.94
35.96,51.98,57.02,52.88,50,44.06,55.4,33.08,34,42.1,46.9,35.1,32,27,28,-2.2,26.1,30.9,35.1,33.4,37.04
36.68,52.88,55.04,50.9,50,44.06,55.04,30.92,36,42.1,48.9,34,32,30,28,-2.2,25,30,35.1,33.1,37.94
37.22,51.98,55.04,50,48.92,44.06,53.6,30.92,37,42.1,51.1,34,32,28.9,30,-2.2,26.1,30.9,35.1,31.6,37.94
37.94,51.98,55.94,47.48,48.92,42.98,53.6,32,45,42.1,50,34,32,28.9,32,-2.2,24.1,32,35.1,30.4,37.04
41.36,52.88,57.02,47.66,50,44.96,51.8,35.96,45,42.1,48,35.1,32.4,30,32,-2.2,25,30.9,32,28.9,39.02
44.6,50.9,59,48.92,51.98,46.94,59,39.92,46,43,57,34,32.7,33.1,33.1,1.4,27,34,33.1,31.6,39.02
48.02,51.98,59,48.92,55.04,50,64.4,44.96,46,46,52,33.1,33.1,35.1,39.9,6.8,30.9,37.9,35.1,34.3,39.02
49.28,50.9,60.98,50,57.92,51.08,69.08,48.92,46.9,46.9,55.9,35.1,33.1,41,42.1,10.4,33.1,39.9,36,37,39.02
50.72,51.98,62.06,52.88,59,53.06,71.6,51.08,51.1,48,57.9,35.1,33.1,43,44.1,17.6,35.1,37.9,37.9,40.3,39.92
51.98,53.96,62.06,56.84,62.06,55.04,75.2,57.92,46.9,48.9,57.9,36,33.1,45,45,21.2,37.9,37,39,43.7,39.92
51.98,53.96,62.06,59.9,62.96,55.94,77,59,51.1,51.1,60.1,37.9,34,48,46,23,39.9,37.9,39,46.9,42.98
51.98,47.84,62.96,60.98,62.96,55.94,80.6,57.92,46.9,54,60.1,39,35.1,46.9,46.9,24.8,41,42.1,39,48,48.02
51.98,47.84,62.06,59,64.04,55.04,80.6,55.94,48.9,53.1,60.1,39,36,48,46.9,24.8,41,42.1,37.9,48.9,46.94
50.36,50,60.08,56.84,62.06,55.04,80.96,53.96,46.9,52,60.1,37.9,36,46.9,46.9,21.2,39,41,37,50,39.92
48.56,47.84,57.92,53.96,57.92,53.96,80.6,53.06,45,50,55,36,36,43,45,14,37,41,36,47.7,41
46.94,47.84,57.92,52.88,55.94,53.06,75.2,53.06,45,48.9,52,35.1,36,37,41,15.8,37,37.9,35.1,45.3,41
46.94,47.84,57.92,50.9,53.06,51.08,69.8,51.08,44.1,48,48,35.1,34.7,36,41,8.6,36,34,35.1,43,41
46.94,48.92,57.92,50.18,51.08,50,66.2,50,44.1,46.9,46,34,33.3,32,39.9,5,36,33.1,35.1,43,42.08
46.94,46.94,57.92,49.46,50,46.94,66.2,50,42.1,46,44.1,34,32,33.1,37.9,10.4,37,30.9,34,43,41
46.94,46.94,55.04,48.92,46.94,46.04,66.92,48.02,44.1,46,42.1,32,31.6,30,36,8.6,37,32,33.1,43,39.02
46.94,46.94,55.04,46.94,48.92,44.06,60.8,46.04,43,45,41,30.9,31.3,30,36,8.6,36,32,32,41.7,39.02
46.94,46.94,55.04,45.86,48.02,42.98,62.6,44.96,41,44.1,39,28.9,30.9,26.1,34,3.2,35.1,30.9,30.9,40.3,39.02
48.38,45.86,53.96,43.88,48.02,42.08,60.8,44.96,41,44.1,39,30.9,30.9,25,34,3.2,36,33.1,30.9,39,35.06
49.64,46.94,53.06,43.88,48.02,41,60.8,44.06,39.9,42.1,39,30.9,30.9,24.1,33.1,1.4,35.1,32,30,38.7,33.08
51.08,44.96,53.06,44.96,48.02,41,59,44.96,41,43,39,30,30.9,24.1,30.9,1.4,34,34,27,38.3,33.98
50,45.86,51.98,44.96,48.02,39.92,60.08,44.06,39,39.9,37.9,30,30.9,23,30,3.2,33.1,32,28,37.9,35.06
49.1,43.88,51.08,43.88,48.92,39.92,57.2,44.96,41,37.9,37.9,28.9,30.9,23,28.9,-0.4,33.1,30.9,28,36,35.06
48.02,45.86,51.98,43.88,48.92,39.92,57.2,44.06,41,37.9,37.9,28,30.9,23,28,-0.4,33.1,30,28,34,35.96
51.26,45.86,55.04,48.92,48.92,41,59,42.08,39,37,37.9,28.9,32,26.1,27,3.2,32,28.9,28,32,37.04
54.68,45.86,57.92,50.9,50,44.06,58.64,44.06,42.1,42.1,37,30.9,32.9,33.1,28.9,6.8,34,30,28.9,35.4,39.92
57.92,46.94,62.06,51.98,51.98,46.04,59,44.96,48,44.1,39,34,34,37.9,34,12.2,35.1,34,30,38.7,41
60.62,44.96,64.94,52.88,53.96,51.08,64.04,44.06,50,45,41,35.1,35.2,39,36,17.6,35.1,39,32,42.1,42.98
63.32,46.94,64.04,56.84,55.94,55.94,69.8,44.06,50,48,46.9,37,36.7,42.1,37.9,21.2,37.9,41,33.1,46.4,44.06
66.02,48.92,64.04,53.96,57.02,57.92,73.4,44.96,51.1,50,54,37.9,37.9,45,41,24.8,39.9,42.1,33.1,50.7,44.06
64.4,50,64.04,54.86,57.02,59,75.2,46.94,50,50,59,39.9,37.6,46,41,26.6,39.9,42.1,34,55,44.96
62.6,51.98,64.04,54.86,51.08,60.08,78.8,46.94,48.9,51.1,62.1,37.9,37.4,46.9,43,26.6,39.9,42.1,34,55,44.96
60.98,51.98,64.04,53.96,51.08,60.98,78.8,48.92,48.9,51.1,66.9,37,37,46.9,44.1,28.4,39.9,41,34,55,44.96
58.28,50,62.96,50,51.08,60.08,78.8,46.04,48.9,51.1,66.9,34,36,46,42.1,28.4,41,39,34,55,42.98
55.76,47.84,62.06,48.92,51.08,57.92,78.8,42.08,46.9,46.9,64,30.9,35.1,41,41,23,37,36,33.1,49.6,39.92
53.06,47.84,60.98,47.84,50,55.94,73.4,39.92,46.9,45,62.1,30.9,34,37,37.9,19.4,35.1,35.1,33.1,44.4,39.02
53.42,47.84,60.08,47.84,46.94,53.06,71.6,37.94,46,41,60.1,28.9,33.3,39,37,15.8,34,35.1,30,39,37.94
53.6,48.02,59,48.92,46.04,51.08,66.02,37.04,46,39,57.9,28.9,32.7,39,34,15.8,33.1,35.1,28.9,36.3,37.94
53.96,47.84,57.92,47.84,44.96,48.92,60.8,37.94,46,39,55,30,32,34,35.1,12.2,33.1,34,28.9,33.6,35.96
53.6,47.84,57.02,45.86,44.06,46.94,59,37.94,45,34,50,28.9,30.9,34,32,14,33.1,33.1,30,30.9,33.98
53.42,45.86,53.06,45.86,44.96,44.96,57.2,35.06,45,33.1,45,28,30,35.1,30,14,37.9,33.1,30,29.7,33.98
53.06,45.14,51.98,46.94,42.08,44.06,57.2,35.96,45,33.1,46,25,28.9,33.1,28,15.8,37,36,30.9,28.2,30.92
52.34,44.96,53.06,45.86,41,44.06,55.4,35.06,44.1,30.9,42.1,24.1,28.2,32,28,17.6,37,33.1,30,27,33.98
51.8,44.96,51.08,42.98,42.98,42.08,55.4,35.06,44.1,30.9,39.9,26.1,27.7,32,26.1,17.6,35.1,33.1,30,26.2,32
51.08,42.98,50,39.92,42.08,42.08,53.6,37.04,41,28.9,39.9,23,27,30.9,25,19.4,36,30.9,28.9,25.7,28.94
49.64,41.9,50,39.92,42.98,42.08,53.96,35.96,42.1,28.9,37.9,21.9,27.7,32,26.1,19.4,35.1,28.9,25,25,28.04
48.38,43.88,46.94,37.94,42.98,41,51.8,35.96,43,27,39,21.9,28.2,33.1,27,21.2,34,30,25,24.6,28.94
46.94,43.88,48.92,37.94,42.98,42.08,50,37.04,43,28,39,23,28.9,30,27,19.4,34,32,25,24.4,28.94
48.02,44.96,57.02,42.98,42.98,44.96,50,39.02,41,30,39.9,23,30,32,26.1,21.2,34,30.9,26.1,24.1,30.92
48.92,43.88,60.98,47.84,46.04,46.94,53.6,39.92,45,32,46,26.1,30.9,35.1,28.9,23,37,35.1,27,28,35.96
50,44.96,64.94,50,50,50,59,42.98,48,34,53.1,28,32,43,34,23,39.9,39.9,30.9,32,42.08
51.62,44.96,71.06,52.88,53.06,55.04,62.96,44.96,51.1,39.9,59,28.9,34,48,37.9,26.6,42.1,43,33.1,36,41
53.42,45.86,71.06,53.96,55.94,57.02,66.2,46.94,52,45,61,32,36,51.1,39.9,26.6,44.1,46.9,39.9,39.9,42.98
55.04,44.96,69.98,56.84,57.92,57.02,69.8,46.94,54,48.9,64,35.1,37.9,54,41,26.6,45,48,37.9,44.1,44.06
53.78,44.96,71.06,57.92,60.08,50,69.8,44.96,54,51.1,66,36,37.9,55.9,44.1,28.4,46,48.9,37.9,48,44.06
52.34,44.96,69.98,55.94,60.98,46.04,69.8,44.06,53.1,52,66,36,37.9,55.9,43,28.4,46,48.9,39.9,49.6,42.98
51.08,45.32,69.08,54.86,60.98,46.94,71.6,42.98,53.1,54,66,37,37.9,55.9,44.1,30.2,45,48,37.9,51.4,44.06
49.64,44.96,64.94,51.98,60.08,48.92,71.06,42.98,51.1,55,63,35.1,35.6,52,44.1,30.2,45,46,36,53.1,42.08
48.38,44.96,62.06,50.9,55.04,46.94,69.8,42.08,46.9,50,59,32,33.3,46,42.1,30.2,44.1,44.1,35.1,46.4,39.92
46.94,45.86,60.08,50,51.08,46.04,68,42.08,46,44.1,54,30,30.9,39,39,32,43,43,30.9,39.7,39.92
44.96,45.86,57.92,50,50,46.94,64.4,41,42.1,43,54,30,31.3,41,36,32,44.1,42.1,28,33.1,35.96
42.98,46.04,60.98,49.46,44.96,46.04,66.2,39.92,39.9,41,55.9,28.9,31.6,37.9,35.1,32,43,41,27,32.4,35.06
41,45.86,57.92,48.92,44.06,46.04,62.6,37.94,39,35.1,51.1,28.9,32,37.9,30,32,42.1,39.9,27,31.6,33.08
40.64,46.94,59,50,42.08,46.04,60.08,39.02,36,34,46,30,31.3,32,28,32,42.1,39,27,30.9,35.96
40.28,47.84,55.04,48.92,41,46.04,59,37.04,36,33.1,46,28.9,30.7,32,28,32,42.1,39.9,26.1,29.3,35.06
39.92,46.94,55.04,48.92,39.02,44.96,59,33.08,37.9,32,50,28,30,32,26.1,32,41,41,21.9,27.7,30.92
37.58,46.94,51.98,46.94,39.92,44.96,59,33.08,36,30.9,50,28.9,29.7,28.9,26.1,32,39.9,37.9,25,26.1,33.08
35.42,46.94,53.96,45.86,42.98,44.96,59,33.08,37,32,53.1,28.9,29.3,27,24.1,32,39.9,37,27,25.7,33.98
33.08,45.86,51.98,45.86,42.08,44.06,59,32,36,28,53.1,28.9,28.9,26.1,21.9,32,41,37,26.1,25.3,30.02
33.08,44.96,51.98,44.96,42.08,44.06,57.92,30.02,37,28.9,52,30.9,28.9,27,23,32,39.9,37,25,25,30.92
33.08,44.96,51.98,45.86,41,42.98,57.2,30.92,36,28,54,30.9,28.9,26.1,24.1,30.2,41,36,26.1,23,30.02
33.08,44.96,53.06,45.86,42.08,41,57.2,28.94,37,30,53.1,32,28.9,26.1,25,30.2,41,37,27,21,32
37.4,44.96,55.94,45.86,44.06,44.06,59,32,39.9,30,52,32,28.9,28,24.1,28.4,42.1,39,27,19,32
41.72,47.84,64.04,46.94,46.04,46.04,60.8,41,44.1,30.9,52,34,28.9,32,27,29.1,43,42.1,28,24.4,33.98
46.04,48.92,69.08,50,48.92,48.02,60.8,48.02,46.9,32,54,37.9,28.9,36,34,30.2,46,45,28,29.7,37.04
48.02,50.9,71.06,51.98,50,51.08,62.96,48.92,50,34,54,42.1,30,43,37,30.2,48,48.9,28.9,35.1,37.94
50,52.88,73.04,54.86,50,51.98,62.6,51.98,52,43,54,43,30.9,46.9,37.9,32,50,53.1,30.9,39.4,41
51.98,50.9,73.04,55.94,50,53.06,66.2,53.06,54,50,54,44.1,32,50,39.9,30.2,52,55,32,43.7,41
51.98,53.96,71.06,55.94,50,55.04,69.8,53.96,55,52,54,45,33.3,51.1,41,32,54,57,32,48,41
51.98,54.86,71.96,59,50,53.96,71.6,51.98,55.9,55,54,46.9,34.7,52,43,33.8,54,57.9,34,49.1,42.08
51.98,55.94,73.04,57.92,50,55.04,69.8,50,57,54,55,46.9,36,51.1,44.1,33.8,54,59,34,50,42.98
49.64,52.88,69.08,56.84,50,53.96,69.98,46.04,54,54,54,46,34.3,48,43,33.8,51.1,55,34,51.1,42.08
47.3,50.9,64.94,52.88,48.92,53.96,69.8,44.96,46.9,51.1,53.1,45,32.5,39.9,41,33.8,48.9,48.9,33.1,45.1,41
44.96,50,64.04,51.98,48.92,51.98,66.2,44.96,48,46.9,50,43,30.9,37,37.9,33.8,48,44.1,32,39,39.02
42.26,48.92,62.06,50,48.92,51.98,62.6,44.96,45,44.1,45,41,30.9,37.9,36,33.8,46.9,43,30.9,33.1,39.92
39.74,48.92,59,48.92,48.92,51.08,62.6,44.96,44.1,46,45,39.9,30.9,35.1,27,33.8,46.9,42.1,30.9,37.8,35.96
37.04,47.84,59,45.86,46.94,48.92,60.8,42.08,41,45,44.1,39.9,30.9,35.1,26.1,33.8,45,42.1,30.9,42.3,37.04
37.04,45.86,57.92,43.88,46.94,50,60.08,39.02,41,43,43,39,30.2,35.1,26.1,33.8,46.9,41,30.9,46.9,35.96
37.04,44.96,55.94,45.86,46.94,46.94,59,39.02,37.9,46,42.1,39.9,29.7,35.1,28,33.8,46.9,41,30,45.7,37.94
37.04,44.96,53.96,45.86,46.94,44.96,59,37.04,36,45,42.1,39,28.9,36,27,32,43,39,30,44.2,37.04
35.78,44.96,53.06,43.88,46.94,46.94,57.2,35.96,37.9,44.1,42.1,37.9,28.2,37,28,30.2,39.9,41,30,43,35.96
34.34,44.96,53.96,42.98,46.04,46.94,57.2,35.06,37,42.1,42.1,36,27.7,37,28,30.2,37.9,42.1,30,39.4,33.08
33.08,45.86,55.04,41,42.98,44.96,53.6,35.96,39,41,42.1,35.1,27,39,28.9,30.2,39,44.1,28.9,35.6,33.08
32.36,45.86,53.06,39.92,41,42.08,51.98,37.04,34,39.9,46,35.1,26.6,39,30,30.2,42.1,46,28.9,32,33.98
31.64,45.86,53.06,39.92,39.92,42.08,51.8,37.94,33.1,37.9,48.9,35.1,26.4,37,28.9,30.2,42.1,44.1,28.9,30.9,33.98
30.92,45.86,55.94,39.92,39.92,42.08,51.8,37.94,33.1,37.9,46.9,35.1,26.1,34,28.9,28.4,42.1,44.1,30,30,33.98
40.64,45.86,57.92,45.86,42.98,46.04,48.2,39.02,34,37.9,45,34,27.7,35.1,28,26.6,42.1,44.1,28.9,28.9,37.04
50.36,46.94,62.96,50.9,46.04,50,53.6,39.92,37,42.1,43,36,29.3,42.1,28.9,30.2,43,48,30,32.5,37.94
60.08,50.9,68,56.84,50,53.06,57.2,42.98,44.1,43,48,37.9,30.9,44.1,34,32,45,52,32,36.3,41
61.7,51.98,66.92,59,51.98,55.94,60.98,46.04,45,44.1,50,39,33.6,48,37,33.8,50,55,34,39.9,42.08
63.32,48.92,66.92,59,50,57.92,62.6,46.04,45,46,51.1,39.9,36.3,50,37.9,35.6,57,57,35.1,41.4,44.96
64.94,51.98,62.96,60.98,53.96,60.08,64.4,46.94,46.9,46.9,48.9,39.9,39,52,39.9,37.4,63,55,36,42.6,44.96
66.56,54.86,64.04,59.9,53.96,60.98,64.4,48.02,48.9,46,52,39.9,39,55,42.1,37.4,61,55,35.1,44.1,44.96
68.36,53.96,64.04,60.98,53.96,62.06,64.4,44.96,51.1,48.9,48,39.9,39,51.1,43,39.2,59,55,35.1,44.4,44.96
69.98,51.98,64.04,59,55.04,62.96,64.4,46.04,50,48.9,46,41,39,51.1,45,41,61,55.9,35.1,44.6,44.06
64.4,51.98,64.04,59.9,53.96,62.06,64.94,44.06,48,48,46.9,39.9,37.9,48.9,43,35.6,59,54,36,45,39.92
58.64,50,60.08,56.84,51.98,57.92,64.4,42.08,43,46,46,39,37,46,42.1,33.8,57,50,34,43.7,39.02
53.06,50,59,53.96,51.98,55.94,64.4,42.08,41,45,45,39.9,36,43,39,28.4,53.1,46,33.1,42.3,37.94
48.74,50,57.92,52.88,50,55.04,64.4,42.08,39.9,44.1,44.1,39.9,35.1,37.9,36,26.6,50,34,32,41,35.96
44.24,50,57.92,52.88,50,51.98,62.6,41,37,41,43,39.9,34,39.9,28.9,26.6,41,28.9,30.9,39.9,35.96
39.92,48.92,57.02,52.88,48.92,48.92,60.8,42.08,43,37.9,44.1,39.9,33.1,36,28,24.8,34,28,30.9,39,37.94
41.36,46.94,55.04,53.96,48.02,46.94,57.92,41,41,33.1,44.1,39,32.4,39,26.1,24.8,28.9,28,30,37.9,37.04
42.62,45.86,53.96,52.88,48.02,46.94,57.2,39.02,41,33.1,44.1,39,31.6,37.9,27,21.2,28.9,27,30.9,37.2,37.04
44.06,43.88,53.96,51.98,44.96,46.04,57.2,39.02,39.9,30,43,43,30.9,37,27,21.2,30.9,27,30,36.7,35.96
41.36,43.88,53.96,51.98,42.98,44.96,57.2,39.02,37,30.9,43,45,30.6,34,28.9,21.2,30,26.1,30,36,35.96
38.66,37.94,51.98,50.9,44.06,42.98,57.2,39.02,37,30,43,46,30.4,37.9,30,21.2,28.9,25,30,34.7,35.96
35.96,44.96,53.06,50.9,42.98,42.08,57.2,35.96,37,30,43,46,30,37,30.9,21.2,30,24.1,28.9,33.3,35.06
38.3,41,53.96,50.9,42.08,42.08,57.02,35.96,34,30,43,46,29.3,37.9,30.9,19.4,30,21.9,28.9,32,35.06
40.64,41.18,53.96,50,42.98,41,55.4,37.04,32,30.9,43,46,28.8,36,32,17.6,28.9,24.1,28.9,32,35.96
42.98,41.9,53.96,50.9,44.06,41,57.2,37.04,30.9,30,43,44.1,28,34,32,17.6,28.9,25,28.9,32,35.06
49.28,43.88,53.06,52.88,46.04,44.96,54.68,39.92,30,28.9,43,45,30.4,32,32,19.4,28,25,28.9,32,39.02
55.76,47.84,57.92,55.94,51.08,50,55.4,44.06,37,32,43,45,32.7,36,34,24.8,28,25,28.9,33.6,37.94
62.06,50,60.08,59,53.96,53.96,60.8,44.06,43,37,43,46.9,35.1,39,35.1,26.6,30.9,24.1,33.1,35.4,39.92
62.06,52.88,62.06,59.9,57.02,57.92,64.04,46.04,46.9,41,44.1,48,38.7,44.1,36,29.5,33.1,23,33.1,37,42.08
62.06,50.9,62.06,61.88,57.92,60.08,64.4,46.94,48.9,45,44.1,50,42.4,48,36,32,30,23,32,39.4,44.96
62.06,52.88,62.96,61.88,59,62.06,66.2,44.96,51.1,48,44.1,48.9,46,48.9,39,33.8,28,23,33.1,41.7,46.94
61.34,59,62.96,64.94,57.92,62.96,66.2,48.02,52,48,46,50,45.7,48,39,35.6,30,23,32,44.1,48.02
60.8,56.84,64.04,64.94,59,62.96,64.4,48.92,55,48.9,46.9,50,45.3,48.9,37.9,37.4,30,23,33.1,43,46.94
60.08,54.86,62.96,64.94,59,62.96,64.4,44.96,55,46.9,43,48.9,45,46.9,36,37.4,28,24.1,33.1,42.1,46.94
55.04,54.86,60.98,63.86,57.92,60.98,60.08,42.08,50,46,44.1,48,43.7,46,33.1,37.4,27,23,32,41,44.06
50,51.98,59,59.9,55.04,60.08,62.6,41,46,43,43,48,42.3,39.9,32,30.2,26.1,21,30.9,39,42.98
44.96,50.9,57.02,56.84,51.08,57.02,57.2,41,42.1,37.9,41,48,41,39,32,28.4,24.1,21,30.9,37,42.08
42.62,50,57.92,54.86,50,53.96,53.6,39.92,39,37.9,39,48,40.6,37,32,26.6,23,21,30.9,35.1,42.08
40.28,48.92,57.02,52.88,48.02,51.98,55.4,39.02,39.9,37,39.9,48,40.3,37.9,30.9,24.8,23,19.9,28.9,34.3,41
37.94,47.84,57.92,50.9,46.04,50,55.4,39.02,41,36,41,46.9,39.9,39,28.9,23,21.9,19.9,28,33.8,39.02
37.22,47.84,57.92,50.9,46.04,50,53.96,37.04,39,37.9,37.9,46,39.6,37.9,30,21.2,21,19.9,28,33.1,41
36.68,46.94,57.02,50,46.94,48.02,55.4,35.96,42.1,37,35.1,45,39.4,37,30,17.6,21,19.9,28,32.4,37.94
35.96,44.96,55.94,46.94,44.06,48.02,53.6,32,41,35.1,35.1,44.1,39,36,30,17.6,21.9,19.9,28,31.6,37.04
35.6,43.88,55.04,46.94,41,46.04,53.6,35.06,37.9,34,34,44.1,39.4,34,30.9,17.6,21.9,19.9,28,30.9,37.04
35.42,43.88,55.04,44.96,41,46.04,52.88,35.06,41,35.1,33.1,43,39.6,36,30.9,17.6,21.9,19.9,27,30.6,37.94
35.06,43.88,57.02,45.86,41,46.04,51.8,35.96,41,35.1,33.1,43,39.9,35.1,30,17.6,21,19,25,30.4,37.04
34.7,43.88,57.92,43.88,41,46.04,51.08,35.96,39,34,33.1,42.1,39.2,35.1,30,15.8,21.9,14,23,30,37.94
34.34,42.62,57.92,43.88,37.94,44.06,50,37.04,42.1,34,33.1,43,38.7,36,28.9,12.2,21.9,15.1,25,28.8,37.94
33.98,41.9,57.02,46.94,39.92,42.98,48.2,35.06,41,32,32,45,37.9,36,28.9,12.2,19.9,17.1,25,27.3,39.02
38.66,44.96,57.92,50,41,46.04,50,37.04,43,34,33.1,48.9,39,37.9,28.9,15.8,18,19,28,26.1,37.94
43.34,46.94,59,57.92,48.02,51.08,51.8,42.08,46.9,35.1,33.1,52,39.9,39.9,28,17.6,21,19.9,30,29.7,41
48.02,47.84,60.08,61.88,51.98,55.04,55.4,48.02,50,37.9,33.1,53.1,41,39.9,28.9,26.6,24.1,19.9,30,33.4,42.98
49.1,50.9,62.06,65.84,55.04,57.92,57.92,48.92,50,39.9,36,53.1,41,43,30,30.2,27,23,30.9,37,44.06
50,51.98,62.96,67.82,57.92,60.98,60.8,50,57.9,42.1,41,53.1,41,45,30,32,28.9,24.1,32,38.3,42.98
51.08,52.88,64.04,68.9,60.08,60.98,60.8,48.92,61,43,43,53.1,41,46,32,33.8,33.1,27,33.1,39.7,42.98
51.8,54.86,62.96,70.88,60.08,62.06,62.6,51.08,63,44.1,46,54,42.1,48.9,32,33.8,36,28,32,41,42.98
52.34,55.94,62.06,71.96,62.06,62.06,64.4,53.06,63,44.1,46.9,54,43,48.9,33.1,35.6,37.9,28.9,30.9,40.6,44.96
53.06,56.84,60.08,68.9,62.96,62.06,62.6,51.08,63,42.1,46,54,44.1,46.9,34,33.8,37.9,30.9,30,40.3,44.06
50.36,56.84,59,65.84,62.06,60.98,64.04,50,54,42.1,44.1,54,42.1,46.9,35.1,35.6,37,30,28.9,39.9,44.06
47.66,53.96,57.02,61.88,59,60.08,64.4,46.04,50,39,43,54,39.9,45,35.1,28.4,32,25,28,36.9,42.08
44.96,50.9,57.02,60.98,57.02,59,60.8,44.96,46,37.9,43,54,37.9,45,34,26.6,30,19.9,26.1,34,39.92
42.98,50.9,57.02,56.84,51.98,57.02,60.8,42.08,42.1,37.9,43,54,37.6,43,33.1,21.2,28.9,19,25,30.9,39.92
41,50,57.02,54.86,53.06,55.94,57.2,41,37.9,37,43,55,37.4,42.1,32,21.2,28.9,18,25,28.9,41
39.02,50,57.02,52.88,51.08,53.96,57.2,39.02,36,37,43,55,37,41,32,21.2,27,18,24.1,27,37.04
38.3,48.38,57.92,52.88,48.92,53.06,55.94,39.92,36,35.1,43,54,36.7,39,30.9,19.4,24.1,17.1,24.1,25,39.92
37.76,46.94,57.02,50,46.94,51.98,55.4,39.02,37,35.1,42.1,54,36.3,37.9,30,17.6,23,16,24.1,25.3,35.06
37.04,46.4,57.02,48.92,44.96,51.98,53.6,37.94,36,32,42.1,55,36,37,30,15.8,23,15.1,21.9,25.7,35.96
36.68,46.22,57.02,47.48,42.08,51.98,53.6,37.94,35.1,33.1,42.1,54,35.2,37,30,15.8,19.9,15.1,21.9,26.1,33.08
36.32,45.86,57.02,45.86,42.08,51.08,51.8,37.04,34,35.1,41,55,34.7,37,30,12.2,21,15.1,21.9,25.7,35.96
35.96,44.96,57.02,44.96,42.08,50,48.2,37.04,33.1,34,41,57,34,37,30.9,12.2,21,12.9,23,25.3,33.08
35.24,44.96,57.02,43.88,39.92,51.08,48.92,35.96,33.1,35.1,41,57,34,36,32,12.2,21.9,12.9,21.9,25,35.06
34.7,42.98,55.94,43.88,39.02,50,48.2,35.96,32,34,39.9,57,34,37,30.9,10.4,24.1,12.9,21.9,25.7,35.96
33.98,43.88,55.94,43.88,39.92,51.98,48.2,33.8,33.1,30,39,57,34,36,30.9,10.4,23,15.1,21.9,26.2,33.98
37.58,45.86,57.02,51.98,42.08,53.06,48.38,39.2,33.1,30.9,39,57,35.6,37.9,30.9,10.4,24.1,17.1,21.9,27,35.96
41.36,48.92,57.92,54.86,48.92,55.94,51.8,46.4,39,37.9,39,57,37.4,39.9,32,14,28,27,21.9,28.2,42.08
44.96,51.98,60.08,62.96,53.96,57.92,57.2,48.92,45,41,39.9,57,39,41,32,19.4,33.1,35.1,24.1,29.7,44.96
44.24,51.98,60.98,65.84,55.94,60.08,57.2,51.8,51.1,43,41,55.9,40.3,42.1,30,24.8,37,39,26.1,30.9,46.04
43.7,54.5,62.06,69.98,59,62.06,60.8,53.6,54,46,41,55,41.7,43,30.9,30.2,41,43,30,32.5,48.02
42.98,56.84,62.96,70.88,60.08,62.06,62.6,53.96,54,46.9,41,53.1,43,44.1,33.1,33.8,44.1,46.9,30,34.3,46.94
44.06,60.98,62.96,71.96,60.08,62.06,64.4,55.04,53.1,48,41,55,42.6,45,35.1,35.6,46,48.9,30.9,36,48.02
44.96,61.88,62.06,71.96,60.08,62.06,66.2,53.96,52,48.9,45,55.9,42.4,44.1,37.9,35.6,46.9,50,30,36.3,48.02
46.04,59,62.06,70.88,59,62.06,66.2,55.04,52,46.9,45,57,42.1,44.1,41,33.8,46,51.1,30,36.7,48.02
44.06,56.84,60.98,68.9,57.92,60.08,66.02,53.96,48.9,46,44.1,57,41.4,43,39,35.6,46,50,28.9,37,46.94
41.9,54.86,57.92,64.94,57.02,59,66.2,50,46.9,44.1,43,57,40.6,39.9,37.9,30.2,42.1,43,25,35.4,46.04
39.92,52.88,57.92,61.88,55.04,57.92,64.4,48.02,46.9,41,39,55.9,39.9,33.1,35.1,24.8,41,39,24.1,33.6,46.94
39.56,51.98,57.02,60.98,55.04,55.94,64.4,44.96,48,39,39.9,54,38.7,27,32,23,39.9,39.9,24.1,32,46.04
39.38,50.9,57.02,56.84,53.06,53.96,62.6,41,48,35.1,41,52,37.2,25,30,19.4,39.9,39,24.1,30.9,44.06
39.02,50.9,55.94,53.96,51.98,53.06,55.4,37.94,46.9,33.1,41,51.1,36,25,28,21.2,39,39,24.1,30,44.06
38.3,50.36,55.94,52.52,51.08,51.08,55.04,39.92,46.9,33.1,37.9,52,36.7,21.9,25,19.4,37.9,39,24.1,28.9,44.06
37.76,50,55.94,50.9,51.08,50,55.4,39.92,46,33.1,39,52,37.2,21,23,17.6,37,39,23,26.6,44.06
37.04,47.84,53.96,50,51.08,50,55.4,37.94,46,28.9,39,51.1,37.9,21.9,23,14,37,39,21,24.3,42.98
37.76,47.48,53.06,48.92,51.08,50,53.6,35.06,45,28,39.9,51.1,37,26.1,23,15.8,37,37,19.9,21.9,42.98
38.3,46.94,51.98,47.84,50,51.08,53.6,35.06,45,26.1,39.9,52,36,26.1,21.9,14,37,39,19,23,42.08
39.02,47.84,51.08,47.84,48.92,51.08,51.8,33.98,44.1,26.1,39.9,52,35.1,25,19.9,12.2,37,39,19.9,23.9,41
40.1,47.84,51.08,45.86,46.94,50,51.8,30.92,43,25,39,51.1,35.1,19.9,19.9,10.4,37,39.9,19,25,39.02
41,48.92,51.08,44.96,44.96,48.92,51.8,30.02,43,24.1,39.9,52,35.1,23,19.9,10.4,37,37.9,17.1,23.9,37.94
42.08,50,50,44.96,46.04,48.92,51.8,28.04,43,21.9,39.9,52,35.1,23,21,10.4,37,37.9,17.1,23,37.04
43.7,50,55.04,50,48.02,50,51.8,37.94,43,26.1,39.9,53.1,35.8,30,23,12.2,37.9,39,17.1,21.9,35.96
45.32,50.9,57.92,56.84,50,51.08,53.6,44.96,45,30,41,53.1,36.3,35.1,27,14,41,44.1,18,24.3,42.08
46.94,50.9,60.98,62.96,53.06,53.96,59,51.08,46,34,42.1,55,37,37,28.9,21.2,45,48.9,19,26.6,46.04
46.22,50.9,62.06,66.92,51.08,55.94,62.06,51.08,48,39,43,57,37.4,39.9,30,26.6,48,53.1,21,28.9,48.02
45.68,51.98,62.06,69.98,55.04,55.94,64.4,55.04,52,43,43,59,37.6,41,34,32,52,55.9,23,30.9,48.92
44.96,53.96,62.06,70.88,57.02,57.92,66.2,55.94,54,48,44.1,59,37.9,42.1,37,35.6,55.9,57.9,25,33.1,48.92
44.6,52.88,62.96,70.88,57.92,59,69.8,59,57,48.9,44.1,57.9,38.3,43,39,35.6,57,59,26.1,35.1,48.92
44.42,52.88,60.98,69.98,57.02,57.92,69.8,55.04,57,51.1,44.1,55,38.7,43,37.9,37.4,59,59,26.1,35.1,50
44.06,52.88,60.98,68.9,57.02,57.92,69.8,55.94,52,51.1,44.1,55,39,42.1,37.9,37.4,57.9,59,27,35.1,48.92
44.96,51.98,60.08,65.84,55.04,59,71.06,51.98,53.1,51.1,44.1,55,37.8,41,37.9,35.6,57,55,26.1,35.1,46.94
46.04,50.9,59,61.88,53.06,57.92,69.62,51.08,50,46.9,44.1,52,36.3,34,37,30.2,53.1,50,24.1,34.3,44.06
46.94,50.9,57.92,59,51.98,57.02,66.2,48.02,48,41,44.1,51.1,35.1,30.9,30,26.6,52,46.9,21,33.8,44.06
46.58,51.98,59,56.84,50,55.04,62.6,42.08,46.9,39.9,43,50,34.7,24.1,27,21.2,51.1,44.1,19.9,33.1,42.08
46.4,51.98,57.92,56.84,46.94,51.08,60.8,41,44.1,36,41,51.1,34.3,24.1,28.9,24.8,46,42.1,18,33.1,39.92
46.04,52.88,57.92,54.86,46.04,51.08,60.8,39.92,45,35.1,39.9,51.1,34,21,27,17.6,45,39,18,33.1,37.04
46.04,52.88,57.02,53.96,44.96,50,57.92,39.92,44.1,34,42.1,50,34,19.9,26.1,15.8,46.9,36,17.1,33.1,37.04
46.04,51.98,57.92,53.96,42.98,51.98,55.4,39.02,43,30.9,41,50,34,21.9,28.9,15.8,41,37.9,17.1,33.1,37.04
46.04,50.9,57.92,53.96,41,51.08,55.4,39.02,45,28.9,39,50,34,21.9,30,17.6,39.9,41,15.1,33.1,37.94
45.68,50.9,57.92,53.96,39.02,48.92,55.4,37.04,42.1,28,39,46.9,33.3,19,28.9,14,39.9,37.9,14,33.1,39.02
45.32,50.9,55.94,53.96,39.02,44.96,55.4,37.04,42.1,28,39,48,32.7,18,24.1,14,37,34,12,31.6,35.96
44.96,50.9,55.04,52.88,35.96,46.04,55.4,37.94,42.1,28,37.9,48,32,18,26.1,12.2,37.9,37.9,12,30.4,37.94
44.6,50,55.94,52.88,35.06,44.06,53.06,37.04,42.1,25,39,48,33.1,19,28,12.2,34,39,8.1,28.9,37.94
44.42,50,57.92,53.96,39.92,42.98,53.6,35.96,42.1,25,39,46.9,34,19,27,10.4,33.1,36,7,28.9,39.02
44.06,50,57.92,52.88,39.02,44.06,53.6,35.06,43,26.1,37.9,50,35.1,21.9,26.1,10.4,35.1,37.9,8.1,28.9,37.94
45.32,50.9,59,53.96,39.02,44.06,55.4,39.02,44.1,27,39,46.9,35.1,25,27,10.4,35.1,39,3.9,28.9,39.02
46.76,50.9,60.08,55.94,44.06,48.92,57.2,42.98,50,30.9,42.1,48.9,35.1,27,28.9,15.8,39,46,8.1,30.6,39.92
48.02,52.88,62.06,50.9,48.92,53.06,62.6,46.94,51.1,32,43,51.1,35.1,32,32,19.4,45,50,15.1,32.4,42.98
51.08,52.88,64.04,59,50,55.94,66.02,46.94,55,36,46.9,53.1,35.4,37,33.1,24.8,50,53.1,17.1,34,46.04
53.96,53.6,64.04,60.98,51.98,57.92,69.8,51.08,59,39.9,50,54,35.6,41,37,28.4,55.9,55.9,21,34.7,48.02
57.02,53.96,64.04,61.88,53.96,59,71.6,51.98,62.1,46.9,50,55,36,42.1,37,32,60.1,59,24.1,35.2,48.02
57.74,54.86,64.94,64.94,55.94,60.08,71.6,53.96,66.9,48.9,51.1,55.9,35.6,42.1,37.9,32,62.1,60.1,28,36,48.02
58.28,54.86,64.94,64.94,57.02,60.98,73.4,53.96,64.9,52,50,57.9,35.4,42.1,39,33.8,63,62.1,28.9,36.3,48.92
59,53.96,62.96,63.86,57.02,60.98,73.4,55.04,61,53.1,50,57.9,35.1,42.1,41,33.8,62.1,61,28.9,36.7,48.02
57.38,53.96,62.06,61.88,55.94,57.92,73.04,53.96,59,51.1,46.9,57.9,34.7,41,41,33.8,60.1,60.1,28.9,37,48.02
55.58,53.96,60.08,59,53.96,57.02,71.6,48.92,57.9,50,45,52,34.3,37.9,39,32,57.9,52,27,35.4,46.04
53.96,53.96,59,57.92,53.06,53.96,69.8,44.06,53.1,46,45,50,34,37,36,28.4,54,46.9,21.9,33.6,44.06
54.68,52.88,59,55.94,50,51.98,66.2,42.98,48.9,45,45,48.9,34,35.1,28,24.8,53.1,46.9,18,32,42.98
55.22,52.88,59,54.86,48.92,51.08,64.4,39.92,46.9,45,45,48.9,34,27,28,17.6,46,44.1,18,31.3,42.98
55.94,51.98,59,54.86,46.04,48.92,62.6,35.96,46.9,43,46.9,46.9,34,25,26.1,19.4,42.1,43,21,30.7,44.06
55.94,51.98,59,55.94,48.02,46.94,62.06,33.98,46.9,42.1,48.9,45,32.9,24.1,25,17.6,42.1,44.1,21,30,42.98
55.94,51.98,59,55.94,46.04,48.02,62.6,33.08,44.1,42.1,48.9,46.9,32,23,25,14,39,43,21,30,42.08
55.94,51.98,59,54.86,44.96,46.94,60.8,33.08,43,42.1,48.9,51.1,30.9,24.1,25,14,37,41,21,30,42.08
53.96,51.98,59,53.96,46.94,46.94,60.8,30.02,39.9,42.1,48.9,46.9,30.2,24.1,25,14,35.1,42.1,21,30,42.08
51.98,51.98,59,53.96,44.06,48.02,57.2,30.02,41,39.9,48.9,48.9,29.7,19.9,24.1,14,37,37.9,21,29.3,42.08
50,51.98,59,53.96,44.96,48.02,57.2,30.92,39.9,39.9,48.9,57,28.9,19,24.1,12.2,33.1,41,21,28.8,42.98
47.3,50.9,57.92,51.98,44.06,46.94,57.02,30.02,43,39.9,48.9,44.1,29.7,18,24.1,12.2,35.1,39,19.9,28,42.98
44.78,50.9,57.92,50,42.08,46.04,57.2,30.92,42.1,39,48.9,43,30.2,19.9,24.1,10.4,35.1,39.9,19.9,28,42.98
42.08,51.98,59,48.92,41,46.94,55.4,28.04,39.9,37.9,48.9,45,30.9,19.9,24.1,8.6,35.1,42.1,19.9,28,42.98
49.1,51.98,59,51.98,44.06,48.02,55.4,37.04,44.1,34,48.9,46,31.6,23,24.1,10.4,37,44.1,19.9,28,46.94
55.94,52.88,59,56.84,50,50,55.4,42.08,48.9,43,51.1,46.9,32.4,28.9,30,15.8,41,48.9,21.9,28.8,46.94
62.96,53.96,60.08,59,53.96,51.98,59,46.04,52,45,52,52,33.1,34,34,19.4,46.9,53.1,24.1,29.3,48.92
62.06,54.86,60.98,61.88,57.92,51.98,60.98,50,55.9,50,52,57,35.4,37.9,37,24.8,53.1,57.9,27,30,50
60.98,56.84,60.08,65.84,60.98,53.96,62.6,53.96,62.1,54,52,62.1,37.6,43,39,26.6,57.9,61,32,31.3,50
60.08,57.92,59,65.84,62.06,53.96,66.2,55.4,61,55.9,51.1,64,39.9,48,42.1,30.2,62.1,63,35.1,32.7,51.08
58.46,56.84,59,64.94,64.04,51.98,66.2,57.2,60.1,57,51.1,64.9,40.6,51.1,43,30.2,64,64.9,35.1,34,48.92
56.66,57.92,57.92,62.96,64.94,53.06,66.2,55.4,62.1,60.1,51.1,68,41.4,50,45,33.8,64,66,36,34,48.92
55.04,57.92,57.92,61.88,66.92,53.96,64.4,57.02,59,60.1,51.1,66.9,42.1,48.9,45,35.6,64,66,36,34,50
51.62,56.84,57.92,60.98,64.94,55.04,64.94,55.4,54,59,51.1,66,39.7,46.9,45,35.6,64,54,36,34,50
48.38,54.86,57.02,57.92,62.06,53.06,62.6,50.9,51.1,55.9,48.9,63,37.4,39.9,44.1,30.2,60.1,48.9,32,33.6,50
44.96,53.96,57.92,55.94,57.02,51.08,60.8,48.2,51.1,48.9,48.9,61,35.1,39,36,24.8,57,45,30,33.4,46.94
43.7,52.88,57.92,55.94,55.94,50,59,48.2,54,46.9,48.9,57,34,35.1,32,21.2,55.9,41,30,33.1,46.94
42.26,53.96,57.92,54.86,53.96,48.92,55.4,46.4,51.1,46,48.9,54,33.1,34,35.1,21.2,53.1,37.9,28,31.1,46.04
41,51.98,59,53.96,51.08,46.94,55.4,46.04,51.1,46,48.9,54,32,28.9,36,19.4,46,34,30,28.9,44.96
44.42,50.9,59,53.42,48.92,44.96,53.96,44.6,50,39.9,48.9,54,30.9,30.9,35.1,17.6,44.1,33.1,28.9,27,44.96
47.66,51.98,60.08,52.88,48.02,42.98,51.8,46.4,51.1,37.9,48.9,54,30,28,34,19.4,42.1,34,28.9,27.7,44.96
51.08,50,60.98,51.98,46.94,42.98,51.8,46.4,50,35.1,48,53.1,28.9,28.9,33.1,15.8,42.1,32,28,28.2,44.96
50.72,51.98,60.98,50.9,46.04,42.08,50,41,50,33.1,48,53.1,28.6,30.9,30.9,15.8,39,30,28,28.9,46.04
50.36,48.92,60.08,50,44.96,41,48.2,39.2,50,33.1,48.9,53.1,28.4,25,30,12.2,37,27,21.9,28.9,44.96
50,47.84,60.08,48.92,44.06,41,48.2,37.94,48.9,30.9,46.9,52,28,21.9,25,14,34,28,23,28.9,44.06
48.02,46.94,55.94,47.84,42.08,39.92,46.94,33.8,48.9,33.1,45,50,28.8,23,26.1,12.2,34,26.1,21.9,28.9,44.96
46.04,47.84,57.02,47.84,42.98,39.02,46.4,32,46.9,32,45,51.1,29.3,24.1,23,12.2,34,25,24.1,28.6,44.96
44.06,48.92,55.94,48.92,44.96,37.94,44.6,33.08,48,32,45,51.1,30,19,25,10.4,30.9,25,27,28.4,44.96
46.04,50,57.92,53.96,50,42.98,46.4,39.02,48,32,45,51.1,31.1,25,27,12.2,34,23,27,28,46.04
48.02,53.96,60.98,59,53.06,46.94,48.2,46.04,51.1,37,45,51.1,32,28,33.1,17.6,37,28.9,25,29.3,46.04
50,55.94,62.06,61.88,57.92,51.08,53.6,51.98,54,41,46.9,51.1,33.1,30,36,21.2,39,34,30,30.7,44.06
51.98,52.88,62.96,67.28,62.96,53.96,57.02,51.08,55.9,48,48.9,52,34,34,41,24.8,42.1,39,30.9,32,44.06
53.96,54.86,62.96,71.96,64.94,55.94,62.6,53.96,61,51.1,48.9,53.1,35.1,39.9,45,30.2,45,44.1,34,34.3,44.06
55.94,58.46,62.06,72.86,66.92,55.04,62.6,53.96,62.1,52,46.9,55,36,42.1,46,32,48,48,34,36.7,44.06
55.58,61.88,60.08,73.4,69.08,57.02,64.4,55.94,61,54,44.1,57.9,36.7,45,48,33.8,50,50,32,39,42.98
55.4,63.86,60.08,72.86,68,57.92,66.2,57.02,60.1,59,44.1,57,37.2,46,48.9,35.6,51.1,51.1,34,39,44.06
55.04,62.96,60.98,72.86,66.92,57.92,66.74,57.02,60.1,60.1,43,57,37.9,45,50,33.8,52,52,33.1,39,42.98
53.42,63.86,60.98,71.96,66.92,57.02,66.2,57.02,57,60.1,43,57.9,36,44.1,50,35.6,50,50,33.1,39,44.96
51.62,59,60.08,68,62.96,53.96,64.4,50,57,54,43,52,34,41,48,35.6,45,45,32,37.8,42.08
50,56.84,60.98,66.92,60.98,53.06,62.6,44.6,57,53.1,43,50,32,41,45,35.6,43,43,32,36.3,40.1
48.92,54.86,60.08,62.96,60.08,53.06,60.8,42.98,57,48.9,43,48.9,30.9,37.9,44.1,35.6,42.1,39.9,32,35.1,40.1
48.02,54.86,59,59,59,50,55.4,37.4,55.9,46,43,48.9,30,30,46,33.8,42.1,36,30.9,34.3,39.92
46.76,54.68,58.82,57.02,57.38,48.56,55.22,36.5,54.3,44.1,43.5,46.9,29.1,29.3,46,31.6,38.3,32.9,28.6,34.7,39.56
45.5,54.68,58.64,54.86,55.94,47.12,55.04,35.6,52.5,42.1,44.1,45,27.9,28.6,46,29.3,34.5,30.2,26.1,35.1,38.66
44.24,54.5,58.46,52.88,54.32,45.68,54.86,34.7,50.9,40.1,44.6,43,26.8,27.7,46,27,30.9,27.1,23.5,35.4,37.22
42.8,54.32,58.46,50.72,52.7,44.24,54.5,33.62,49.1,37.9,45.3,41,25.5,26.8,46,24.8,27.3,24.3,21,36,35.6
41.54,54.14,58.28,48.74,51.08,42.8,54.32,32.72,47.5,36,45.9,39,24.4,25.9,46,22.5,23.5,21.2,18.5,36.3,33.98
40.28,54.14,58.1,46.58,49.64,41.36,54.14,32,45.7,34,46.4,37,23.2,25.2,46,20.1,19.8,18.3,16,36.7,33.08
39.02,53.96,57.92,44.6,48.02,39.92,53.96,30.92,44.1,32,46.9,35.1,21.9,24.1,46,17.6,15.8,15.1,13.3,37,32.54
46.94,53.96,57.92,41,46.94,41,53.96,30.02,43,32,48,32,23,24.1,46,17.6,15.1,10,12,39.9,32.54
44.06,53.96,57.92,39.2,46.94,39.92,52.88,28.94,43,30,50,32,23,24.1,46,15.8,14,9,10.9,35.1,32.36
42.98,54.86,57.92,41,46.94,37.94,52.88,28.94,42.1,32,51.1,30.9,23,28.9,46.9,15.8,13.1,15.1,10,36,33.08
44.06,54.86,57.2,46.4,48.92,42.08,54.86,33.08,42.1,33.1,48.9,36,26.1,34,46.9,15.8,12,12.9,9,34,32
46.94,56.84,56.66,50,51.08,50,59,37.04,43,39,48,39,28.9,37.9,46.9,19.4,12,27,9.3,39.9,32
48.02,56.84,55.94,66.92,50,53.96,62.96,41,44.1,43,46.9,44.1,30.9,39.9,46,24.8,12,32,9.7,41,32
51.08,59,55.22,55.4,50,59,63.86,44.96,44.1,48.9,48,48,33.1,41,45,26.6,12,37,10,45,33.98
50,59.9,54.68,59,50,62.96,65.84,46.94,45,53.1,48.9,46.9,34,43,46,28.4,12,39,10.8,46.9,33.98
50,60.98,53.96,62.6,51.08,64.94,68,51.08,45,55.9,51.1,51.1,36,43,52,30.2,12,42.1,11.3,46,33.98
51.98,59,53.96,62.6,51.98,66.92,69.98,55.04,46,60.1,52,53.1,36,44.1,53.1,32,12,44.1,12,48.9,35.06
50,59,53.96,62.6,51.08,68,71.96,55.04,46,63,53.1,55.9,37,44.1,55,33.8,11.7,46.9,12,48.9,35.06
48.92,59,53.96,62.6,53.96,68,72.68,55.04,46,64,53.1,54,37,44.1,54,33.8,11.3,48.9,12,50,35.06
48.92,59,53.96,60.8,53.06,68,72.86,53.06,48,64,53.1,54,36,42.1,55,33.8,10.9,46,12,50,35.06
48.02,57.92,53.96,59,48.92,64.04,70.88,48.02,48,60.1,52,48.9,30.9,39.9,50,30.2,10.6,41,10,46,33.98
48.02,55.94,53.96,55.4,46.04,62.06,68,44.96,48,50,50,45,28,37,48.9,24.8,10.4,36,8.1,43,30.92
46.04,56.84,54.32,53.6,46.94,59,65.84,42.08,48,48.9,50,43,28,28,48,23,10,33.1,6.1,37.9,30.92
46.04,55.94,54.68,51.8,46.94,57.02,61.88,41,48,45,48.9,46.9,27,27,48.9,19.4,10,35.1,5.4,37,30.92
46.04,55.94,55.04,50,46.94,53.06,61.88,39.92,48.9,42.1,48,43,28,26.1,46,23,10,37.9,4.6,39.9,30.92
46.04,55.94,53.42,48.2,44.96,51.98,59,39.92,48.9,37.9,46.9,39,27,21,45,24.8,10,37,3.9,39.9,30.92
44.96,54.86,51.62,48.2,44.96,51.08,57.92,39.02,48.9,37.9,45,39.9,24.1,26.1,45,24.8,10,35.1,3,37.9,28.04
44.96,54.86,50,48.2,44.96,51.08,53.96,37.94,48,37,46,39,24.1,23,44.1,26.6,10,36,1.9,37.9,28.04
44.96,52.88,48.92,46.4,46.04,50,55.94,37.04,46,35.1,45,37.9,21,25,44.1,26.6,10,34,1,35.1,30.02
44.96,53.96,48.02,46.4,46.94,46.94,55.94,35.96,46,34,45,35.1,21.9,19.9,46,26.6,10.4,33.1,0,34,30.02
44.96,53.96,46.94,44.6,46.94,46.04,53.96,35.06,48,34,45,37,19.9,19,46,26.6,10.6,37,-0.9,34,28.94
44.06,53.96,47.66,42.8,44.06,44.06,51.98,33.08,50,32,45,34,21,19.9,46.9,26.6,10.9,39.9,-2,35.1,30.02
44.06,52.88,48.2,42.8,44.06,44.06,52.88,30.92,50,32,44.1,33.1,19,16,46.9,26.6,11.3,37.9,-2,34,30.02
42.08,53.96,48.92,42.8,42.08,42.98,52.88,32,50,30.9,45,33.1,18,18,45,26.6,11.7,37.9,-2,34,30.02
42.08,52.88,51.62,46.4,46.04,48.02,55.94,35.96,50,34,46.9,35.1,25,27,44.1,28.4,12,39,-2,34,28.94
46.04,54.86,54.32,50,48.92,51.08,59,39.92,51.1,39.9,48,39.9,28,35.1,48,30.2,13.1,39.9,0,35.1,32
48.02,55.94,57.02,51.8,51.98,55.04,62.96,42.98,51.1,44.1,48.9,44.1,30.9,41,51.1,30.2,14,43,1.9,35.1,33.98
50,55.94,58.1,55.4,55.04,57.92,66.92,46.04,51.1,50,50,48,34,44.1,53.1,33.8,15.1,45,3.9,39,37.04
50,57.92,59,57.2,57.02,60.08,68.9,46.94,52,54,52,50,37.9,44.1,54,35.6,17.4,45,5.9,39.9,37.04
51.08,56.84,60.08,57.2,60.98,62.96,71.96,51.08,52,59,52,54,37.9,45,53.1,37.4,19.6,48,8.1,42.1,39.02
51.08,60.98,60.44,57.2,62.96,66.02,72.86,51.98,52,62.1,50,55.9,43,46.9,51.1,37.4,21.9,51.1,10,45,39.02
50,59.9,60.62,59,64.04,66.92,74.84,53.06,53.1,64,51.1,55.9,42.1,46.9,48.9,41,23,52,10.9,48.9,39.92
50,59.9,60.98,57.2,64.04,66.02,74.84,53.06,54,66,50,55.9,43,46,48.9,39.2,23.9,51.1,12,46.9,39.92
48.02,59,59.36,57.2,62.06,66.02,74.84,53.06,53.1,64,48.9,55,39.9,46,50,39.2,25,46.9,12.9,48.9,37.94
46.04,57.92,57.56,53.6,59,62.06,74.84,46.04,52,57.9,48.9,51.1,34,41,50,37.4,22.6,39,9.3,46.9,37.04
42.08,55.94,55.94,53.6,57.02,59,70.88,42.08,53.1,54,50,51.1,33.1,30.9,50,35.6,20.3,36,5.5,44.1,35.06
37.94,54.86,55.58,51.8,55.94,53.96,68,37.04,52,48,48.9,46.9,25,26.1,50,35.6,18,34,1.9,36,35.06
35.96,54.86,55.4,51.8,53.96,51.98,62.96,35.96,54,44.1,50,44.1,27,27,50,33.8,16,30.9,1,35.1,35.06
37.94,54.86,55.04,51.8,46.94,50,61.88,33.08,55.9,42.1,48.9,46,28,24.1,46.9,33.8,14,25,0,35.1,33.98
37.94,54.86,53.42,50,44.96,48.92,61.88,35.96,57.9,39.9,46.9,45,25,21.9,46,33.8,12,19.9,-0.9,34,32
37.04,53.96,51.62,51.8,42.98,46.94,59,23,57,37.9,46,44.1,24.1,25,46,32,11.7,19,-0.6,35.1,32
33.98,54.86,50,50,42.98,46.94,57.92,21.02,55.9,36,46,44.1,23,25,44.1,32,11.3,16,-0.4,37,30.92
33.98,54.86,49.64,51.8,39.92,48.02,56.84,17.96,55,34,45,44.1,21.9,30,36,33.8,10.9,15.1,0,36,32
35.96,53.96,49.28,51.8,39.02,48.92,55.94,17.96,55.9,34,41,44.1,23,30.9,41,33.8,10.6,12.9,1,37.9,28.94
35.06,54.86,48.92,50,37.04,48.02,56.84,19.04,55.9,32,37.9,45,21,30,44.1,32,10.4,10.9,1.9,36,28.94
33.08,53.96,48.2,50,35.96,44.96,55.94,15.98,55,30.9,36,45,19.9,32,44.1,32,10,10,3,36,28.94
33.08,50.9,47.66,46.4,37.94,46.94,50,15.98,55,34,37.9,44.1,19,30.9,46,33.8,10.4,9,3.4,37,28.94
35.96,50,46.94,48.2,37.94,46.04,52.88,19.04,55,34,39,43,19.9,32,46,35.6,10.6,9,3.6,37,28.94
37.94,48.92,50.54,51.8,42.98,51.98,54.86,30.92,54,37,39,42.1,23,34,45,33.8,10.9,8.1,3.9,36,30.92
39.92,50,54.32,53.6,48.02,59,57.92,42.08,55,39.9,43,42.1,27,36,46.9,33.8,16,8.1,5.5,37.9,33.98
44.96,50.9,57.92,55.4,51.08,64.94,61.88,46.04,55,41,46,43,30.9,39,51.1,33.8,21,7,7.3,39,37.04
46.94,52.88,60.26,57.2,53.96,69.08,65.84,48.92,54,44.1,50,43,35.1,45,52,33.8,26.1,8.1,9,37.9,37.94
50,55.94,62.6,57.2,57.02,71.06,66.92,51.98,54,46.9,50,43,39,46,53.1,33.8,28,9,11.3,37.9,39.92
50,55.94,64.94,60.8,57.92,73.94,68,55.04,54,48.9,50,45,43,46.9,55,35.6,30,9,13.6,43,41
48.02,56.84,64.22,57.2,59,75.92,69.98,57.02,54,51.1,51.1,46.9,42.1,48.9,63,37.4,32,10,16,44.1,41
48.02,55.94,63.68,57.2,57.02,75.92,70.88,59,54,52,51.1,48,44.1,50,64,37.4,32,8.1,16,39.9,42.08
48.02,55.94,62.96,59,55.04,77,69.98,59,54,52,50,50,42.1,50,62.1,33.8,32,7,16,39.9,42.08
48.02,54.86,61.7,57.2,55.94,75.02,70.88,57.02,54,48.9,51.1,48.9,39,48,63,32,32,6.1,16,39,41
46.04,52.88,60.26,55.4,53.96,71.96,69.98,51.08,55,46.9,50,48,35.1,43,62.1,32,30,6.1,13.6,37.9,39.02
46.04,51.98,59,53.6,50,66.92,68,48.92,55.9,46,48.9,46.9,33.1,41,59,30.2,28,5,11.3,36,33.98
44.96,51.98,57.92,53.6,48.92,60.08,64.94,44.06,55.9,46,48,46.9,32,30,57,30.2,26.1,3.9,9,35.1,33.08
44.06,51.98,57.02,53.6,46.04,57.92,63.86,42.98,54,45,46.9,46.9,32,30.9,55,28.4,25,3,10,33.1,33.08
42.98,51.98,55.94,53.6,44.96,57.92,63.68,37.94,54,45,46.9,46.9,32,27,51.1,26.6,24.1,3,10.9,34,30.02
42.98,47.84,55.04,51.8,42.98,57.02,63.86,39.02,55,45,46.9,46,30.9,25,46.9,26.6,23,1.9,12,35.1,30.02
42.98,47.84,53.96,51.8,42.98,55.04,61.88,26.06,57.9,45,46.9,45,28,24.1,46,26.6,23,1,8.6,34,32
42.98,46.94,53.06,51.8,44.06,55.94,61.88,24.98,57,43,44.1,43,28.9,24.1,48,26.6,23,1,5.4,35.1,30.02
42.98,45.86,51.98,51.8,44.96,53.06,61.88,24.08,53.1,41,44.1,43,30,26.1,46.9,21.2,23,-0.9,1.9,33.1,28.94
44.06,45.86,51.08,51.8,42.98,51.98,61.88,19.94,54,39.9,44.1,42.1,30,25,48.9,19.4,23,-0.9,0,32,30.02
44.06,44.96,50,51.8,42.98,51.98,60.98,19.04,52,39,44.1,42.1,30,21.9,50,17.6,23,-0.9,-2,32,28.04
46.04,43.88,49.64,51.8,39.92,53.96,60.98,17.96,51.1,39,44.1,42.1,32,24.1,50,17.6,23,-2,-4,32,30.02
48.02,43.88,49.28,51.8,37.94,53.96,57.92,17.96,48.9,39,45,42.1,32,28,46,17.6,22.6,-4,-4,28,28.94
46.04,42.98,48.92,51.8,39.92,55.94,54.86,17.06,48.9,39,45,42.1,32,28.9,44.1,15.8,22.3,-5.1,-4,28.9,28.04
50,46.94,53.24,51.8,46.94,60.08,55.94,30.92,50,39,45,44.1,34,30,46,21.2,21.9,-4,-4,28.9,30.92
51.08,50,57.74,53.6,51.08,64.04,62.96,39.02,52,39.9,46,46.9,34,37,46,23,25,-2.9,1.6,32,33.08
50,51.98,62.06,55.4,55.94,69.98,66.92,46.04,54,41,46,48,37,42.1,48,26.6,27.9,-2,7.3,36,35.06
51.08,51.98,64.4,57.2,60.98,71.06,68.9,51.08,55.9,41,48,48.9,37,46.9,50,28.4,30.9,-0.9,12.9,37.9,37.94
53.96,53.96,66.74,57.2,62.96,69.98,70.88,53.06,57.9,42.1,50,51.1,37.9,48,48.9,30.2,32.9,0,16,42.1,39.92
57.02,54.86,69.08,57.2,64.94,71.06,72.68,55.94,59,44.1,48.9,53.1,37,45,51.1,33.8,35.1,1,18.9,45,42.08
57.02,54.86,68.36,59,66.02,71.06,73.94,60.08,64,45,48.9,54,36,50,51.1,33.8,37,1,21.9,46,42.08
57.92,53.96,67.64,59,64.94,69.98,74.84,62.06,59,46,50,50,36,51.1,54,33.8,36.7,1,22.3,50,42.08
57.92,54.86,66.92,57.2,64.94,69.98,74.84,60.98,60.1,45,48.9,46.9,37,50,57.9,33.8,36.3,0,22.6,48.9,42.98
57.02,53.96,65.3,53.6,62.96,66.02,75.92,59,57,44.1,50,44.1,35.1,48.9,54,33.8,36,0,23,48.9,41
53.06,51.98,63.68,53.6,57.92,66.02,73.94,51.98,55.9,41,48.9,43,34,41,55,30.2,35.1,-0.9,17.6,46.9,37.94
50,51.98,62.06,51.8,55.94,66.02,71.96,46.94,55,39.9,46.9,42.1,33.1,37.9,51.1,26.6,34,-0.9,12.4,45,35.96
50,50.9,61.34,51.8,51.98,66.92,70.88,44.06,54,39.9,46,41,30.9,35.1,52,24.8,33.1,-2,7,43,37.04
50,51.98,60.8,51.8,51.98,64.04,66.92,35.06,54,39,45,39.9,30.9,35.1,48.9,24.8,33.1,-2.9,4.6,44.1,35.96
46.94,51.98,60.08,53.6,48.92,62.06,66.92,28.94,54,37.9,43,39,30,30.9,48,24.8,33.1,-8,2.3,42.1,35.06
48.92,50.9,59,51.8,50,62.96,64.94,26.96,54,37,42.1,39,30,30,46,24.8,33.1,-9,0,41,35.06
48.02,50.9,58.1,53.6,48.02,69.08,63.86,26.96,53.1,35.1,42.1,39,27,27,45,26.6,33.1,-9.9,-0.4,39.9,35.06
44.96,50.9,57.02,53.6,44.96,62.96,61.88,26.06,53.1,34,39,37.9,24.1,26.1,46,24.8,33.1,-8,-0.6,37.9,35.06
44.06,50.9,55.94,51.8,44.96,55.04,59,21.92,53.1,32,37.9,37.9,19.9,25,42.1,24.8,33.1,-8,-0.9,37,35.06
42.08,50.9,55.04,53.6,42.98,53.96,59,26.96,55.9,32,39,37,19,26.1,39,24.8,33.4,-4,1,37,35.06
39.92,50.9,53.96,53.6,42.98,53.06,59.9,26.96,54,30,37.9,37,23,24.1,37.9,24.8,33.6,-6,3,37,35.06
39.02,50,53.96,53.6,44.96,53.06,60.98,28.94,53.1,28.9,37.9,37,23,27,37,26.6,34,-5.1,5,35.1,35.06
37.94,50,53.96,53.6,42.08,53.06,59,28.94,53.1,27,39,37,28,28.9,37,24.8,34.3,-2,3.9,35.1,35.06
39.92,50.9,53.96,53.6,42.08,53.96,57.92,28.04,52,28,39.9,37,28,30,35.1,17.6,34.7,-2,3,35.1,35.06
37.94,50.9,59,55.4,50,57.02,59.9,39.02,53.1,30,41,36,28,30.9,34,17.6,35.1,-0.9,1.9,37.9,37.04
46.94,51.98,64.04,55.4,53.96,55.94,62.96,46.94,54,34,42.1,37.9,28,37.9,35.1,19.4,37,1,6.3,39.9,39.02
53.06,52.88,69.08,57.2,59,57.02,66.92,51.98,54,39.9,44.1,39,30,39.9,37,23,39,3.9,10.8,42.1,39.92
53.06,52.88,71.42,57.2,60.98,57.92,69.98,57.02,53.1,44.1,45,39.9,30.9,44.1,36,24.8,41,6.1,15.1,45,42.98
51.98,52.88,73.58,57.2,62.96,59,71.96,60.08,54,46,46.9,41,32,48,39,26.6,41.4,8.1,18.3,46.9,44.06
55.94,53.96,75.92,55.4,64.04,60.08,74.84,64.04,53.1,48,48.9,42.1,33.1,48.9,39,28.4,41.7,10,21.7,50,46.04
57.02,54.86,74.3,53.6,66.02,60.98,75.92,66.02,55,48,51.1,42.1,33.1,50,39,28.4,42.1,10,25,48.9,46.94
57.92,54.86,72.68,53.6,66.02,60.98,75.92,68,54,51.1,51.1,42.1,35.1,51.1,39,30.2,43,10,25.7,51.1,46.94
57.02,54.86,71.06,53.6,66.02,60.98,74.84,66.92,54,53.1,51.1,43,37,48.9,37.9,30.2,44.1,9,26.2,50,46.04
55.94,53.96,70.7,53.6,64.94,60.08,72.86,62.96,54,52,50,42.1,37,48.9,39,32,45,9,27,50,44.06
53.96,52.88,70.34,53.6,62.06,59,69.98,57.92,52,48,48.9,42.1,34,42.1,37,28.4,44.2,8.1,26.2,46.9,42.98
53.06,51.98,69.98,55.4,59,57.92,66.92,53.96,52,41,48,42.1,33.1,41,37,26.6,43.7,8.1,25.7,44.1,42.98
50,50,68.36,53.6,55.04,57.92,63.86,51.98,51.1,42.1,48.9,42.1,32,37.9,34,24.8,43,7,25,42.1,42.98
48.92,47.84,66.56,55.4,53.06,57.02,62.96,44.96,51.1,37.9,48,42.1,30.9,28.9,32,24.8,41.4,3.9,24.3,43,42.08
44.96,47.84,64.94,55.4,51.98,57.02,61.88,39.02,50,36,44.1,42.1,30,28,30.9,24.8,39.6,1.9,23.7,41,42.08
44.96,46.94,63.32,55.4,50,55.94,60.98,35.06,50,36,43,42.1,28.9,27,28.9,23,37.9,1,23,39,42.08
44.96,46.94,61.7,57.2,50,55.94,59.9,33.98,48.9,30.9,42.1,43,30,27,28.9,21.2,37.6,3.9,23,39.9,42.98
42.08,46.94,60.08,53.6,48.92,55.94,59.9,30.92,45,30,42.1,43,28.9,28,27,21.2,37.4,3,23,39.9,42.98
42.98,41.9,59,51.8,48.92,55.94,59,28.94,43,28,42.1,43,28,30,25,23,37,5,23,37.9,42.08
51.08,41.9,58.1,51.8,46.94,55.94,56.84,28.94,41,28,41,44.1,26.1,30.9,28,21.2,37.9,-2,22.6,37,42.98
51.08,41,57.02,51.8,46.04,55.94,54.86,28.94,39.9,28,41,44.1,25,28,27,21.2,39,-0.9,22.3,37,42.98
48.02,41.9,56.66,51.8,44.96,55.04,54.86,24.08,43,27,39,44.1,25,26.1,28.9,21.2,39.9,-2,21.9,37,42.98
42.98,42.98,56.3,51.8,42.98,55.04,53.96,30.92,45,27,39,44.1,25,21.9,28.9,21.2,41.4,3.9,22.3,36,42.98
46.04,41.9,55.94,51.8,44.06,53.06,52.88,26.96,44.1,27,39,44.1,24.1,27,30,21.2,42.6,-4,22.6,36,42.98
51.98,45.86,61.88,53.6,50,51.98,52.88,37.04,46,28,41,44.1,28.9,32,28,24.8,44.1,-0.9,23,37,44.06
57.92,48.92,68,53.6,53.96,51.98,60.98,46.94,46.9,32,44.1,45,28.9,36,30,24.8,45.7,14,25.3,37,48.02
62.96,51.98,73.94,55.4,57.92,53.96,65.84,53.96,46,37,45,46,30.9,41,32,21.2,47.3,19.9,27.7,33.1,42.08
57.92,53.96,75.56,57.2,60.08,55.04,68,55.94,48.9,42.1,48,48.9,33.1,45,37,23,48.9,24.1,30,33.1,42.98
57.92,54.86,77.36,59,64.04,55.94,69.8,59,46.9,48,50,48.9,35.1,48,37.9,24.8,49.3,28,32,36,46.04
62.96,55.94,78.98,60.8,64.04,59,70.88,55.94,48,53.1,52,48.9,36,48.9,37.9,23,49.6,30,34,37,46.94
59,57.92,78.26,60.44,64.94,60.08,71.96,55.04,46.9,55,46.9,51.1,37,48.9,35.1,23,50,33.1,36,39,48.02
57.92,59,77.72,59,66.02,62.06,72.86,51.98,51.1,57,45,51.1,36,50,39.9,21.2,48.9,34,37,39.9,46.94
59,57.74,77,60.8,66.02,62.06,72.86,46.94,51.1,59,46.9,51.1,37,46.9,39.9,21.2,48,35.1,37.9,37,46.94
55.94,55.94,75.02,59,64.04,62.06,73.94,48.02,50,57.9,46,50,35.1,46.9,39.9,21.2,46.9,34,39,37.9,44.96
53.06,54.86,73.04,55.4,60.08,60.08,72.86,44.96,48,54,45,48.9,32,43,39.9,21.2,46.2,32,35.4,37.9,44.96
48.92,51.98,71.06,54.14,55.94,60.08,69.98,42.98,45,51.1,44.1,48.9,30.9,39,36,21.2,45.7,30.9,31.6,34,42.08
46.04,51.98,69.98,53.6,55.04,59,65.84,39.02,42.1,43,44.1,48,28.9,35.1,35.1,20.3,45,30.9,28,34,39.92
44.06,50.9,69.08,53.6,53.06,57.92,62.96,39.02,39.9,43,42.1,48,30,28.9,34,19.6,45.7,30,27.3,33.1,42.08
44.06,50.9,68,51.8,50,57.02,62.96,35.96,37.9,39.9,41,46.9,28.9,27,32,19.4,46.2,25,26.8,30.9,39.92
42.98,47.84,66.02,51.8,50,55.94,59.9,37.94,37,42.1,37.9,46,27,25,30,19.4,46.9,24.1,26.1,30.9,37.94
42.08,47.84,64.04,51.8,48.92,55.04,61.88,41,37,42.1,37,45,25,27,28,19.4,45,21.9,26.4,30,39.02
42.08,47.84,62.06,51.8,48.02,53.06,61.88,39.92,35.1,42.1,35.1,45,25,24.1,26.1,19.4,43,21,26.6,30,39.02
42.98,44.96,60.62,51.8,44.96,53.06,59,37.94,34,42.1,34,44.1,25,21.9,27,17.6,41,21.9,27,30.9,39.92
39.92,44.96,59.36,51.8,44.06,51.98,59,37.94,35.1,42.1,37,44.1,24.1,21,28.9,15.8,40.3,19,26.6,30.9,39.02
39.92,45.86,57.92,50,44.06,51.08,54.86,35.06,37,39.9,36,44.1,21.9,21,28,12.2,39.7,16,26.4,30.9,39.02
39.02,45.86,57.56,51.8,44.06,48.92,55.94,30.92,39.9,39,36,44.1,23,21.9,28,8.6,39,21,26.1,30,39.02
37.04,44.96,57.38,51.8,42.98,48.92,54.86,28.94,39,41,36,43,23,19.9,28,6.8,39.4,21.9,23.7,27,41
39.92,44.96,57.02,50,42.98,48.02,52.88,30.02,37.9,39.9,36,45,23,21,26.1,8.6,39.6,21,21.4,28,41
42.98,48.2,64.04,51.8,50,50,54.86,39.02,39.9,43,36,44.1,26.1,28.9,27,10.4,39.9,25,19,26.1,41
46.04,50.9,71.06,53.6,55.94,53.06,60.98,44.96,42.1,46,35.1,48.9,30,35.1,30,12.2,41.5,24.1,24.6,32,42.08
46.94,50.9,78.08,55.4,60.08,55.94,65.84,48.92,46.9,48,37,46.9,35.1,41,33.1,15.8,43.3,28,30.4,34,42.08
46.94,53.96,80.06,60.8,62.96,57.92,68,53.96,48.9,50,39.9,48,37.9,43,37.9,19.4,45,30.9,36,37.9,42.98
46.94,53.96,82.04,64.4,64.94,60.08,71.96,55.94,53.1,46.9,45,51.1,42.1,46,39,19.4,48.4,30.9,38.7,41,42.98
46.94,56.84,84.02,64.4,66.92,64.04,73.94,60.98,55,50,48.9,48.9,42.1,48.9,41,23,51.6,30,41.4,42.1,44.06
50,55.94,81.68,64.4,69.08,64.94,77,60.98,57,50,52,51.1,43,50,43,24.8,55,30.9,44.1,43,42.98
48.92,56.84,79.34,62.6,69.98,64.94,78.98,60.98,57,50,55.9,52,42.1,50,44.1,26.6,52,30.9,44.4,45,46.04
48.02,57.92,77,62.6,71.06,64.94,78.98,55.94,57.9,48.9,55.9,51.1,43,50,44.1,26.6,49.1,30.9,44.6,44.1,46.04
48.92,56.84,75.74,60.8,71.06,62.96,79.88,53.96,57.9,48,55.9,50,39.9,48,44.1,26.6,46,28.9,45,43,44.96
48.02,55.94,74.3,57.2,66.92,62.06,78.98,51.98,54,46.9,51.1,48.9,39,45,44.1,24.8,45.3,27,41.4,39.9,44.06
48.02,55.94,73.04,55.4,62.96,60.98,74.84,50,51.1,46,51.1,48.9,35.1,39,43,23,44.8,25,37.6,37,44.06
48.02,53.96,69.98,55.4,60.08,59,70.88,44.06,48.9,44.1,46.9,48,35.1,36,43,21.2,44.1,24.1,34,33.1,42.98
48.02,53.96,67.1,55.4,57.92,57.92,68.9,42.98,48,41,45,48,35.1,35.1,39,19.4,41.4,23,31.6,33.1,42.08
48.02,53.96,64.04,53.6,53.06,57.02,65.84,42.98,46.9,39,46.9,48,34,33.1,37,17.6,38.7,21,29.3,33.1,42.98
48.02,52.88,62.06,53.6,51.98,57.02,59.9,42.98,46.9,37,46,48.9,33.1,33.1,39,17.6,36,19.9,27,30,42.98
48.02,53.96,59.9,53.6,51.98,55.94,56.84,39.92,46,37.9,42.1,48,33.1,34,37.9,8.6,36.7,18,26.6,28,42.98
48.02,53.96,57.92,53.6,48.92,55.04,55.94,35.96,46,36,41,48,30.9,36,36,6.8,37.2,18,26.4,30,42.98
48.02,54.5,57.56,53.6,48.02,53.06,61.88,35.06,45,35.1,44.1,48,30.9,35.1,35.1,6.8,37.9,17.1,26.1,30,42.98
48.02,54.86,57.38,53.6,48.02,51.98,55.94,33.98,44.1,35.1,44.1,48.9,30.9,34,33.1,6.8,36.7,21,25,30,42.98
48.02,54.86,57.02,53.6,44.96,50,52.88,32,46,34,43,48.9,30,35.1,32,6.8,35.2,21,24.1,30.9,42.08
48.02,54.86,56.66,51.8,44.96,48.92,51.98,30.02,46.9,36,44.1,50,30.9,35.1,27,8.6,34,23,23,28.9,41
46.94,55.94,56.3,51.8,44.06,48.02,50,28.94,46,34,44.1,50,30.9,36,27,8.6,34,24.1,24.1,30,41
46.94,55.94,55.94,50,42.98,48.02,48.92,28.94,45,37,44.1,52,30.9,36,30,8.6,34,26.1,25,30,39.92
46.94,55.94,59.36,53.6,48.92,51.98,56.84,33.98,45,37.9,44.1,52,32,37,30,10.4,34,30,26.1,30.9,41
46.94,57.92,62.6,55.4,55.04,55.94,63.86,39.02,48,39.9,44.1,54,35.1,37.9,35.1,14,34.3,30.9,28,30.9,41
46.94,57.92,66.02,57.2,62.96,57.02,69.98,44.96,52,42.1,44.1,57,37,39,37.9,15.8,34.7,33.1,30,34,42.08
48.92,56.84,65.66,60.8,66.92,62.06,74.3,50,55,43,46,59,39,42.1,42.1,19.4,35.1,35.1,32,37,42.08
51.08,55.94,65.3,60.8,69.98,64.94,77.9,51.98,54,48,46.9,61,41,44.1,44.1,21.2,36.7,36,35.1,41,44.96
51.98,56.84,64.94,62.6,73.04,66.92,79.88,53.96,52,52,46.9,57.9,44.1,45,46,24.8,38.3,37,37.9,45,46.04
51.08,56.84,64.04,62.6,75.02,66.92,80.96,53.96,50,55,48,59,44.1,46.9,48.9,24.8,39.9,39,41,48,48.02
50,57.92,62.96,64.4,77,66.02,82.94,53.96,50,59,48,59,41,45,50,26.6,39.6,41,41.4,48,48.02
50,59,62.06,62.6,77,66.02,84.92,55.04,51.1,61,48.9,61,41,43,50,26.6,39.4,41,41.7,50,48.02
48.92,59,60.98,60.8,73.94,64.04,84.92,53.96,51.1,61,48,60.1,41,42.1,50,26.6,39,39,42.1,51.1,48.02
48.02,57.92,60.08,57.2,69.98,60.98,84.92,48.02,48.9,57.9,46.9,60.1,39.9,41,48.9,24.8,36.7,35.1,40.1,50,46.94
46.94,57.92,59,55.4,62.96,57.92,80.96,44.96,48,50,48,57.9,39.9,41,39.9,24.8,34.3,33.1,37.9,46.9,46.04
46.94,57.92,58.64,55.4,62.96,57.02,74.84,42.98,48.9,48.9,48,57.9,39.9,41,36,24.8,32,33.1,36,39,44.96
46.94,55.94,58.28,53.6,60.08,55.04,72.86,39.92,48,46.9,46.9,57,41,39.9,39.9,21.2,32.4,35.1,34.7,39.9,44.06
46.94,54.86,57.92,53.6,60.08,55.04,66.92,41,48.9,42.1,46.9,57,41,37.9,37,21.2,32.7,34,33.3,39.9,44.06
46.04,55.94,57.56,53.6,55.94,55.04,65.84,37.94,48.9,41,45,57,42.1,39,39.9,21.2,33.1,35.1,32,39.9,44.06
46.04,56.84,57.38,53.6,55.04,53.96,64.94,26.96,48,36,44.1,54,42.1,39,37,19.4,32.4,32,31.6,39,42.98
44.96,57.92,57.02,53.6,53.96,53.06,60.98,26.06,48,37,43,51.1,43,39,36,19.4,31.6,33.1,31.3,39.9,42.08
44.96,59,57.38,53.6,50,51.98,62.96,24.98,48.9,35.1,44.1,50,43,39,42.1,19.4,30.9,30.9,30.9,37.9,42.08
44.96,59,57.56,53.6,50,51.08,59,21.02,50,34,43,51.1,42.1,39,41,19.4,30.2,33.1,30.9,44.1,42.08
42.98,60.98,57.92,53.6,50,50,60.98,19.94,50,32,42.1,53.1,42.1,39,42.1,17.6,29.7,36,30.9,41,42.08
42.98,61.88,57.92,53.6,48.02,48.92,59.9,19.94,50,32,42.1,53.1,42.1,39.9,44.1,15.8,28.9,35.1,30.9,39.9,42.08
42.08,61.88,57.92,53.6,48.02,48.02,60.98,21.02,46.9,30.9,42.1,51.1,42.1,39.9,42.1,15.8,29.7,36,30.9,39,42.98
41,60.98,57.92,51.8,48.02,48.02,59,21.92,48,32,41,52,43,39.9,42.1,14,30.2,37,30.9,39.9,44.06
44.06,57.92,58.64,53.6,53.06,48.92,59.9,33.08,48.9,37,42.1,54,44.1,41,41,15.8,30.9,37,30.9,41,46.04
46.94,56.84,59.36,53.6,60.08,53.06,62.96,39.92,48.9,41,44.1,54,46,42.1,46,19.4,32.4,37.9,33.6,41,46.04
48.92,55.94,60.08,53.6,66.92,57.02,68.9,44.96,48.9,45,43,55,48.9,44.1,51.1,21.2,33.6,39,36.3,42.1,44.96
50,55.94,61.34,55.4,71.06,60.08,73.94,53.06,48.9,50,46.9,57.9,51.1,44.1,55,26.6,35.1,39,39,43,44.96
51.08,56.84,62.78,57.2,73.04,62.06,79.88,55.04,50,55,48.9,63,50,45,57.9,26.6,36,39.9,40.1,44.1,46.04
50,57.92,64.04,57.2,75.02,64.04,82.94,57.02,51.1,59,46.9,61,50,46,57.9,28.4,37,39.9,41,44.1,46.04
51.98,59.9,63.68,57.2,77,66.02,86,59,51.1,62.1,48.9,59,50,48,57.9,30.2,37.9,39.9,42.1,43,46.94
51.08,59.9,63.32,57.2,75.92,66.02,87.98,60.08,51.1,66,50,57.9,50,48.9,60.1,30.2,37.9,39.9,41.4,43,48.02
50,59.9,62.96,55.4,75.92,66.02,88.34,57.92,50,68,46.9,55,51.1,46.9,57.9,32,37.9,39.9,40.6,43,50
50,57.92,62.24,53.6,73.94,64.04,87.98,55.04,46.9,66,46,55,52,48.9,57.9,33.8,37.9,39,39.9,44.1,48.92
48.02,59.9,61.7,52.7,69.08,60.98,87.98,53.06,46,62.1,43,55,52,45,57,33.8,36,37.9,39.6,42.1,46.94
46.94,57.92,60.98,51.8,66.02,59,80.96,51.08,45,57,42.1,55,46.9,51.1,54,30.2,34,37.9,39.4,37.9,41
46.94,56.84,60.62,51.8,60.98,57.92,77,51.08,45,52,42.1,55,48.9,50,50,24.8,32,37,39,37,39.02
44.96,56.84,60.44,51.8,60.98,55.94,73.94,48.92,45,50,39,55,48,51.1,50,19.4,30.9,37,39,35.1,44.06
44.06,57.92,60.08,44.6,55.94,53.96,70.88,48.02,45,50,41,55.9,53.1,48.9,48,19.4,30,37,39,34,41
42.08,59,60.08,46.4,60.08,51.08,66.92,39.92,45,46,39.9,53.1,46.9,51.1,45,21.2,28.9,37,39,34,37.04
41,59,60.08,46.4,59,50,64.94,33.08,45,44.1,39.9,53.1,46,52,46,23,29.3,37,39.4,35.1,33.98
42.08,57.92,60.08,46.4,60.08,44.96,65.84,30.02,46,41,37,53.1,45,50,48.9,26.6,29.7,37,39.6,34,35.06
39.02,57.92,59.72,46.4,57.92,46.04,63.86,30.02,46,39,37.9,53.1,45,50,48,26.6,30,30,39.9,33.1,35.06
35.06,57.92,59.36,46.4,57.02,46.04,63.86,28.04,48,37.9,37.9,53.1,42.1,48.9,46.9,26.6,30.4,25,39.9,32,33.08
33.98,57.92,59,44.6,57.92,44.96,64.94,28.04,48,37.9,37,53.1,39.9,46,48,26.6,30.6,24.1,39.9,30.9,37.94
32,56.84,58.28,46.4,57.92,44.06,61.88,39.02,48.9,37,36,52,41,43,46.9,26.6,30.9,24.1,39.9,30.9,41
32,56.84,57.74,46.4,57.92,46.04,59,46.94,48,37.9,36,52,39.9,42.1,46.9,26.6,30.9,24.1,40.3,30,41
32,59.9,57.02,46.4,57.02,46.94,59.9,41,48,39,37.9,53.1,42.1,42.1,44.1,26.6,30.9,25,40.6,28.9,41
41,56.84,59,48.2,59,50,60.98,50,48.9,39.9,39,52,46,44.1,43,26.6,30.9,26.1,41,30,42.98
48.02,56.84,60.98,51.8,62.96,53.96,64.94,53.96,50,45,41,53.1,46.9,48,50,28.4,34,28.9,41.7,32,44.06
51.08,55.94,62.96,53.6,68,55.94,68.9,57.92,50,48,44.1,54,48.9,48.9,51.1,28.4,36.9,43,42.3,32,44.96
53.96,55.94,64.04,55.4,71.06,57.92,72.86,62.96,51.1,52,45,55.9,51.1,50,53.1,33.8,39.9,45,43,33.1,46.04
55.04,56.84,64.94,57.2,73.04,60.08,74.84,64.04,54,55.9,46.9,59,55,52,51.1,33.8,41.9,46,44.6,33.1,46.94
53.96,56.84,66.02,57.2,75.02,60.98,78.98,62.96,59,54,48.9,62.1,54,51.1,54,35.6,44.1,48,46.4,35.1,46.94
55.04,55.94,64.94,59,75.92,62.96,79.88,62.96,60.1,54,50,62.1,54,50,52,37.4,46,46,48,37,46.94
55.94,54.86,64.04,59,77,64.94,81.86,62.06,55.9,54,50,61,55,48.9,51.1,39.2,46.4,46,48.4,37.9,46.94
55.04,55.94,62.96,59,75.92,66.02,83.84,62.06,55,54,50,60.1,52,48,46.9,41,46.6,46,48.6,39,48.02
53.96,57.92,62.24,57.2,73.94,64.94,84.92,59,53.1,54,50,55,50,46.9,46.9,42.8,46.9,45,48.9,39,46.94
50,56.84,61.7,57.2,69.98,60.98,83.84,55.04,52,53.1,46.9,54,48.9,46,46,37.4,45,45,45.9,37.9,44.96
48.02,56.84,60.98,55.4,64.94,57.92,79.88,53.06,52,52,44.1,53.1,48.9,45,45,32,43,44.1,43,34,44.96
48.02,55.94,60.26,55.4,59,55.94,75.92,46.04,50,51.1,41,53.1,48.9,45,39.9,30.2,41,43,39.9,32,44.06
46.04,55.94,59.72,53.6,55.94,53.06,73.94,48.92,51.1,50,39.9,53.1,48,45,42.1,28.4,40.6,41,39,32,42.98
41,54.86,59,51.8,55.04,53.96,72.86,46.94,48.9,50,39,53.1,48,45,39,30.2,40.3,42.1,37.9,32,42.08
39.02,54.86,58.64,51.8,55.04,51.98,68.9,44.06,46.9,48,35.1,52,46.9,44.1,37.9,30.2,39.9,39,37,30,37.04
37.04,55.94,58.28,50,53.06,55.04,68,44.06,46.9,48,35.1,51.1,48.9,45,35.1,28.4,40.3,39.9,37,28.9,37.94
35.96,53.96,57.92,51.8,51.08,53.06,64.94,44.06,48,46.9,34,51.1,46.9,46.9,33.1,28.4,40.6,41,37,30.9,37.04
35.96,52.88,57.56,50,48.92,51.08,62.96,33.98,48.9,45,34,51.1,45,42.1,30.9,28.4,41,41,37,30,37.94
35.96,53.96,57.38,50,46.94,50,65.84,30.92,48,41,30.9,52,45,48,30.9,30.2,39.9,43,32.4,30,37.04
35.96,53.96,57.02,50,44.06,51.98,59.9,30.92,48.9,39.9,30,51.1,44.1,43,33.1,28.4,39,39.9,27.7,30,37.04
35.96,53.96,56.3,50,46.94,51.98,56.84,28.94,48.9,36,28.9,51.1,44.1,39,32,30.2,37.9,42.1,23,30.9,37.94
35.06,52.88,55.76,50,44.06,50,59.9,26.06,48.9,35.1,32,51.1,43,36,30.9,28.4,39,42.1,21.9,30,37.94
33.98,53.96,55.04,48.2,42.98,53.06,53.96,30.92,48.9,35.1,32,50,39.9,35.1,32,28.4,39.9,42.1,21,28.9,39.02
39.02,53.96,57.02,50,53.06,55.04,54.86,42.98,48.9,39,33.1,50,42.1,41,33.1,30.2,41,44.1,19.9,30,41
46.04,54.86,59,51.8,57.92,59,60.98,51.08,48.9,41,33.1,50,44.1,45,36,32,43.7,46.9,21.9,30.9,44.06
48.92,55.94,60.98,53.6,62.96,62.06,66.74,55.04,48.9,46,34,50,46.9,48,37.9,33.8,46.2,51.1,24.1,33.1,44.96
50,57.92,62.6,55.4,66.02,64.94,71.42,57.92,48.9,52,39,52,50,52,39.9,37.4,48.9,51.1,26.1,34,48.02
53.96,57.92,64.4,55.4,69.08,66.02,75.56,62.06,48.9,55.9,46,52,54,55.9,42.1,39.2,52.3,53.1,26.8,35.1,48.02
57.02,59,66.02,53.6,71.06,68,79.16,64.04,50,60.1,51.1,53.1,53.1,57.9,44.1,42.8,55.6,53.1,27.3,37.9,51.08
57.92,59.9,66.74,55.4,73.04,69.08,81.86,68,51.1,62.1,53.1,53.1,54,60.1,44.1,46.4,59,53.1,28,37,51.98
60.08,57.92,67.28,55.4,75.02,69.98,82.94,68,51.1,64.9,57,46.9,55,60.1,45,46.4,58.6,52,28,39,51.08
57.02,57.92,68,55.4,73.94,71.06,83.84,68,53.1,68,57,53.1,55,55,45,44.6,58.3,51.1,28,39.9,51.08
55.04,57.92,65.66,55.4,71.96,69.98,86,66.92,53.1,66.9,57,53.1,54,55.9,46,44.6,57.9,48,28,37.9,46.04
51.08,55.94,63.32,55.4,71.06,66.92,82.94,62.06,53.1,64.9,55,52,50,53.1,44.1,39.2,54.9,44.1,26.4,36,44.06
48.92,54.86,60.98,53.6,64.04,64.04,77.9,55.94,52,54,50,51.1,46,50,39.9,37.4,52,39.9,24.6,33.1,44.06
46.94,54.86,60.62,53.6,60.98,62.06,73.94,59,52,52,45,51.1,43,46.9,37,33.8,48.9,37.9,23,28,44.06
44.06,55.94,60.44,53.6,62.06,59,70.88,53.06,52,46.9,43,48.9,43,46.9,32,32,47.7,37,21.9,28,42.98
42.08,55.94,60.08,53.6,53.96,57.02,68.9,50,52,45,41,48,46,48.9,34,30.2,46.2,36,21,28.9,42.98
42.08,53.96,59.36,51.8,55.04,53.06,66.92,42.08,53.1,43,39,46.9,45,48,36,28.4,45,35.1,19.9,28.9,42.98
39.92,53.96,58.64,51.8,57.92,53.96,63.86,39.92,53.1,41,37.9,46,44.1,46.9,37.9,26.6,43.3,35.1,18.7,25,42.08
39.02,52.88,57.92,51.8,51.98,53.06,62.96,37.94,53.1,39,36,45,42.1,43,39,26.6,41.5,34,17.2,25,39.92
37.94,52.88,57.02,51.8,51.98,51.98,60.98,35.06,53.1,37.9,35.1,45,41,39,33.1,24.8,39.9,34,16,23,42.08
37.04,52.88,55.94,51.8,51.08,51.08,59.9,33.08,52,36,33.1,46,39.9,41,34,24.8,40.3,34,14.9,24.1,41
37.04,52.88,55.04,48.2,50,50,59,33.98,52,34,32,45,39.9,37.9,33.1,24.8,40.6,33.1,14,25,42.08
35.96,52.88,55.76,48.2,46.94,46.94,57.92,35.96,52,33.1,32,46,39,37.9,34,24.8,41,32,12.9,23,42.08
35.06,52.88,56.3,48.2,46.04,46.94,59,32,51.1,34,33.1,45,37.9,35.1,34,23,42.1,32,12.6,21.9,42.08
33.98,53.96,57.02,48.2,46.94,48.92,57.92,33.98,51.1,30.9,30.9,45,37.9,39,35.1,23,43,32,12.4,21.9,46.04
42.98,54.86,58.64,51.8,53.96,53.96,59,48.02,51.1,37.9,36,46.9,39.9,41,36,26.6,44.1,32,12,25,44.96
50,54.86,60.44,55.4,59,59,62.96,53.96,52,44.1,39.9,46.9,42.1,45,37,28.4,46.8,34,14.4,28,46.04
53.06,55.94,62.06,57.2,64.04,62.96,65.84,59,53.1,48,43,46.9,42.1,50,36,33.8,49.3,39.9,16.7,32,44.96
53.96,57.92,64.4,60.8,68,66.92,69.98,64.04,53.1,53.1,46,46,43,52,37.9,35.6,52,39,19,34,48.02
55.94,57.92,66.74,64.4,71.06,69.98,71.96,66.92,53.1,57,50,46,43,55,39.9,39.2,55.4,43,22.3,39,50
59,59,69.08,64.4,73.04,71.06,74.84,71.06,55,62.1,53.1,46.9,45,55,42.1,42.8,58.6,42.1,25.7,39,53.06
60.98,59,67.64,66.2,75.02,71.06,74.84,71.06,55,66,57,50,46.9,55,42.1,44.6,62.1,43,28.9,41,53.96
59,57.92,66.38,66.2,75.02,73.04,77,71.06,53.1,64,59,51.1,48,54,44.1,46.4,56.1,42.1,30.4,41,53.06
60.08,56.84,64.94,68,75.02,73.04,77,71.96,57,66.9,60.1,50,48,55.9,42.1,46.4,50,43,31.6,41,51.08
55.94,56.84,63.68,66.2,71.96,69.98,75.92,71.96,53.1,61,59,50,46,55,42.1,46.4,44.1,41,33.1,39.9,50
53.96,55.94,62.24,64.4,69.08,68,75.92,68,53.1,55,57,48.9,44.1,51.1,41,42.8,42.1,37.9,33.1,39,48.02
48.92,55.94,60.98,62.6,64.04,66.92,71.96,64.04,52,52,52,48,39.9,48.9,42.1,35.6,39.9,34,33.1,37,48.02
48.02,55.94,60.98,60.8,62.96,64.94,68.9,60.98,52,50,50,48,37.9,46,41,33.8,37.9,33.1,33.1,36,48.02
46.94,54.86,60.98,57.2,59,60.98,66.92,60.08,51.1,48,46,46.9,37,45,39.9,30.2,37.2,32,33.1,34,48.02
48.92,52.88,60.98,55.4,57.92,59,63.86,62.06,51.1,46,44.1,46.9,36,41,39.9,30.2,36.7,30.9,33.1,28,48.92
48.92,52.88,60.62,53.6,53.96,55.94,62.96,60.98,50,45,43,45,36,46.9,41,28.4,36,30.9,33.1,27,48.02
48.92,52.88,60.44,51.8,53.06,57.02,59.9,59,48.9,45,42.1,46,35.1,44.1,39.9,28.4,35.2,32,31.5,27,48.02
48.92,52.88,60.08,51.8,51.98,55.94,60.98,55.94,48.9,44.1,39,43,37,43,39.9,28.4,34.7,32,29.7,28,46.94
48.92,52.88,59.72,51.8,51.08,55.04,57.92,57.02,48.9,44.1,37.9,43,37,42.1,37,26.6,34,33.1,28,28.9,46.94
48.02,54.86,59.36,51.8,48.92,53.06,56.84,55.94,48.9,43,34,44.1,35.1,43,37,26.6,33.6,32,26.4,27,48.02
46.94,54.86,59,48.2,48.02,53.06,55.94,53.96,50,43,36,43,35.1,43,37,24.8,33.4,33.1,24.6,26.1,48.02
46.94,54.86,59,46.4,44.96,51.98,52.88,53.06,50,44.1,34,44.1,37,42.1,37,26.6,33.1,34,23,26.1,46.94
46.94,54.86,59,46.4,42.98,51.08,51.98,51.08,50,43,34,44.1,37,42.1,37.9,24.8,33.4,33.1,21,25,46.94
46.94,55.94,59,50,46.04,51.08,50.9,44.06,50,43,34,44.1,37,42.1,37,24.8,33.6,35.1,19,26.1,46.94
46.94,55.94,59.72,53.6,53.96,53.06,54.86,46.94,48.9,44.1,37.9,44.1,37.9,43,37,26.6,34,37,17.1,26.1,48.02
48.02,55.94,60.26,57.2,60.98,55.94,59,51.98,50,45,43,45,39,44.1,37,30.2,36.3,42.1,23.4,30.9,50
51.98,56.84,60.98,62.6,66.02,59,61.88,50,50,45,46.9,45,39.9,46,39,35.6,38.7,43,29.7,32,51.08
50,57.92,62.24,66.2,69.08,62.06,63.86,50,52,46,50,46,42.1,50,41,39.2,41,45,36,36,51.08
50,56.84,63.68,69.8,71.06,62.96,65.84,50,53.1,46.9,53.1,48,43,53.1,43,42.8,42.1,46,37,41,51.08
53.06,56.66,64.94,71.6,73.94,62.96,68.9,50,53.1,48,57,52,46,55,44.1,44.6,43,48,37.9,43,51.98
53.96,55.94,65.3,69.8,75.92,64.04,63.86,51.08,52,48,59,53.1,46.9,57.9,45,48.2,44.1,46.9,39,46,51.98
51.98,54.86,65.66,69.8,77,64.94,66.92,51.08,51.1,48.9,59,54,48,57,46,50,44.8,46,39.7,48,51.98
50,56.84,66.02,69.8,77,64.04,68,50,51.1,48.9,60.1,55,48.9,55.9,46,51.8,45.3,45,40.3,50,51.98
50,56.84,64.76,69.8,73.94,62.96,65.84,46.94,48.9,48.9,60.1,54,46.9,55.9,46,50,46,45,41,50,50
48.02,56.84,63.32,66.2,71.06,60.08,65.84,44.96,48,48,57.9,52,46,54,46,46.4,44.1,42.1,37,46.9,46.94
48.02,57.92,62.06,64.4,64.94,57.02,63.86,39.92,48,46.9,55,50,45,54,46,35.6,41.9,37,32.9,42.1,46.94
48.02,57.92,61.7,62.6,66.02,55.04,62.96,35.96,48.9,46.9,52,50,43,51.1,44.1,35.6,39.9,33.1,28.9,37.9,46.94
48.02,56.84,61.34,60.8,64.94,53.06,62.96,33.98,48,46,51.1,48.9,42.1,52,43,33.8,39.6,34,27.3,36,46.94
48.02,56.84,60.98,57.2,55.94,53.06,61.88,33.08,46.9,46,46.9,46,42.1,50,41,32,39.4,36,25.7,34,46.04
48.02,56.84,60.26,57.2,55.94,53.06,60.98,33.08,46,44.1,46,45,41,48.9,39.9,30.2,39,35.1,24.1,36,46.04
46.94,54.86,59.72,55.4,53.06,50,59.9,33.08,46,43,46,44.1,41,48,39.9,30.2,38.3,35.1,23.4,34,44.06
46.04,55.94,59,53.6,51.08,48.92,59,33.08,45,42.1,41,45,41,46.9,37.9,28.4,37.8,37,22.6,35.1,44.96
46.04,55.94,58.28,53.6,50,48.02,59,32,45,42.1,39.9,43,39.9,46,36,28.4,37,37.9,21.9,34,44.96
42.08,55.94,57.74,51.8,51.08,46.94,55.94,30.92,46,43,37.9,41,39,45,34,26.6,36.7,37,21.9,33.1,44.96
42.08,53.96,57.02,51.8,48.92,48.02,55.94,33.08,46,43,36,39.9,39.9,45,33.1,26.6,36.3,36,21.9,35.1,44.96
42.08,55.94,57.02,48.2,48.02,48.02,56.84,30.92,46,43,36,39.9,39,45,30.9,26.6,36,35.1,21.9,34,44.06
42.98,55.94,57.02,46.4,46.94,48.92,55.94,28.94,46,41,34,39.9,39.9,45,32,26.6,36,36,22.6,36,44.96
42.08,55.94,57.02,50,48.02,48.92,56.84,28.04,45,37.9,36,41,39.9,46,32,26.6,36,35.1,23.4,36,46.04
44.96,57.92,58.64,51.8,57.02,50,55.94,37.04,45,42.1,37,42.1,39.9,46,32,28.4,36,43,24.1,36,44.96
48.02,59,60.44,55.4,60.98,51.98,57.92,37.94,46.9,48,37.9,46,43,46.9,34,33.8,38.3,46,26.8,36,46.94
51.98,59,62.06,59,64.04,55.94,57.92,42.08,51.1,50,42.1,50,46.9,50,36,35.6,40.6,50,29.3,37,48.02
50,60.98,62.96,60.8,66.92,57.02,59.9,42.08,50,55,44.1,53.1,45,50,39.9,39.2,43,55,32,39.9,48.02
50,62.96,64.04,62.6,71.96,57.92,60.98,46.04,52,57.9,48,55.9,46.9,53.1,43,44.6,45.7,57.9,34,43,50
50,57.92,64.94,64.4,73.94,57.92,62.96,46.04,51.1,59,52,57.9,52,53.1,45,48.2,48.4,59,36,42.1,51.98
51.08,62.96,64.94,64.4,75.92,57.92,63.86,46.04,53.1,60.1,54,60.1,53.1,55,46.9,48.2,51.1,59,37.9,37.9,51.08
51.98,59,64.94,66.2,77,57.02,57.92,46.04,53.1,61,55,61,52,55.9,48,50,50.7,54,39,41,51.98
51.98,57.92,64.94,64.4,77,57.02,57.92,42.98,52,60.1,57,63,52,57,48,51.8,50.4,57,39.9,46,51.08
50,59,63.68,64.4,75.02,55.04,62.96,42.08,51.1,62.1,55,62.1,46.9,55,46.9,51.8,50,55.9,41,39.9,50
48.92,57.92,62.24,62.6,69.98,51.98,61.88,37.04,48.9,59,53.1,60.1,46.9,53.1,45,48.2,46.6,44.1,38.7,39.9,48.02
46.04,54.86,60.98,59,69.08,46.04,60.98,33.98,46,55.9,51.1,59,45,52,43,39.2,43.3,39,36.3,34,46.94
44.96,53.96,60.26,57.2,62.96,46.04,59,32,43,53.1,48,57.9,44.1,50,39.9,37.4,39.9,36,34,36,46.04
42.98,53.96,59.72,55.4,62.06,46.04,57.92,30.02,39.9,53.1,46.9,55,43,48.9,37.9,35.6,38.3,34,30.7,37,46.94
39.92,51.98,59,55.4,62.06,44.96,57.92,24.98,37.9,52,45,54,42.1,44.1,36,33.8,36.7,34,27.3,36,46.04
39.02,51.98,58.28,53.6,59,46.04,56.84,26.96,37,51.1,39.9,53.1,42.1,44.1,32,32,35.1,33.1,24.1,35.1,46.04
39.02,50.9,57.74,51.8,57.92,46.04,53.96,26.06,37.9,50,39,50,41,39.9,27,30.2,34.7,30,23,34,46.04
42.08,50,57.02,51.8,55.04,44.96,53.96,23,37,50,37,48.9,39.9,39.9,28,32,34.3,30.9,22.1,36,46.04
42.98,46.94,57.38,51.8,55.94,42.08,52.88,21.02,34,45,34,48,39,39,27,30.2,34,30.9,21,36,44.06
44.06,48.92,57.56,51.8,53.06,44.06,53.96,19.04,34,45,34,48,39,37.9,27,28.4,34,30,19.9,35.1,44.06
44.06,47.84,57.92,51.8,51.98,42.98,50.9,17.96,33.1,45,34,48,39,36,23,28.4,34,30,19,34,44.96
42.98,45.86,57.92,50,50,44.06,51.98,12.92,33.1,45,32,46.9,39,34,23,28.4,34,30,18,34,44.96
42.98,45.86,57.92,48.2,51.98,42.98,51.98,15.08,32,44.1,28.9,44.1,39.9,32,23,28.4,34.3,30,18,34,44.96
42.98,47.12,57.92,48.2,51.98,44.06,50.9,17.96,34,51.1,28.9,46,39.9,35.1,24.1,28.4,34.7,28.9,18,33.1,42.98
44.06,50,59,51.8,59,44.06,52.88,26.96,37.9,52,36,45,41,37.9,25,30.2,35.1,30,18,35.1,42.98
46.04,51.98,59.9,53.6,64.04,46.94,57.02,33.98,43,50,39.9,46.9,43,42.1,32,33.8,40.6,30,23.4,35.1,44.06
48.02,55.94,60.98,57.2,68,48.92,60.98,37.04,46,48.9,45,48.9,43,48,35.1,37.4,46.4,30.9,28.6,37.9,44.06
48.02,60.98,62.24,60.8,71.06,51.08,63.86,42.08,51.1,48.9,50,51.1,46,52,39,39.2,52,33.1,34,39,46.94
48.92,60.98,63.68,62.6,73.94,51.08,65.84,44.06,53.1,51.1,55.9,52,48.9,57,43,44.6,55,34,36.7,42.1,48.02
48.92,57.92,64.94,66.2,75.92,51.98,68,44.96,54,50,61,54,48.9,57.9,45,46.4,57.9,37,39.4,44.1,46.94
50,59.9,64.58,66.2,78.08,53.96,68.9,46.94,53.1,50,62.1,52,48,57,46.9,48.2,61,39.9,42.1,42.1,46.04
50,60.98,64.4,64.4,78.08,53.96,71.96,46.04,53.1,50,63,52,45,57.9,46,51.8,61,39.9,42.1,43,46.94
50,61.88,64.04,62.6,78.98,55.94,73.94,44.96,53.1,50,63,52,48,57,48,51.8,61,36,42.1,44.1,46.04
48.02,59,62.96,60.8,75.92,55.94,73.94,44.96,51.1,48.9,61,51.1,46.9,55,48,48.7,61,36,42.1,39.9,44.96
46.94,57.92,62.06,57.2,71.06,53.96,73.94,39.92,48.9,48,59,51.1,45,52,46.9,44.6,57.7,35.1,40.6,37.9,44.96
46.04,54.86,60.98,55.4,66.92,53.06,71.96,39.02,46,45,53.1,48.9,43,45,43,44.6,54.3,30.9,39.4,36,44.06
46.94,53.96,59.9,55.4,64.04,50,66.92,37.94,43,45,53.1,48,41,46,39.9,42.8,51.1,28.9,37.9,32,42.98
46.94,54.86,59,53.6,62.96,48.92,64.94,33.08,45,43,48,46.9,41,44.1,39.9,37.4,48.7,30,37,32,42.98
46.04,53.96,57.92,53.6,57.92,51.08,63.86,30.02,45,42.1,46.9,46,37.9,37.9,30,37.4,46.4,30,36,30.9,42.98
44.96,53.96,57.92,53.6,57.02,50,59.9,30.92,45,42.1,42.1,43,37,35.1,32,35.6,44.1,30,35.1,28.9,42.08
42.98,52.88,57.92,51.8,53.96,50,59,30.02,45,42.1,41,41,33.1,37,32,35.6,43,28.9,34.3,28,41
42.98,50.9,57.92,51.8,51.98,46.94,56.84,26.06,45,42.1,39.9,39.9,35.1,32,27,37.4,42.1,28.9,33.8,27,41
42.98,50,57.56,51.8,48.92,46.94,57.92,24.98,44.1,41,37.9,39.9,34,32,24.1,37.4,41,26.1,33.1,26.1,37.94
39.02,50,57.38,51.8,48.92,46.04,56.84,21.92,43,41,36,41,34,30.9,24.1,35.6,40.3,25,32.7,25,37.94
37.04,50,57.02,51.8,48.02,42.08,54.86,23,42.1,41,35.1,39.9,32,32,25,35.6,39.7,24.1,32.4,24.1,37.94
35.96,50,56.66,50,46.04,41,54.32,24.08,42.1,41,36,39,30.9,30.9,25,35.6,39,24.1,32,21.9,37.04
33.98,50,56.3,50,46.94,42.08,53.96,15.98,39.9,39.9,33.1,39,30,28.9,25,35.6,39,23,32.4,21,35.96
35.96,50.9,55.94,51.8,48.92,42.08,51.98,21.92,39.9,41,35.1,39.9,28.9,30,26.1,39.2,39,25,32.7,21,35.96
39.92,51.98,57.38,51.8,55.94,46.04,54.86,30.92,42.1,39.9,39.9,42.1,32,37,28.9,39.2,39,28,33.1,21.9,37.04
46.94,54.86,58.64,55.4,62.06,50,59.9,37.04,46.9,46,46,43,33.1,43,37.9,44.6,43.7,33.1,37,28,42.08
46.94,55.94,60.08,57.2,66.02,53.06,63.86,39.92,50,46,53.1,46,34,46,43,42.8,48.4,35.1,41,32,44.96
48.92,56.84,60.8,60.8,69.08,57.02,68,44.96,48.9,44.1,57.9,48,37,51.1,46,44.6,53.1,37.9,45,35.1,44.96
48.92,59,61.34,64.4,73.04,55.94,72.86,48.02,52,46,61,48,44.1,53.1,50,46.4,55.4,39.9,47.3,37,46.94
50,61.88,62.06,62.6,75.02,59,75.92,48.02,50,51.1,62.1,48.9,46.9,55,51.1,50,57.7,41,49.6,39,46.94
50,61.88,62.06,64.4,77,60.98,79.88,46.94,50,52,63,50,50,57,52,51.8,60.1,42.1,52,39.9,46.94
50,61.88,62.06,64.4,78.98,62.06,81.86,50,48,53.1,63,51.1,50,57.9,53.1,51.8,59.4,41,52,42.1,44.96
50,61.88,62.06,62.6,78.98,62.06,83.84,48.92,48,53.1,63,50,50,57.9,54,53.6,58.6,41,52,43,46.94
48.92,59.9,60.62,60.8,78.98,60.98,84.92,46.04,46.9,52,61,50,48.9,57,53.1,53.6,57.9,39,52,43,44.96
48.02,56.84,59.36,57.2,73.94,57.92,84.92,41,46,48.9,57.9,48.9,45,53.1,53.1,50,55.2,36,49.6,42.1,44.06
46.94,61.88,57.92,55.4,68,55.94,80.96,35.96,46,45,54,46.9,41,48.9,46.9,48.2,52.7,33.1,47.3,37,42.08
46.94,54.86,57.2,55.4,66.02,55.04,77.9,37.04,46,42.1,52,46.9,41,42.1,37.9,46.4,50,30,45,36,41
46.04,54.86,56.66,53.6,59,53.06,70.88,33.08,46,39,51.1,46,39.9,39,37,44.6,48,28.9,44.1,28.9,39.92
44.96,53.96,55.94,53.6,59,51.08,69.98,33.08,48,35.1,48.9,46,37,39.9,37.9,42.8,46,28.9,43,30,39.02
42.98,52.88,55.22,53.6,57.02,48.02,65.84,33.98,48.9,33.1,45,46,35.1,35.1,37,42.8,44.1,30,42.1,25,33.08
42.98,52.88,54.68,53.6,57.02,48.92,61.88,33.08,48.9,32,45,44.1,34,35.1,37.9,41,43.3,28.9,41.4,25,35.06
44.96,52.88,53.96,51.8,53.06,44.96,59.9,30.92,50,30,41,44.1,34,36,37,39.2,42.8,28.9,40.6,23,35.06
46.04,52.88,53.96,50,50,46.04,59.9,26.96,48.9,32,37.9,43,33.1,37,37,39.2,42.1,30,39.9,21,37.04
44.96,52.88,53.96,48.2,48.92,44.96,59,28.04,48.9,30,39.9,44.1,30.9,37,37,35.6,40.6,32,39.2,21,37.94
44.06,52.88,53.96,48.2,50,44.06,58.46,24.98,48.9,30,41,43,33.1,37,36,35.6,39.4,33.1,38.7,21,37.94
44.06,51.98,54.32,46.4,48.92,44.06,58.28,19.04,46.9,28,33.1,43,33.1,36,36,35.6,37.9,33.1,37.9,19,37.04
44.06,51.98,54.68,46.4,46.04,42.98,57.92,19.94,46.9,27,36,43,30.9,37,37.9,33.8,37.6,33.1,37.9,17.1,37.04
44.96,51.98,55.04,48.2,48.02,44.06,54.86,19.94,46.9,26.1,34,44.1,33.1,37,33.1,32,37.4,34,37.9,17.1,37.04
46.04,52.88,55.76,51.8,53.96,48.92,56.84,30.92,46.9,32,39.9,45,36,41,34,33.8,37,35.1,37.9,23,39.92
48.92,52.88,56.3,55.4,60.08,53.96,62.96,37.04,48,34,46,46,39,46.9,39,32,37.9,37,40.6,27,42.08
51.08,53.96,57.02,60.8,66.02,57.92,66.92,39.92,46.9,39.9,50,48,42.1,51.1,41,30.2,39,37.9,43.3,30.9,42.98
53.06,55.94,58.1,64.4,69.08,60.98,75.92,44.06,50,45,55,50,46.9,53.1,46.9,33.8,39.9,39,46,34,42.98
51.08,57.92,59,68,73.94,62.96,78.98,46.04,51.1,51.1,59,52,50,54,53.1,35.6,39.9,41,48.7,37.9,44.06
50,56.84,60.08,69.8,77,64.04,82.94,46.94,50,54,63,53.1,53.1,57,59,37.4,39.9,43,51.3,42.1,44.96
51.08,59,60.08,71.6,78.98,66.02,83.84,44.96,51.1,60.1,64,54,55.9,59,59,39.2,39.9,45,54,45,44.96
51.98,59,60.08,71.6,80.06,66.02,86,44.06,50,61,64.9,55,55.9,59,59,41,39.9,48.9,52.7,48.9,44.96
51.08,59,60.08,71.6,80.06,66.92,86.9,41,50,62.1,64,55,55,57,60.1,41,39.9,52,51.3,51.1,46.04
50,57.92,59.72,69.8,78.08,66.02,87.98,37.04,48,59,64.9,54,54,55,61,39.2,39.9,50,50,51.1,44.06
50,55.94,59.36,66.2,71.96,62.96,86.9,35.96,45,53.1,61,52,50,53.1,59,37.4,39,48,47.7,48.9,42.98
50,53.96,59,64.4,66.92,60.98,82.94,33.98,45,48.9,57,48.9,48,51.1,55.9,33.8,37.9,45,45.3,45,42.98
50,53.96,58.64,64.4,66.92,57.02,77.9,32,44.1,45,50,46.9,48,48.9,51.1,32,37,43,43,41,42.08
48.02,53.96,58.28,60.8,60.98,55.94,74.84,33.08,44.1,44.1,46.9,46,48,48,39.9,30.2,36.3,39.9,43,37,42.98
48.02,51.98,57.92,60.8,57.92,53.96,71.96,33.08,43,42.1,46.9,46,46.9,46.9,41,28.4,35.8,42.1,43,34,39.02
46.94,53.96,57.02,57.2,57.92,53.06,69.98,30.92,43,41,46,45,46.9,48,44.1,28.4,35.1,41,43,32,37.94
46.94,53.96,55.94,55.4,53.96,51.08,66.92,30.02,42.1,36,44.1,45,45,48,43,26.6,34.7,41,42.6,32,37.04
44.06,53.96,55.04,54.5,53.96,51.08,64.94,28.04,41,35.1,43,44.1,43,46,43,26.6,34.3,39.9,42.4,32,37.94
44.06,52.88,54.32,53.6,51.08,50,65.84,28.94,41,37.9,39.9,41,43,46,44.1,26.6,34,37,42.1,27,39.02
44.96,52.88,53.78,53.6,53.06,50,64.94,28.94,41,36,39,41,44.1,46,42.1,24.8,34,37.9,40.5,25,39.02
44.06,54.86,53.06,51.8,55.04,50,63.86,26.96,39.9,36,37,39.9,42.1,46,46,24.8,34,37.9,38.7,26.1,39.02
44.06,53.96,52.7,51.8,53.96,50,63.86,26.96,39.9,36,37,37,41,46,48,21.2,34,39,37,23,37.94
42.98,51.98,52.34,51.8,51.08,51.98,61.88,26.96,37.9,37,39,39,39.9,45,42.1,23,33.6,37.9,38.7,24.1,39.92
41,52.88,51.98,53.6,51.08,51.98,60.98,28.04,39,37,35.1,39,42.1,44.1,44.1,21.2,33.4,37,40.5,25,39.92
46.04,53.96,53.6,59,59,51.98,63.86,33.98,41,37.9,39.9,42.1,43,46,48,24.8,33.1,37.9,42.1,28.9,44.06
50,54.86,55.4,64.4,64.94,53.06,66.92,35.96,44.1,39.9,46.9,44.1,43,48,51.1,28.4,33.4,41,43,33.1,42.08
51.98,54.86,57.02,69.8,71.06,55.94,71.96,39.02,43,43,50,48.9,43,51.1,55.9,33.8,33.6,45,44.1,37.9,42.98
53.06,55.94,57.74,75.2,73.94,55.94,77.9,42.08,46.9,46,55.9,54,44.1,52,57,37.4,34,46.9,45,42.1,44.96
53.96,59.9,58.28,77,78.08,57.92,81.86,44.06,48,48,60.1,62.1,45,55.9,59,39.2,34.3,51.1,44.1,48.9,44.96
53.96,59.9,59,80.6,80.06,59,86,46.04,46.9,50,64.9,63,48.9,57.9,61,39.2,34.7,53.1,43,54,46.04
57.02,59,59.72,80.6,82.04,60.98,86.9,48.92,44.1,51.1,68,68,51.1,57.9,61,41,35.1,53.1,42.1,55.9,44.96
55.04,60.98,60.26,80.6,82.04,60.98,89.96,51.08,48.9,50,70,68,51.1,59,62.1,42.8,35.4,54,41.4,60.1,44.06
53.96,60.98,60.98,78.8,80.96,60.98,90.86,51.98,46.9,52,70,69.1,45,59,61,42.8,35.6,53.1,40.6,60.1,44.96
51.98,59.9,59.9,77,78.98,57.02,89.96,51.98,45,54,68,66.9,46.9,57.9,60.1,42.8,36,50,39.9,60.1,44.96
51.98,62.96,59,71.6,73.04,53.06,89.96,48.02,44.1,50,66.9,64.9,48,55,57.9,42.8,35.2,44.1,39.2,60.1,44.96
48.92,56.84,57.92,71.6,69.08,51.08,86,44.06,43,46,60.1,62.1,46.9,50,55.9,39.2,34.7,42.1,38.7,53.1,44.06
50,55.94,57.2,69.8,62.96,50,82.94,41,39.9,45,55,60.1,45,50,51.1,32,34,42.1,37.9,43,42.98
48.02,55.94,56.66,66.2,64.04,48.02,79.88,39.92,39,44.1,57,57,43,50,48.9,30.2,33.3,41,37.9,42.1,42.98
48.92,54.86,55.94,64.4,62.96,46.94,77,37.04,37,43,50,53.1,43,48,48.9,26.6,32.7,37.9,37.9,42.1,42.98
48.92,53.96,55.94,64.4,59,44.96,72.86,35.96,37.9,43,48.9,51.1,42.1,44.1,48,30.2,32,37.9,37.9,42.1,42.08
48.92,52.88,55.94,60.8,55.94,44.06,71.96,30.02,36,42.1,48,48.9,41,46,43,30.2,31.6,37,37.2,39,41
48.92,51.98,55.94,59,57.92,44.06,73.94,32,37,41,45,48.9,42.1,41,45,28.4,31.3,37,36.7,35.1,41
48.92,50.9,55.22,57.2,53.06,44.06,70.88,30.92,37,41,42.1,50,39.9,44.1,42.1,28.4,30.9,37,36,34,39.92
46.94,50,54.68,57.2,55.94,44.06,68.9,30.02,37,41,43,48,39,39,39.9,26.6,30.9,35.1,35.2,30,39.02
48.92,48.92,53.96,57.2,53.06,41,69.98,26.06,37,39.9,39.9,48,39,37,42.1,26.6,30.9,33.1,34.7,33.1,39.02
48.92,48.92,53.6,57.2,51.08,41,68.9,26.96,36,39.9,39,46.9,37,37,41,26.6,30.9,35.1,34,30,39.02
48.92,48.92,53.42,55.4,48.92,39.02,66.92,26.96,36,39,39,46,37,36,39,26.6,30.2,37.9,34,28,39.02
48.92,48.92,53.06,55.4,50,39.92,64.94,33.08,35.1,39.9,39.9,46,37,37,37.9,26.6,29.7,36,34,26.1,39.02
50,52.88,54.32,62.6,57.92,44.96,68,46.94,39.9,43,44.1,46.9,37,46,39.9,30.2,28.9,35.1,34,28.9,39.92
53.06,54.86,55.76,71.6,64.94,48.92,71.96,55.04,42.1,45,48,48,37.9,48.9,44.1,33.8,30,35.1,35.6,37,42.08
51.08,55.94,57.02,77,69.08,51.08,77,60.08,44.1,46.9,50,46.9,41,51.1,48,35.6,30.9,36,37.4,42.1,42.08
55.94,57.92,57.74,80.6,71.96,51.08,81.86,64.04,48.9,52,55.9,46.9,46,52,50,39.2,32,35.1,39,48,41
55.04,59,58.28,84.2,75.02,53.06,86,66.02,50,55.9,61,50,46.9,54,51.1,42.8,33.6,36,39.4,55.9,39.92
51.98,57.92,59,86,78.08,53.96,86.9,69.08,50,57,64,54,46.9,55,54,42.8,35.4,36,39.6,62.1,39.92
55.04,57.92,58.64,87.8,80.06,55.94,87.98,71.06,51.1,57,66,54,46,55.9,54,44.6,37,37.9,39.9,66,44.06
51.98,56.84,58.28,86,78.98,57.02,89.96,71.06,50,55.9,70,54,46,55.9,55.9,44.6,37.4,39,39.6,66,42.98
53.06,55.94,57.92,84.2,78.98,55.94,89.96,71.06,50,55,69.1,52,46.9,54,57,46.4,37.6,39.9,39.4,64.9,42.98
51.98,54.86,57.92,82.4,75.92,55.94,90.86,69.98,50,51.1,66.9,51.1,45,53.1,55,46.4,37.9,41,39,63,39.02
50,54.86,57.92,80.6,69.98,50,89.96,62.96,48,48,64,50,41,52,51.1,46.4,36,39,37.4,60.1,39.02
48.92,53.96,57.92,77,64.04,46.04,86,60.08,46,48,60.1,48,39.9,48,45,42.8,34,37,35.6,57,39.02
48.92,54.86,57.56,75.2,62.06,46.04,82.94,57.92,44.1,46.9,57.9,45,39.9,48.9,42.1,37.4,32,35.1,34,55,39.02
48.02,53.96,57.38,69.8,57.92,46.04,80.96,55.04,39.9,46.9,57,45,39.9,48.9,41,33.8,30.9,30.9,32.7,46,35.96
48.02,54.86,57.02,69.8,57.02,42.98,74.84,51.08,39.9,46.9,55,46,39,48,43,30.2,30,30.9,31.3,45,35.96
48.02,55.94,56.3,66.2,53.96,41,71.96,46.04,39.9,45,54,44.1,39,45,42.1,30.2,28.9,28.9,30,45,37.94
48.92,55.94,55.76,64.4,55.04,39.92,71.96,48.92,42.1,44.1,55.9,45,39,44.1,39.9,28.4,28,30,30,41,37.94
48.02,55.94,55.04,62.6,50,39.02,66.92,37.04,41,42.1,55.9,45,39,43,37,28.4,27,30,30,37,37.94
48.02,56.84,54.32,62.6,48.02,37.04,68.9,35.06,41,41,57,42.1,39.9,42.1,33.1,28.4,26.1,30,30,37,37.94
48.02,57.92,53.78,60.8,46.04,37.04,68,30.92,41,41,55.9,43,39,42.1,33.1,28.4,25.7,28.9,30.7,36,37.94
48.02,56.84,53.06,60.8,44.06,37.04,68,30.92,39.9,42.1,55,43,39.9,41,32,26.6,25.3,30,31.3,36,37.94
46.94,55.94,52.7,60.8,44.96,35.06,66.92,32,39.9,39.9,55,42.1,37.9,41,30.9,26.6,25,30,32,37,37.04
46.94,56.84,52.34,57.2,42.98,35.06,64.94,30.92,41,41,54,44.1,37.9,41,28.9,24.8,25.3,30,32,35.1,37.94
46.94,56.84,51.98,60.8,46.04,37.04,60.98,35.06,41,37.9,54,44.1,37.9,42.1,30,26.6,25.7,30,32,37,37.94
48.02,54.86,53.96,62.6,53.96,41,65.84,44.06,42.1,41,55,46,39,43,32,30.2,26.1,34,32,37,37.94
48.02,53.96,55.94,68,60.08,46.94,71.96,51.08,45,44.1,55.9,46,39.9,44.1,39.9,33.8,29.1,37.9,31.3,41,39.02
48.92,53.96,57.92,73.4,64.94,50,78.98,57.02,46.9,48,57,46.9,42.1,48,44.1,37.4,32,42.1,30.7,45,39.92
48.92,53.96,57.56,78.8,71.96,53.96,82.94,60.98,48.9,50,59,51.1,43,48,46,42.8,35.1,45,30,51.1,39.92
48.02,52.88,57.38,80.6,75.02,55.94,86,66.02,51.1,55,59,52,44.1,48,48,44.6,37,46.9,31.1,53.1,39.92
48.92,52.88,57.02,84.2,78.08,59,88.88,68,53.1,53.1,59,53.1,44.1,51.1,51.1,48.2,39,48.9,32,55,42.08
48.92,53.96,57.38,84.2,80.06,57.92,89.96,69.98,52,55.9,57.9,54,45,54,52,48.2,41,50,33.1,60.1,42.08
50,50.9,57.56,82.4,82.04,60.08,91.94,69.98,51.1,57.9,57.9,55,46,55,52,50,41,50,33.4,60.1,44.06
50,54.86,57.92,82.4,80.96,59,90.86,69.98,48,57,57,55,43,54,53.1,51.8,41,50,33.6,59,44.06
51.98,53.96,57.56,78.8,78.98,57.92,90.86,66.92,48,55,55.9,53.1,41,50,55,51.8,41,50,34,57,41
50,52.88,57.38,75.2,71.96,57.02,90.86,62.96,46.9,48.9,54,50,39.9,48.9,53.1,48.2,39.4,48.9,33.6,55.9,37.04
48.92,52.88,57.02,69.8,68,55.94,86.9,59,46.9,48,53.1,48,37.9,46,48.9,41,37.6,45,33.4,53.1,33.98
48.92,50.9,55.94,66.2,64.04,55.04,81.86,55.94,46,48.9,53.1,46.9,37.9,45,48,37.4,36,43,33.1,52,35.06
48.92,51.98,55.04,62.6,60.98,53.96,77,55.94,44.1,50,52,46,37.9,44.1,45,33.8,34.7,39.9,33.1,50,33.08
48.02,51.98,53.96,59,59,51.98,77,51.98,41,50,50,46.9,37.9,44.1,39,32,33.3,37,33.1,48,33.08
46.04,59.9,54.32,57.2,57.92,51.08,78.98,46.04,39,50,48.9,45,37.9,44.1,35.1,30.2,32,37,33.1,46,35.06
48.02,50.9,54.68,57.2,59,51.08,73.94,39.92,39,48.9,48.9,45,37.9,45,35.1,30.2,32,35.1,31.6,46.9,35.06
46.04,50,55.04,55.4,57.02,48.92,72.86,37.94,37.9,48,50,44.1,37.9,45,35.1,30.2,32,36,30.4,44.1,35.06
46.94,47.84,54.68,55.4,55.94,48.02,68,37.04,37.9,48,50,42.1,37,42.1,33.1,30.2,32,28.9,28.9,42.1,35.06
42.98,46.94,54.32,53.6,53.96,46.04,68.9,33.08,39,45,48.9,42.1,37,41,28.9,28.4,31.6,28.9,30,43,33.98
42.08,47.84,53.96,53.6,51.98,46.94,69.98,35.06,37.9,44.1,48,39.9,37,42.1,27,28.4,31.3,28.9,30.9,41,33.08
44.06,48.92,54.32,53.6,51.08,46.94,66.92,35.06,39,42.1,48,39.9,36,39,28,28.4,30.9,27,32,39.9,30.92
41,46.94,54.68,53.6,51.08,48.92,68,30.92,37.9,43,46.9,39,36,42.1,28,28.4,30.9,28,32.7,39,32
42.98,47.84,55.04,53.6,53.96,44.96,65.84,35.06,37.9,44.1,48,41,35.1,39.9,30,28.4,30.9,28.9,33.3,39,28.94
48.02,50.9,55.94,53.6,57.92,44.06,66.92,42.98,44.1,46.9,48.9,41,39,43,30.9,33.8,30.9,30,34,39.9,33.98
51.98,50.9,57.02,55.4,62.96,44.06,68.9,51.98,45,48,48.9,42.1,42.1,45,37,35.6,34,33.1,35.6,42.1,37.94
53.96,52.88,57.92,62.6,66.02,44.96,73.94,57.02,48,53.1,48.9,45,44.1,46,42.1,39.2,36.9,35.1,37.4,44.1,39.92
51.08,51.98,59,66.2,69.08,46.94,80.96,60.08,48.9,53.1,50,48.9,45,46.9,45,44.6,39.9,39.9,39,48,41
50,51.98,59.9,69.8,71.06,44.96,83.84,64.04,55,59,51.1,46.9,45,48,48.9,48.2,41.9,42.1,39.7,48.9,42.98
50,51.98,60.98,71.6,73.94,46.94,84.92,69.98,59,62.1,52,53.1,46.9,48.9,52,53.6,44.1,41,40.3,46.9,42.98
50,48.92,60.98,71.6,77,48.92,87.98,69.98,60.1,60.1,53.1,54,48,50,54,55.4,46,35.1,41,46.9,42.98
51.98,50.9,60.98,73.4,78.08,51.08,87.98,73.04,61,60.1,54,55.9,46.9,48.9,55,55.4,46.4,37,40.3,51.1,44.06
53.96,51.98,60.98,69.8,77,48.92,89.96,71.96,60.1,59,55,54,46,48.9,55.9,57.2,46.6,36,39.7,51.1,44.96
48.92,50,59.9,64.4,75.02,44.96,88.88,71.06,59,57.9,54,53.1,45,48,57,55.4,46.9,36,39,44.1,42.98
46.94,50,59,62.6,68,44.96,89.96,64.04,55.9,54,51.1,54,41,46.9,55,53.6,44.2,36,37.9,43,42.98
46.04,48.92,57.92,57.2,64.04,42.98,84.92,62.06,54,52,50,52,39.9,43,52,53.6,41.7,34,37,42.1,41
46.04,50,58.28,55.4,60.08,44.06,79.88,60.08,46.9,50,48,48,37,42.1,50,51.8,39,34,36,39.9,37.94
46.04,50,58.64,53.6,59,42.98,75.92,59,44.1,48.9,48,45,37,42.1,34,48.2,37.8,30.9,36.3,39,37.04
46.94,50,59,55.4,57.92,42.98,72.86,57.02,42.1,50,46.9,44.1,36,39.9,43,44.6,36.3,30,36.7,39,35.06
46.94,50,58.28,53.6,57.92,42.98,72.86,46.04,39,48.9,48,44.1,33.1,36,43,39.2,35.1,30.9,37,39.9,33.98
46.94,50,57.74,53.6,55.04,42.98,71.96,44.06,37.9,46.9,46.9,45,34,35.1,37.9,44.6,34.3,28,36.3,39,35.96
46.94,48.92,57.02,53.6,53.96,42.08,68,41,37.9,45,46,44.1,34,28.9,37.9,44.6,33.8,26.1,35.8,37.9,33.98
46.94,50,56.66,53.6,53.06,41,68,39.92,36,45,46.9,44.1,32,28.9,36,46.4,33.1,28.9,35.1,37.9,32
46.94,48.92,56.3,53.6,51.98,41,66.92,35.96,35.1,44.1,45,44.1,32,30.9,33.1,46.4,32.7,28,34,37.9,30.92
46.94,48.92,55.94,53.6,53.06,42.08,65.84,35.06,33.1,41,45,44.1,30,28,30.9,46.4,32.4,25,33.1,36,32
46.94,47.84,55.94,53.6,51.98,42.08,62.96,30.02,32,43,45,43,28,28.9,37,46.4,32,28.9,32,35.1,30.92
46.94,48.92,55.94,53.6,51.98,42.08,61.88,30.02,33.1,43,43,43,30,30,28.9,44.6,32.4,28.9,32.7,33.1,32
46.94,51.98,55.94,53.6,51.98,41,63.86,35.06,34,43,45,43,33.1,32,28,46.4,32.7,30,33.3,32,33.08
46.94,50.9,58.28,53.6,57.02,42.08,66.92,46.94,39,46,46,39.9,37.9,33.1,36,44.6,33.1,34,34,34,35.06
48.02,52.88,60.62,53.6,60.08,46.04,70.88,57.02,46.9,50,46.9,39,41,33.1,43,46.4,35.4,37,36,37.9,37.94
50,51.98,62.96,55.4,64.04,48.02,75.92,64.94,53.1,51.1,51.1,39,41,37,46,46.4,37.6,46.9,37.9,41,41
50,56.84,63.68,57.2,69.08,50,77.9,69.08,54,54,53.1,41,46.9,39,48,48.2,39.9,46,39.9,42.1,42.08
51.08,50.9,64.22,57.2,71.06,53.06,80.96,71.96,54,57,54,42.1,46,39.9,46.9,51.8,41,46.9,41.5,42.1,42.98
51.98,50,64.94,60.8,73.04,53.06,82.94,73.04,55,57.9,54,44.1,41,46.9,48,53.6,41.9,48.9,43.3,41,44.06
53.06,51.98,64.94,62.6,73.94,55.04,86,73.04,55,57.9,55,44.1,44.1,46,48,55.4,43,52,45,43,46.04
53.06,50.9,64.94,64.4,75.02,57.02,87.98,71.96,54,60.1,51.1,44.1,45,46,46.9,53.6,43.7,52,45,45,44.96
51.98,50.9,64.94,64.94,73.04,57.02,87.98,69.98,53.1,59,55.9,44.1,45,48,46.9,51.8,44.2,52,45,45,46.04
51.08,48.92,63.32,60.8,68,55.94,86.9,64.04,52,57,55.9,44.1,45,48,46.9,48.2,45,52,45,45,44.06
51.08,47.84,61.7,57.2,62.06,55.04,83.84,59,51.1,54,53.1,44.1,43,45,46.9,48.2,43.3,50,44.1,45,42.98
51.08,46.94,60.08,57.2,57.02,51.98,77.9,59,50,51.1,53.1,44.1,43,42.1,46,48.2,41.5,44.1,43,44.1,41
50,45.86,59.36,55.4,55.04,51.08,74.84,57.02,46.9,48,51.1,44.1,44.1,42.1,43,46.4,39.9,42.1,42.1,39,42.98
50,46.94,58.64,53.6,55.04,50,70.88,51.98,46,48.9,48.9,44.1,43,39.9,39,46.4,37.9,39.9,42.1,37.9,41
48.92,44.96,57.92,55.4,55.04,44.96,70.88,50,46,46.9,48.9,42.1,42.1,39.9,39,46.4,36,39,42.1,39.9,39.02
48.92,46.94,57.02,53.6,53.96,46.94,64.94,48.92,45,45,48,41,39.9,37.9,39.9,46.4,34,37.9,42.1,37.9,37.04
48.92,46.94,55.94,51.8,53.96,46.94,64.94,46.94,45,42.1,46.9,41,39,37.9,41,46.4,33.3,37.9,40.1,39,37.94
48.92,45.86,55.04,51.8,53.96,46.94,63.86,48.02,45,42.1,46.9,42.1,39,37.9,42.1,46.4,32.7,37.9,37.9,41,39.02
48.02,46.94,53.96,50,53.06,46.94,62.96,48.92,46,39.9,46.9,42.1,39,37,43,46.4,32,39,36,44.1,39.92
48.02,46.94,53.06,50,50,46.04,59.9,46.04,45,39.9,46,42.1,37,37.9,43,46.4,31.3,37.9,36,44.1,39.02
48.92,43.88,51.98,50,48.02,44.96,59,44.06,45,39.9,46,39.9,36,37.9,41,44.6,30.7,37.9,36,41,37.94
48.02,42.98,52.34,48.2,50,46.04,57.92,42.08,45,39,46,39,37.9,37.9,39.9,44.6,30,37.9,36,42.1,37.94
48.92,46.94,52.7,50,50,46.04,57.92,35.96,45,39.9,46,37.9,36,37,39,44.6,30.4,39,35.2,37,33.98
48.92,44.96,53.06,50,50,46.94,59,41,44.1,39.9,45,39.9,37.9,37,39.9,44.6,30.6,39.9,34.7,37,35.96
50,44.96,56.12,53.6,53.96,48.02,59.9,48.02,46,42.1,45,42.1,39.9,39,42.1,46.4,30.9,42.1,34,37,39.92
48.92,46.94,59,53.6,59,48.02,62.96,50,48,46,46.9,45,39.9,42.1,45,48.2,35.2,45,35.1,39.9,44.06
50,46.94,62.06,57.2,62.06,48.92,64.94,48.02,50,48,46,46.9,41,46,46,51.8,39.7,46.9,36,42.1,44.96
50,52.88,62.96,59,64.04,50,66.92,50,51.1,52,46.9,46.9,42.1,45,46,48.2,44.1,48,37,45,44.96
51.98,51.98,64.04,60.8,66.92,51.98,68.9,51.08,52,54,48.9,48,41,48.9,46.9,51.8,47.3,48,38.7,44.1,46.94
51.98,46.94,64.94,62.6,69.98,53.06,70.88,55.04,53.1,61,48,50,42.1,52,50,51.8,50.7,48.9,40.5,46,46.94
51.08,54.86,64.22,64.4,69.98,55.94,71.96,55.94,52,60.1,51.1,54,45,51.1,51.1,51.8,54,50,42.1,46.9,48.02
51.08,51.98,63.68,64.4,71.96,53.06,73.4,57.02,48,57.9,51.1,52,45,48,52,51.8,53.2,46,41,48.9,50
51.98,50,62.96,64.4,69.98,53.96,73.94,57.02,48.9,59,48,51.1,43,52,51.1,51.8,52.7,45,40.1,48,51.98
51.98,52.88,62.06,62.6,66.92,53.96,71.96,55.94,46,59,50,51.1,43,52,52,51.8,52,39.9,39,46,48.02
51.98,50.9,60.98,59,62.06,51.98,70.88,51.98,46.9,55.9,48,48.9,39.9,48,52,48.2,50,37.9,37.8,44.1,48.02
51.08,50,60.08,57.2,57.02,48.02,65.84,48.92,45,53.1,45,45,39,41,48.9,48.2,48,37.9,36.3,42.1,44.06
50,48.92,59.36,55.4,55.04,48.02,62.96,46.04,45,46,44.1,44.1,37.9,39.9,43,48.2,46,36,35.1,39.9,42.98
48.02,48.38,58.64,55.4,53.06,46.94,60.98,46.94,43,43,45,45,37,37.9,42.1,48.2,45,33.1,34.3,39,41
48.02,47.84,57.92,53.6,53.06,44.96,59,44.96,39,42.1,43,43,37,35.1,41,44.6,44.1,28.9,33.8,37.9,44.96
50,47.84,57.02,53.6,51.98,48.02,57.92,42.98,39,39.9,44.1,44.1,35.1,39,43,44.6,43,30,33.1,39,44.06
48.02,47.84,55.94,53.6,51.98,46.94,56.84,44.96,37,39,43,43,36,34,41,48.2,41.4,28,32.4,39,41
48.02,47.84,55.04,51.8,51.98,46.94,55.94,42.08,37,37.9,44.1,42.1,35.1,30,43,46.4,39.6,25,31.6,37.9,39.02
48.92,45.86,54.32,51.8,51.98,46.94,54.86,39.02,36,37,44.1,39.9,35.1,27,43,42.8,37.9,25,30.9,37.9,39.02
48.92,44.96,53.78,51.8,51.98,44.96,55.94,44.06,35.1,35.1,44.1,39.9,34,28.9,46.9,46.4,37.2,28,31.6,36,37.94
48.92,44.96,53.06,51.8,51.98,44.06,52.88,41,34,36,43,37.9,33.1,27,46,48.2,36.7,30.9,32.4,35.1,35.96
51.08,41.9,53.06,51.8,50,44.06,52.88,39.02,36,35.1,43,37,30.9,27,46,46.4,36,30.9,33.1,33.1,37.04
53.06,41.9,53.06,51.8,48.92,44.96,47.84,33.98,37.9,35.1,43,35.1,30,28,46,46.4,36.7,30.9,33.4,33.1,35.06
59,43.88,53.06,51.8,48.92,46.04,46.94,35.96,39,36,43,36,30.9,28.9,42.1,44.6,37.2,28.9,33.6,32,35.96
60.98,48.92,56.3,53.6,55.94,46.94,51.98,46.04,42.1,41,43,39,34,42.1,41,46.4,37.9,28.9,34,33.1,42.08
60.08,52.88,59.72,53.6,59,48.92,59,51.98,46.9,44.1,43,41,37,45,42.1,46.4,43.9,30.9,33.3,37,44.96
57.02,52.88,62.96,55.4,64.04,50,62.96,53.96,50,46,43,41,39.9,46.9,43,46.4,50,32,32.7,37.9,46.04
57.92,51.98,64.22,59,66.92,51.98,66.74,55.04,50,51.1,44.1,45,42.1,48,46.9,46.4,55.9,33.1,32,37.9,46.04
59,52.88,65.66,62.6,68,55.04,69.98,53.96,51.1,54,44.1,46.9,45,50,48.9,48.2,58.6,35.1,34.7,39.9,48.02
64.04,54.86,66.92,66.2,69.08,59,70.88,57.92,54,57,45,46.9,44.1,50,51.1,48.2,61.3,36,37.2,41,48.92
64.94,55.94,67.28,68,71.06,59,72.86,57.02,55.9,59,45,48.9,44.1,51.1,52,48.2,64,37,39.9,43,50
62.06,55.94,67.64,69.8,71.06,59,72.86,55.94,55,60.1,46,48.9,46.9,51.1,53.1,53.6,63.3,39,41,44.1,50
62.06,55.94,68,66.2,69.08,60.08,73.94,55.04,54,60.1,46,48,45,48,55,53.6,62.8,39,41.9,43,51.08
60.98,54.86,65.66,64.4,68,59,73.94,53.06,53.1,57,46,48,44.1,48,55,55.4,62.1,37.9,43,39.9,50
60.08,53.96,63.32,59,62.96,57.92,72.86,48.02,48.9,55,46.9,46,39.9,45,52,51.8,59,37,41.4,39.9,48.92
57.92,51.98,60.98,57.2,60.08,57.02,71.96,44.96,48,57,48,45,37.9,42.1,51.1,50,56.1,35.1,39.6,37.9,46.04
59,50.9,60.62,55.4,57.02,55.94,69.98,41,43,57,48,42.1,34,39.9,50,48.2,53.1,30,37.9,36,44.96
50,48.92,60.44,55.4,55.04,53.96,64.94,42.08,42.1,57,48.9,41,34,39.9,37.9,46.4,49.1,28.9,37.9,37,42.98
50,48.92,60.08,55.4,53.96,51.98,62.96,39.02,41,57,48.9,37.9,34,37,37.9,48.2,45,28,37.9,37.9,42.98
51.08,47.84,59.36,55.4,53.06,51.08,61.88,37.04,39.9,57,48.9,39,32,39,37,48.2,41,27,37.9,35.1,42.08
50,46.94,58.64,55.4,51.98,51.98,60.98,35.06,37.9,57,48.9,37.9,30.9,36,39,46.4,39.9,27,37.9,36,37.94
48.92,45.86,57.92,55.4,48.92,51.98,60.98,33.98,37,55,48.9,37.9,28,33.1,39.9,46.4,39,27,37.9,37,44.06
48.92,44.96,57.02,55.4,48.02,48.02,60.98,32,37,50,48.9,37,27,35.1,42.1,46.4,37.9,26.1,37.9,36,39.02
46.94,44.96,55.94,55.4,48.92,48.02,59,28.04,36,50,48.9,37,27,32,39,44.6,34.9,23,37.2,36,37.04
48.02,44.96,55.04,55.4,46.04,46.94,56.84,24.98,36,50,46.9,37,27,30,39,44.6,32,21.9,36.7,35.1,35.96
46.94,42.98,55.4,55.4,42.98,44.96,53.96,28.04,39,48,46.9,36,26.1,27,36,39.2,28.9,23,36,35.1,35.06
48.02,43.88,55.58,55.4,44.96,44.06,53.96,23,37.9,48,48,36,26.1,26.1,34,41,28.6,23,35.6,37,33.98
48.02,44.96,55.94,55.4,46.94,44.96,53.96,28.94,39,48,48.9,35.1,28,28.9,35.1,39.2,28.4,24.1,35.4,36,35.06
51.08,48.92,57.92,57.2,51.98,51.08,59,39.02,41,48,48.9,39.9,30.9,41,37.9,42.8,28,25,35.1,37,41
51.98,53.96,60.08,57.2,57.02,55.04,60.98,48.02,43,50,48.9,44.1,36,44.1,41,44.6,26.8,26.1,35.1,37.9,46.94
53.96,55.94,62.06,60.8,59,57.92,64.94,51.08,46,52,48.9,46,39.9,46,41,48.2,25.3,30,35.1,39.9,48.02
55.04,57.92,62.96,62.6,60.08,60.98,66.92,55.04,48,48.9,54,48.9,41,48.9,39.9,48.2,24.1,30.9,35.1,41,48.92
55.04,59,64.04,64.4,60.98,62.96,68.9,57.92,48.9,53.1,57,50,42.1,48.9,35.1,48.2,24.4,34,36.3,42.1,50
51.98,57.92,64.94,66.2,60.98,64.94,71.96,60.08,48,53.1,57,50,45,50,36,50,24.6,35.1,37.8,41,53.06
51.98,57.92,64.58,66.2,62.96,66.02,73.94,60.98,48.9,53.1,55.9,52,46,52,37.9,51.8,25,36,39,44.1,51.98
51.08,59,64.4,68,60.98,66.02,77,62.06,50,53.1,55,53.1,46.9,53.1,42.1,51.8,25,37,37.9,45,55.04
53.06,57.92,64.04,66.2,59,66.02,77,60.98,51.1,54,55.9,53.1,44.1,52,43,51.8,25,37,37,46,53.06
53.06,55.94,62.96,64.4,57.92,64.94,77,59,48.9,48,55.9,53.1,46,52,45,51.8,25,36,36,46,51.98
51.08,54.86,62.06,62.6,57.02,62.96,77.9,57.02,48,48,55.9,51.1,43,50,45,48.2,23.9,36,35.6,44.1,50
50,51.98,60.98,60.8,55.04,60.08,75.92,53.06,45,45,55,48,39,43,43,48.2,23,30.9,35.4,42.1,44.96
50,50.9,60.62,57.2,55.04,59,69.98,51.98,45,44.1,54,48,37,36,39,44.6,21.9,30,35.1,42.1,44.06
48.02,50.9,60.44,59,51.98,57.02,66.92,51.08,44.1,44.1,53.1,46.9,35.1,37,39.9,44.6,21.6,30,35.1,39.9,44.96
48.02,50.9,60.08,57.2,50,53.06,64.94,51.08,43,44.1,52,45,35.1,39.9,37.9,44.6,21.4,27,35.1,39.9,44.06
46.04,48.92,60.08,57.2,50,51.98,61.88,48.92,43,43,52,43,34,39,37.9,42.8,21,27,35.1,39.9,42.98
42.98,45.86,60.08,57.2,46.94,50,60.98,42.08,44.1,42.1,53.1,44.1,32,35.1,36,42.8,19.9,24.1,34.3,39,42.98
41,44.96,60.08,57.2,46.94,46.04,59.9,35.96,43,42.1,53.1,41,30.9,33.1,37,41,19,25,33.8,37.9,42.08
41,44.96,59.72,55.4,44.06,48.02,57.92,33.98,44.1,42.1,52,41,28.9,28.9,35.1,41,18,26.1,33.1,37.9,39.92
39.92,43.88,59.36,55.4,42.98,46.94,56.84,32,44.1,39.9,52,39.9,28.9,28,36,41,17.2,26.1,33.1,37.9,37.04
39.02,44.96,59,55.4,42.08,46.04,56.84,28.94,43,42.1,52,37,28.9,28.9,36,41,16.7,25,33.1,37.9,37.94
39.02,44.42,59,55.4,39.92,44.96,55.94,28.04,41,41,52,37,28,25,35.1,41,16,25,33.1,37.9,37.04
39.92,43.88,59,53.6,39.92,46.04,55.94,26.96,42.1,39.9,51.1,36,28,26.1,36,41,16.3,24.1,33.8,39,35.96
44.06,41.9,59,55.4,41,46.94,53.96,33.98,43,39.9,50,39,30.9,30.9,35.1,40.6,16.7,26.1,34.3,37,35.96
48.02,50.9,60.26,57.2,50,51.98,56.84,42.98,44.1,42.1,50,41,35.1,37,35.1,42.8,17.1,32,35.1,39,42.98
51.98,59,61.7,59,53.06,57.92,60.98,51.08,46.9,44.1,51.1,46,39,42.1,41,42.8,20.3,35.1,36,44.1,48.02
51.08,60.98,62.96,62.6,55.04,62.06,68.9,53.96,46,46,51.1,48.9,42.1,46,44.1,44.6,23.7,39.9,37,48,51.08
51.98,61.88,63.68,66.2,57.92,64.94,70.88,59,48.9,48,52,50,46,51.1,46.9,50,27,44.1,37.9,57.9,51.98
53.96,63.86,64.22,66.2,59,66.92,74.84,62.06,50,51.1,52,50,48,54,48.9,51.8,30,45,38.7,62.1,53.06
53.96,63.86,64.94,68,60.08,69.98,75.92,62.06,52,48.9,46.9,51.1,50,55.9,48,53.6,32.9,48,39.2,62.1,55.04
55.04,64.94,64.58,66.2,60.08,71.06,77,64.94,45,52,48,51.1,51.1,57,50,51.8,36,50,39.9,60.1,57.92
51.98,65.84,64.4,66.2,60.98,69.98,78.98,66.02,48,55,46.9,51.1,51.1,57,48,53.6,36,50,39.6,60.1,57.02
53.06,64.94,64.04,64.4,60.08,69.98,79.88,66.02,48.9,53.1,46.9,51.1,50,55.9,50,51.8,36,48,39.4,61,57.92
51.08,64.94,62.78,64.4,59,69.08,80.96,64.04,48,48.9,48.9,51.1,50,55,51.1,50,36,48.9,39,50,55.94
50,61.88,61.34,60.8,57.02,66.02,79.88,60.08,46.9,48,44.1,50,45,53.1,46,48.2,35.1,48,37.8,45,55.04
46.94,54.86,60.08,60.8,55.04,62.96,77.9,53.96,45,48,41,48.9,42.1,46,43,46.4,34,41,36.3,44.1,51.98
46.04,51.98,60.08,60.8,51.98,60.98,72.86,50,45,46.9,37.9,46.9,39,41,39.9,44.6,33.1,37.9,35.1,42.1,48.92
42.98,51.98,60.08,60.8,51.98,59,68.9,46.04,43,46.9,39.9,46,36,37.9,41,44.6,31.6,35.1,34.7,42.1,48.02
42.08,50,60.08,57.2,51.08,57.92,65.84,39.92,44.1,46,37.9,45,35.1,37,39.9,42.8,30.4,37.9,34.3,41,46.94
39.92,48.92,60.08,57.2,50,55.94,63.86,39.92,44.1,45,39,44.1,35.1,32,39,39.2,28.9,39,34,37,48.02
39.02,47.84,60.08,55.4,48.92,53.06,62.96,32,42.1,45,37.9,42.1,35.1,30,35.1,37.4,28.9,37,33.6,35.1,44.96
42.98,46.94,60.08,53.6,48.92,50,60.98,33.98,39.9,43,39,42.1,35.1,30.9,34,37.4,28.9,35.1,33.4,33.1,39.92
42.98,44.96,60.08,53.6,46.94,48.92,59.9,32,39.9,42.1,37.9,41,34,28.9,32,35.6,28.9,37.9,33.1,32,39.02
42.98,45.86,60.08,53.6,44.06,48.02,59.9,30.92,39.9,42.1,36,41,34,27,28,35.6,28.6,36,32.7,30.9,41
39.92,44.78,60.08,51.8,44.96,48.92,57.92,32,37,43,37.9,41,30.9,28,27,35.6,28.4,34,32.4,30.9,39.02
41,43.88,59.72,50,44.06,46.04,56.84,30.02,37,39.9,39,39.9,28.9,26.1,24.1,35.6,28,32,32,30.9,37.94
41,43.88,59.36,50,44.96,44.96,54.86,30.02,37,39.9,37.9,39,28.9,28,24.1,35.6,27.7,30.9,32.4,30,37.94
41,44.96,59,51.8,48.02,48.02,54.86,37.94,37,37.9,39,39.9,33.1,32,21,35.6,27.3,28.9,32.7,30,41
46.04,50.9,59.36,57.2,53.96,51.08,59.9,46.94,44.1,43,39.9,41,37.9,39.9,28.9,35.6,27,36,33.1,30.9,44.96
48.92,57.92,59.72,60.8,57.92,55.94,65.84,55.94,45,46,42.1,42.1,42.1,45,35.1,35.6,28.2,39.9,33.8,30.9,48.02
48.92,61.88,60.08,64.4,60.98,60.08,70.88,60.08,50,51.1,46,45,45,50,37.9,37.4,29.7,45,34.3,32,48.92
51.98,62.96,60.08,69.8,62.06,62.96,73.94,64.04,52,54,48.9,48,48,55,41,42.8,30.9,48,35.1,32,51.08
50,63.86,60.08,71.6,64.94,64.94,77.9,66.02,51.1,55,50,48.9,51.1,57.9,44.1,42.8,30.9,48,35.4,34,53.06
51.98,64.94,60.08,71.6,66.92,68,81.86,69.98,51.1,55.9,50,50,53.1,59,46,46.4,30.9,48,35.6,35.1,53.06
51.08,66.92,60.08,73.4,66.92,66.92,82.94,71.96,51.1,57,52,52,54,60.1,48,46.4,30.9,48,36,36,53.96
51.08,66.92,60.08,73.4,66.92,66.92,83.84,71.96,52,59,53.1,52,55,61,48.9,44.6,29.3,50,36,37,53.06
51.08,66.92,60.08,69.8,66.92,66.92,83.84,73.04,51.1,59,50,51.1,55,62.1,48.9,46.4,27.7,48,36,37.9,51.08
51.08,65.84,60.44,69.8,64.94,66.92,82.94,71.96,48.9,59,50,48.9,54,60.1,48,48.2,26.1,48,36,36,50
51.98,63.86,60.62,66.2,62.06,64.94,81.86,66.92,46,55,48,48,50,57,48,46.4,25,46.9,35.2,37,48.92
51.08,53.96,60.98,64.4,59,60.98,77,59,45,50,46,46,46,50,46,39.2,24.1,42.1,34.7,34,46.94
48.92,52.88,60.98,62.6,57.02,60.08,71.96,57.02,44.1,48.9,43,45,44.1,42.1,42.1,37.4,23,39.9,34,33.1,46.94
48.92,53.96,60.98,60.8,53.06,59,70.88,51.98,39,46.9,42.1,45,42.1,41,42.1,35.6,22.6,41,33.6,30.9,46.94
48.92,52.88,60.98,60.8,53.06,55.04,66.92,51.98,36,43,39.9,44.1,39.9,37.9,34,35.6,22.3,35.1,33.4,28.9,48.02
50,53.96,60.98,59,50,55.04,66.92,51.98,36,42.1,42.1,44.1,36,35.1,30,33.8,21.9,36,33.1,30.9,48.02
51.08,47.84,60.98,57.2,48.92,53.06,66.92,46.04,34,37.9,39,43,34,33.1,30,33.8,20.7,36,33.1,30,46.94
51.08,50,60.98,57.2,46.04,51.08,63.86,46.94,33.1,36,39,42.1,35.1,32,30.9,33.8,19.2,33.1,33.1,26.1,48.02
51.08,48.92,60.98,55.4,48.02,46.94,64.94,46.04,33.1,35.1,39,37.9,32,32,28,33.8,18,32,33.1,28,48.02
51.08,45.86,60.98,55.4,48.02,48.02,61.88,41,32,35.1,39,37.9,30.9,30.9,28,33.8,17.2,30,32.7,27,46.04
51.08,47.84,60.98,55.4,46.94,46.04,59.9,39.92,28.9,35.1,39,37.9,32,30.9,27,33.8,16.7,32,32.4,25,46.04
51.08,46.76,60.98,53.6,44.06,44.96,59,41,30,34,36,37.9,33.1,30,28,33.8,16,30,32,23,44.06
50,45.86,60.98,55.4,42.08,44.06,60.98,39.02,28.9,33.1,36,39,28.9,30,28,33.8,16.3,30,32,23,44.06
50,47.84,60.98,55.4,44.06,46.04,59,46.94,30.9,33.1,39,37,32,34,28,33.8,16.7,30.9,32,24.1,46.04
51.08,51.98,60.62,57.2,51.98,51.98,59,55.94,37.9,39,42.1,44.1,37.9,43,35.1,33.8,17.1,36,32,24.1,48.02
51.98,54.86,60.44,62.6,57.02,57.02,68,62.06,46.9,44.1,43,45,42.1,48,43,33.8,18.3,41,33.1,30.9,51.08
53.06,59,60.08,64.4,60.98,62.06,69.98,64.94,48.9,46.9,46,48.9,46,53.1,46.9,35.6,19.8,45,34,33.1,53.06
53.06,65.84,60.8,66.2,64.04,64.94,73.94,68,54,52,46.9,51.1,50,57,48,37.4,21,46.9,35.1,34,55.04
53.06,68,61.34,68,66.92,68,74.84,69.08,55.9,55.9,48,53.1,51.1,57.9,50,39.2,23.4,48.9,35.1,35.1,55.94
53.96,68.9,62.06,69.8,69.08,69.98,77.9,71.06,57.9,57.9,48.9,52,52,59,52,42.8,25.7,48.9,35.1,37.9,55.04
55.04,69.98,62.06,69.8,71.96,71.06,78.98,73.04,57.9,61,50,53.1,53.1,61,54,42.8,28,50,35.1,39,55.94
53.96,70.88,62.06,69.8,73.94,71.06,79.7,73.04,59,62.1,52,54,55,62.1,53.1,44.6,29.7,51.1,36,37.9,59
51.08,69.98,62.06,69.8,73.94,69.98,79.88,73.04,59,64.9,52,55,55,61,54,44.6,31.5,51.1,37,39,60.08
50,68.9,60.62,66.2,73.94,69.08,79.16,71.96,59,64.9,51.1,54,54,60.1,53.1,42.8,33.1,51.1,37.9,37.9,60.08
50,68,59.36,62.6,71.06,66.02,77.9,69.08,57,62.1,48.9,52,52,55.9,52,39.2,32,48,36,35.1,57.92
50,64.94,57.92,59,62.96,62.96,73.94,64.04,52,57.9,44.1,50,46.9,48,48.9,37.4,31.1,44.1,34,34,53.96
50,59.9,57.2,60.8,60.98,60.08,70.88,60.98,46,52,43,46.9,42.1,39,46,35.6,30,39.9,32,30.9,51.98
50,57.92,56.66,58.82,57.92,57.92,69.08,60.08,46,52,43,46,37.9,37.9,44.1,35.6,30,37,31.6,30,53.06
50,54.86,55.94,57.2,55.94,57.02,68,57.92,45,52,42.1,45,39,36,44.1,35.6,30,36,31.3,28,51.98
50,55.94,55.58,57.2,53.06,55.04,65.84,55.04,44.1,50,42.1,45,37.9,34,41,35.6,30,35.1,30.9,26.1,51.98
50,56.84,55.4,57.2,50,53.96,62.96,55.04,43,50,42.1,45,39,33.1,39.9,35.6,29.7,36,31.3,27,51.98
50,55.94,55.04,57.2,50,51.98,62.96,51.08,43,48,42.1,43,37,30,39,33.8,29.3,36,31.6,27,51.98
50,52.88,55.04,55.4,50,51.98,62.96,50,42.1,46.9,43,42.1,36,35.1,37.9,33.8,28.9,37,32,28,51.08
48.92,56.84,55.04,55.4,48.02,50,61.88,48.92,43,46.9,43,42.1,34,30,39,33.8,28,34,30.7,28,51.08
48.02,55.4,55.04,55.4,46.94,46.94,60.98,50,42.1,46,43,41,33.1,28.9,39,33.8,27,32,29.3,28.9,50
48.02,53.96,55.4,55.4,48.02,48.02,59.9,48.02,42.1,45,43,39.9,33.1,28.9,37,35.6,26.1,30.9,28,28,50
48.02,52.88,55.58,55.4,48.02,46.94,57.92,46.04,41,43,41,39.9,30,26.1,35.1,32,28,33.1,28.4,27,48.92
48.02,52.88,55.94,55.4,51.98,48.92,56.84,55.04,42.1,42.1,42.1,41,36,32,33.1,33.8,30,37,28.6,26.1,50
48.02,59,57.38,59,59,55.04,56.84,60.08,48,44.1,43,41,41,39.9,35.1,35.6,32,43,28.9,27,51.98
48.92,61.88,58.64,62.6,64.94,62.06,59.9,64.04,52,46,45,42.1,46,46,39,35.6,37.6,46.9,32,28.9,53.96
53.06,63.86,60.08,66.2,69.98,64.94,61.88,66.92,55,48,44.1,45,48.9,51.1,44.1,33.8,43.3,48.9,34.9,30,55.04
50,65.84,61.34,68,73.94,68,63.86,71.96,60.1,46.9,46.9,46,51.1,55.9,46,35.6,48.9,46.9,37.9,30.9,55.94
55.04,67.46,62.78,69.8,78.08,71.06,66.92,75.02,62.1,46.9,48.9,46.9,53.1,59,48,37.4,48.9,54,39.9,34,55.94
57.92,68.9,64.04,66.2,80.06,73.04,70.88,77,64.9,46,50,48.9,55,61,50,39.2,48.9,54,42.1,36,57.02
55.04,69.98,63.68,66.2,80.96,73.94,70.88,78.98,66,46,51.1,42.1,55.9,63,52,37.4,48.9,55,44.1,34,57.92
53.96,69.98,63.32,66.2,82.04,75.02,71.96,78.98,66.9,48,48,44.1,55.9,63,52,35.6,47.7,55,44.4,32,59
55.94,69.98,62.96,66.2,82.94,75.92,72.86,78.08,68,46.9,48.9,46.9,55.9,63,52,35.6,46.2,54,44.6,35.1,57.92
53.06,69.98,61.7,64.4,80.96,75.02,71.96,75.02,64.9,44.1,48,46.9,55,62.1,52,35.6,45,53.1,45,35.1,55.94
51.08,66.92,60.26,62.6,73.04,71.96,71.96,69.98,62.1,44.1,46.9,45,52,57,52,35.6,41.9,50,43,30.9,55.94
48.92,60.98,59,60.8,66.92,69.08,70.88,64.94,57,42.1,46,44.1,48,52,50,35.6,39,46.9,41,30.9,55.94
44.06,59.9,59,60.8,62.96,64.94,68,60.98,51.1,42.1,44.1,45,46,43,48,34.5,36,44.1,39,30,51.08
46.94,59,59,59,60.08,57.92,68,62.06,54,41,44.1,44.1,44.1,39,45,33.6,35.6,42.1,37.9,30.9,51.98
48.02,56.84,59,57.2,55.94,55.94,64.76,53.96,52,39.9,43,43,43,39.9,44.1,33.3,35.4,39,37,30.9,51.98
48.02,54.86,58.28,57.2,53.96,53.96,61.88,50,46,37.9,43,41,39,37.9,41,33.4,35.1,37,36,30.9,51.98
48.92,54.86,57.74,57.2,53.06,53.06,59.9,51.98,46,37.9,44.1,39.9,39,34,41,33.6,34,36,36,30,51.08
48.02,51.98,57.02,57.2,51.08,53.06,60.98,48.92,46.9,36,43,39.9,37,33.1,39.9,33.4,33.1,37,36,28.9,51.08
48.02,50,55.94,57.2,50,53.06,59.9,48.02,46,36,43,41,37,30.9,32,33.8,32,36,36,28,51.08
46.94,50,55.04,57.2,51.08,51.08,56.84,41,45,36,43,39,36,30,30,32.7,31.6,33.1,36,28.9,50
46.04,50,53.96,55.4,48.02,50,55.94,42.08,44.1,35.1,42.1,39.9,34,28.9,30,32,31.3,33.1,36,28.9,50
46.04,45.86,54.32,55.4,46.94,46.94,51.98,42.08,43,36,42.1,39.9,33.1,28.9,30,31.8,30.9,32,36,28.9,48.92
44.96,47.84,54.68,55.4,48.02,48.02,53.96,39.02,41,35.1,42.1,39,33.1,28.9,30.9,31.5,30.6,32,36.3,26.1,48.92
44.96,50,55.04,55.4,51.98,51.08,55.94,48.02,45,37.9,42.1,41,36,32,30.9,31.3,30.4,30,36.7,28,48.92
46.94,53.96,57.02,57.2,55.94,57.92,55.94,55.94,50,41,44.1,44.1,41,43,37,33.8,30,32,37,28,50
46.94,56.84,59,60.8,57.92,64.04,61.88,64.94,55.9,43,45,45,46,48,46,35.6,33.1,30,39.4,30,50
48.92,57.92,60.98,66.2,60.08,69.08,68,71.06,57.9,44.1,46.9,46.9,50,53.1,51.1,37.4,36,30.9,41.7,32,51.98
50,59,62.06,69.8,60.08,71.96,71.96,73.04,63,46.9,46.9,48.9,53.1,57.9,53.1,39.2,39,30.9,44.1,36,53.06
51.08,60.98,62.96,75.2,60.98,73.94,73.94,75.02,64.9,48,51.1,48.9,55.9,61,55.9,42.8,41,32,46.4,37,53.06
53.06,62.96,64.04,78.8,60.98,75.92,75.92,78.08,68,51.1,52,52,57.9,63,57.9,42.8,43,33.1,48.7,41,55.04
55.04,64.94,63.32,78.8,62.06,77,78.98,82.04,66,51.1,53.1,51.1,59,66,59,42.8,45,32,51.1,41,57.92
55.04,65.84,62.78,75.2,62.06,77,78.98,82.04,66,52,54,51.1,60.1,64.9,61,42.8,44.1,33.1,52.3,42.1,59
55.94,69.98,62.06,75.2,60.08,78.08,78.98,80.96,62.1,51.1,55.9,50,61,66.9,62.1,44.6,43,33.1,53.8,42.1,57.92
57.92,68.9,60.98,71.6,60.08,75.92,78.98,78.98,62.1,50,54,50,59,66,62.1,44.6,42.1,32,55,39.9,57.02
51.98,62.96,60.08,66.2,59,73.04,78.98,73.04,55.9,50,53.1,50,54,63,61,42.8,40.6,32,51.4,37.9,55.94
51.08,59,59,64.4,57.02,69.98,77,66.02,55,48,50,48,51.1,51.1,60.1,39.2,39.4,32,47.7,34,50
50,57.92,58.64,62.6,55.04,66.92,72.86,60.98,51.1,48,48.9,46.9,46.9,48.9,51.1,37.4,37.9,30.9,44.1,30.9,51.08
48.02,54.86,58.28,60.8,53.06,62.06,68.9,62.06,46.9,46.9,46.9,48,46,44.1,42.1,35.6,35.6,30.9,40.6,30.9,44.96
46.04,54.86,57.92,59,51.98,59,68.9,57.92,45,46,46,46.9,39.9,39.9,45,33.8,33.3,30.9,37.4,30.9,46.94
46.04,53.96,57.56,57.2,51.08,57.02,66.92,51.98,43,45,46.9,46,39,37,44.1,33.8,30.9,30,34,30.9,46.94
46.04,53.96,57.38,57.2,51.08,55.94,64.94,51.08,43,44.1,46.9,45,37.9,39,41,33.8,31.3,30,32.4,30.9,46.94
46.04,52.88,57.02,55.4,50,53.96,63.86,46.04,41,44.1,46.9,45,39,35.1,45,33.8,31.6,30,30.6,28,42.98
46.94,50.9,55.94,55.4,46.94,53.96,61.88,39.92,39,43,45,44.1,37.9,35.1,44.1,32,32,28.9,28.9,27,42.98
46.94,48.92,55.04,55.4,46.94,51.98,60.98,35.06,41,43,43,44.1,34,35.1,43,30.2,31.6,28,28.9,27,42.08
46.04,51.98,53.96,57.2,46.94,51.08,59,33.08,39,42.1,41,43,34,34,42.1,30.2,31.3,27,28.9,28,42.98
46.94,50.9,53.6,57.2,48.92,51.08,59,32,39,42.1,39.9,44.1,32,30.9,43,28.4,30.9,27,28.9,28,42.08
46.94,50,53.42,55.4,48.02,50,55.94,30.02,37.9,42.1,39.9,45,32,32,43,28.4,31.6,27,30.9,28,42.08
46.04,51.98,53.06,57.2,50,53.06,56.84,41,42.1,42.1,42.1,46,37,39,39.9,28.4,32.4,27,33.1,28,44.06
48.02,53.96,56.66,57.2,53.96,57.92,59,53.96,48,44.1,45,48,42.1,46,46,33.8,33.1,27,35.1,28,46.04
48.92,56.84,60.44,57.2,57.92,62.96,65.84,62.96,53.1,45,48.9,48.9,46.9,53.1,52,37.4,36.7,28.9,39.4,30,48.02
50,57.92,64.04,62.6,60.98,66.92,71.96,68,57,48,50,48.9,51.1,55.9,55.9,39.2,40.5,30,43.7,32,51.08
51.98,62.96,64.94,66.2,62.96,69.98,75.92,73.04,64.9,51.1,53.1,50,55,61,62.1,44.6,44.1,30,48,36,50
53.96,61.88,66.02,69.8,66.02,71.06,77.9,73.04,66,55,55,51.1,60.1,64,69.1,48.2,44.4,30,51.3,39.9,51.98
53.96,63.86,66.92,71.6,68,71.06,80.96,75.92,71.1,60.1,57,48,63,66,70,48.2,44.6,32,54.7,42.1,53.06
53.96,62.96,66.2,71.6,68,77,81.86,78.08,71.1,57,60.1,48.9,64,66,71.1,50,45,30.9,57.9,44.1,51.98
55.94,60.98,65.66,69.8,68,78.08,81.86,78.08,71.1,46.9,63,48,66,64.9,73,51.8,41.9,32,58.6,45,53.96
53.96,60.98,64.94,71.6,68,77,84.92,78.98,69.1,43,64,48,66,64,73,51.8,39,30.9,59.4,44.1,53.06
51.98,59.9,64.04,68,66.02,73.94,83.84,78.08,66.9,42.1,63,48.9,62.1,62.1,71.1,50,36,30.9,60.1,43,51.98
51.98,59,62.96,62.6,62.96,71.96,84.92,73.94,64.9,41,62.1,48.9,59,55.9,69.1,48.2,33.3,30.9,57,43,51.08
50,59,62.06,57.2,59,68,81.86,64.94,62.1,39.9,57.9,48.9,55,55.9,64.9,44.6,30.7,30.9,54.1,42.1,47.3
50,57.92,61.7,57.2,53.96,64.94,77.9,59,54,39.9,55.9,48.9,52,54,53.1,42.8,28,30.9,51.1,41,46.4
48.92,56.84,61.34,57.2,51.98,62.06,73.94,57.92,48.9,39,52,48,51.1,53.1,53.1,39.2,26.4,30.9,47.7,41,45.32
48.56,57.92,60.8,57.2,52.16,59.54,71.78,55.4,48,40.1,51.1,47.5,50.2,50.5,50,39,28,32.7,47.3,39,43.88
48.2,59,60.08,57.2,52.34,56.84,69.62,52.7,46.9,41.4,50.4,46.9,49.3,48.2,47.1,38.7,29.7,34.7,46.9,37,42.08
47.84,60.08,59.54,57.2,52.52,54.32,67.46,50.18,46,42.4,49.5,46.4,48.4,45.7,44.1,38.5,31.1,36.5,46.6,35.1,39.74
47.48,61.16,58.82,57.2,52.52,51.8,65.48,47.66,45,43.5,48.6,45.7,47.7,43.3,41,38.1,32.5,38.5,46,32.9,37.4
47.12,62.24,58.28,57.2,52.7,49.28,63.32,45.14,44.1,44.6,47.7,45.1,46.8,40.8,37.9,37.9,34,40.3,45.7,31.1,35.24
46.76,63.32,57.56,57.2,52.88,46.58,61.16,42.44,43,45.9,46.9,44.6,45.9,38.5,35.1,37.6,35.6,42.3,45.3,29.1,33.8
46.4,64.4,57.02,57.2,53.06,44.06,59,39.92,42.1,46.9,46,44.1,45,36,32,37.4,37,44.1,45,27,32.72
46.4,60.8,57.02,55.4,44.06,44.96,59,39.02,42.1,44.1,46.9,45,46,37,32,37.4,35.1,42.1,44.1,26.1,32
46.4,60.8,55.94,55.4,44.06,42.98,60.98,37.94,42.1,45,48,46.9,46,39,30.9,37.4,36,42.1,43,27,31.46
46.4,68,59,55.4,50,44.96,60.08,48.92,42.1,45,46.9,48,46.9,39.9,30.9,37.4,37,43,42.1,26.1,33.08
50,71.6,62.06,57.2,62.96,50,62.06,57.92,44.1,46.9,48.9,52,46.9,41,39,37.4,42.1,46.9,46,32,37.94
51.8,75.2,64.94,57.2,69.08,53.96,64.04,66.92,46,48.9,53.1,57,45,44.1,46,39.2,50,46.9,50,35.1,42.08
53.6,78.8,66.92,59,73.04,59,66.92,73.04,48,51.1,57.9,61,45,45,50,42.8,54,48.9,54,37.9,42.98
55.4,77,69.98,57.2,77,60.98,69.08,75.92,49.1,52,59,64.9,46.9,45,54,44.6,55.9,54,57.9,42.1,42.98
53.6,80.6,71.96,60.8,78.08,64.04,71.06,78.08,50,57,60.1,69.1,46.9,46.9,57,44.6,55.9,57.9,59,44.1,44.06
51.8,82.4,69.98,60.8,80.96,66.02,71.96,80.06,51.1,59,62.1,73.9,51.1,48.9,60.1,46.4,57.9,60.1,62.1,43,46.04
51.8,84.2,69.08,60.8,82.94,66.02,73.04,80.06,51.8,57.9,57.9,75,51.1,54,64,46.4,57.9,63,64.9,44.1,46.94
51.8,80.6,68,62.6,84.92,66.92,73.94,80.06,52.3,55.9,60.1,79,53.1,51.1,64.9,46.4,59,64.9,66,44.1,48.02
51.8,80.6,66.02,55.4,84.02,68,73.94,80.96,53.1,55,60.1,81,52,54,66,46.4,57.9,64.9,66.9,43,48.92
51.8,78.8,66.02,57.2,82.04,66.02,73.94,80.96,51.1,54,57.9,80.1,48.9,51.1,66,44.6,54,62.1,66.9,42.1,48.02
50,71.6,64.04,55.4,73.94,64.04,71.96,75.02,48.9,54,55,78.1,48.9,48.9,66,42.8,48.9,55.9,63,41,48.92
50,68,62.06,55.4,66.92,60.08,69.08,66.92,46.9,53.1,53.1,73,46.9,46,63,42.8,46,50,62.1,39.9,44.96
50,64.4,60.98,55.4,62.06,57.92,66.02,59,45,52,54,72,44.1,46,48.9,42.8,45,46.9,52,39,44.96
48.2,60.8,60.08,53.6,60.98,55.04,64.04,53.06,43,51.1,53.1,70,41,42.1,48,41,44.1,46,46.9,34,42.08
46.4,59,59,55.4,57.92,53.96,62.96,51.98,41,50,51.1,69.1,39,41,48,41,42.1,45,45,36,41
44.6,57.2,57.92,53.6,59,53.06,60.98,51.98,39.9,48.9,51.1,66,37.9,41,50,37.4,39,42.1,41,34,39.02
44.6,57.2,57.92,53.6,57.92,50,60.08,48.92,39,46.9,48.9,55.9,37.9,41,48.9,37.4,37,37.9,39,36,37.04
46.4,51.8,55.04,51.8,57.92,48.92,59,53.06,37.9,46,46.9,57,37,37.9,48,37.4,36,42.1,37.9,36,30.02
46.4,53.6,55.04,50,56.3,48.02,59,48.92,37.9,45,45,55.9,36,37,48,39.2,36,43,36,35.1,33.98
46.4,55.4,53.96,50,55.04,48.02,59,44.96,37.9,45,44.1,57.9,36,32,48,39.2,36,39,35.1,35.1,33.98
46.4,51.8,53.06,48.2,48.92,44.96,55.94,50,37.9,45,44.1,57,36,30.9,46.9,39.2,36,36,34,35.1,33.98
44.6,51.8,51.98,48.2,48.92,44.06,53.96,37.04,40.3,45,44.1,52,35.1,30.9,45,37.4,35.1,37,33.1,36,33.08
44.6,53.6,51.98,48.2,46.94,42.98,51.98,41,42.6,45,44.1,54,36,30.9,46.9,37.4,34,36,32,36,33.98
44.6,57.2,55.04,50,51.98,48.02,51.98,51.98,45,45,45,51.1,36,34,45,37.4,35.1,36,32,36,35.06
48.2,62.6,57.92,53.6,62.96,51.08,60.98,64.04,46.2,48,45,53.1,37.9,43,46,42.8,37.9,43,37,36,39.02
50,64.4,60.98,55.4,66.92,57.02,64.22,71.06,47.7,50,46,55.9,39.9,46.9,52,50,42.1,46.9,46,37.9,42.08
51.8,68,62.96,57.2,71.06,60.08,66.92,73.94,48.9,51.1,46.9,57,43,51.1,57,53.6,44.1,46,53.1,39,44.06
51.8,68,64.04,60.8,75.02,62.96,71.96,77,48.9,53.1,48.9,60.1,44.1,52,63,57.2,46.9,48,55.9,39.9,46.04
51.8,73.4,64.04,64.4,78.08,66.02,75.02,80.06,48.9,55,50,63,46,50,66.9,60.8,48.9,52,61,42.1,46.04
51.8,78.8,64.94,64.4,80.96,68,78.08,80.06,48.9,55.9,52,66,46,54,66,64.4,51.1,53.1,64,41,48.02
51.8,80.6,64.04,64.4,84.02,69.08,78.98,82.04,48.6,55.9,51.1,66,46.9,52,66.9,66.2,51.1,54,66.9,46,50
51.8,82.4,62.06,64.4,84.92,69.98,82.04,82.04,48.4,55.9,51.1,69.1,46,51.1,69.1,66.2,54,55,71.1,39,50
51.8,82.4,62.06,64.4,84.92,69.08,82.04,80.96,48,55,52,69.1,48,51.1,68,66.2,54,54,71.1,39.9,50
51.8,80.6,60.98,62.6,82.94,66.92,82.04,80.96,48.4,54,52,66.9,46.9,52,68,64.4,54,53.1,70,42.1,48.02
50,73.4,60.08,60.8,78.08,64.94,78.98,75.92,48.6,50,52,64,45,48.9,66,60.8,53.1,51.1,66.9,39,46.94
48.2,69.8,60.08,60.8,73.94,60.98,77,66.92,48.9,48.9,50,61,45,44.1,64,51.8,48,48,64,37,44.06
46.4,64.4,59,60.8,69.98,59,73.94,59,48.6,48,50,59,44.1,41,62.1,48.2,46,44.1,60.1,34,44.06
48.2,64.4,59,60.8,66.02,55.94,71.06,60.98,48.4,46.9,48,57,41,37,59,44.6,45,42.1,57,34,42.08
48.2,60.8,59,60.8,62.06,55.04,69.98,57.02,48,46,46,55,42.1,36,54,42.8,44.1,43,52,33.1,42.08
48.2,60.8,57.92,59,57.92,53.06,69.08,53.06,47.7,46,46,53.1,41,36,53.1,39.2,43,42.1,53.1,33.1,41
46.4,57.2,57.92,57.2,57.92,51.98,68,53.96,47.3,44.1,44.1,52,39.9,32,50,37.4,43,43,50,33.1,44.06
46.4,57.2,57.02,57.2,55.04,50,64.94,50,46.9,43,43,52,39.9,32,50,37.4,42.1,39,46,32,42.98
46.4,57.2,55.94,57.2,51.98,46.94,64.94,48.02,46.6,42.4,43,52,39.9,27,48.9,35.6,42.1,37,37.9,30,39.02
46.4,55.4,55.94,57.2,53.96,48.02,62.06,46.94,46.4,42.1,42.1,52,39.9,25,48.9,33.8,42.1,35.1,37,30.9,41
46.4,53.6,55.94,55.4,50,46.04,60.08,44.06,46,41,42.1,51.1,39.9,24.1,48,32,42.1,37,35.1,30,39.92
46.4,48.2,55.94,55.4,51.08,44.96,57.92,39.92,45.7,41,39,51.1,37.9,25,48,32,46,34,34,30.9,37.04
46.4,53.6,55.94,55.4,50,42.98,57.92,37.04,45.3,37.9,39.9,51.1,37.9,23,48,30.2,46.9,33.1,33.1,30,35.96
48.2,55.4,57.02,55.4,55.94,46.94,57.92,50,45,39.9,41,50,37.9,28.9,48,33.8,46.9,35.1,32,30,39.02
48.2,57.2,57.92,57.2,64.94,51.98,62.96,60.98,46.9,45,44.1,50,39,36,48,41,48.9,42.1,41,34,44.06
46.4,62.6,57.92,59,71.06,59,69.98,69.08,49.1,50,48.9,48.9,39.9,43,48.9,48.2,48.9,44.1,50,33.1,46.94
46.4,64.4,60.98,60.8,75.92,60.08,75.02,73.94,51.1,52,51.1,48.9,42.1,48,50,55.4,53.1,46,57.9,34,48.02
46.4,62.6,62.06,60.8,78.98,62.96,80.06,77,51.8,45,53.1,48,43,50,53.1,57.2,57.9,48.9,60.1,37.9,50
46.4,66.2,60.08,62.6,82.04,66.02,84.02,80.06,52.3,43,55.9,48,44.1,54,46.9,60.8,59,52,61,37,51.08
46.4,66.2,62.06,62.6,84.02,66.92,86,80.96,53.1,42.1,57.9,48,44.1,53.1,48.9,60.8,61,54,62.1,39.9,51.08
48.2,66.2,62.96,62.6,86,68,87.08,80.96,52.7,42.8,60.1,48,44.1,54,48.9,62.6,57.9,55.9,64.9,35.1,53.96
48.2,62.6,60.08,62.6,86,71.06,87.98,82.04,52.3,42.1,60.1,48.9,44.1,55,52,64.4,53.1,57,66.9,42.1,53.96
50,60.8,60.98,62.6,84.02,71.06,87.98,82.04,52,41,61,48,45,52,53.1,64.4,53.1,57,64.9,42.1,55.94
50,60.8,60.98,62.6,80.06,71.06,89.06,80.06,50.4,41,61,48,45,51.1,55.9,64.4,50,53.1,64,44.1,51.98
48.2,57.2,59,60.8,75.92,69.08,87.98,75.92,48.6,42.1,60.1,48,45,50,52,62.6,46.9,52,64,39.9,48.02
46.4,55.4,59,60.8,66.92,64.94,86,69.08,46.9,42.1,57,48,44.1,46,52,60.8,41,43,60.1,39.9,46.04
44.6,53.6,53.06,60.8,62.96,62.96,80.06,69.98,46.2,41,57,48,43,43,50,51.8,37,43,55.9,36,46.94
44.6,53.6,53.06,60.8,59,60.98,77,68,45.7,39.9,53.1,46.9,42.1,41,48.9,44.6,33.1,44.1,51.1,35.1,48.92
42.8,53.6,53.96,59,57.02,55.94,75.92,64.94,45,39.9,50,46.9,42.1,39.9,45,44.6,33.1,43,46,35.1,46.94
42.8,53.6,53.06,57.2,55.94,55.04,75.92,57.92,44.2,39,48,46.9,42.1,36,43,39.2,33.1,41,42.1,32,44.06
41,53.6,53.06,57.2,53.96,53.06,69.08,51.98,43.7,39,48,46,41,37.9,44.1,37.4,32,39,41,33.1,42.98
42.8,55.4,53.06,57.2,53.06,53.96,64.94,48.92,43,39,46,46.9,39.9,33.1,44.1,35.6,32,39,45,32,42.08
39.2,53.6,51.98,56.48,53.06,53.06,64.94,44.06,43.3,37.9,45,46,39,30.9,45,35.4,32,35.1,44.1,32,42.08
41,53.6,53.06,55.4,51.08,50,62.96,44.96,43.7,39,44.1,46,37,30.9,45,35.6,32,36,43,30.9,39.92
39.2,53.6,53.06,55.4,50,48.92,64.04,44.06,44.1,39,43,46,37.9,30.9,42.1,35.6,30.9,36,45,30.9,37.94
41,53.6,51.08,53.6,48.92,50,62.06,41,44.8,39,43,46,37.9,32,39.9,33.8,30.9,34,44.1,32,39.92
39.2,53.6,51.08,53.6,48.92,50,66.02,41,45.3,39,42.1,46,39,33.1,39.9,32,30.9,32,42.1,32,41
41,53.6,53.06,57.2,51.98,53.06,64.04,48.92,46,39,45,46.9,39,35.1,39.9,35.6,30.9,32,43,33.1,42.08
44.6,55.4,55.94,59,57.02,59,73.04,59,47.3,41,46,48,39,39,41,46.4,30.9,37,46,33.1,44.96
48.2,55.4,57.92,62.6,60.08,64.04,77,64.94,48.7,42.1,50,48,39.9,41,43,53.6,30.9,43,50,34,48.02
51.8,57.2,59,64.4,62.96,66.92,82.94,69.98,50,46,53.1,52,42.1,44.1,45,60.8,32,45,52,36,50
51.8,59,60.98,66.2,66.02,69.08,87.98,75.02,51.3,48.9,55.9,53.1,46,48.9,46,62.6,36,48,54,37,53.06
51.8,60.8,60.98,69.8,69.08,71.96,89.06,80.06,52.7,51.1,61,55.9,41,52,44.1,66.2,37,51.1,55,39.9,53.96
53.6,60.8,60.98,69.8,71.96,73.94,91.94,78.98,54,53.1,64,55,42.1,55,46,64.4,34,53.1,53.1,41,51.98
53.78,60.8,60.98,69.8,75.02,75.92,93.92,80.96,54.3,55,66.9,59,46.9,55.9,48,66.2,35.1,54,52,44.1,51.98
53.6,60.8,62.06,69.26,75.02,78.08,95,80.06,54.7,55.9,68,59,44.1,55,48.9,69.8,34,53.1,52,43,53.06
53.6,59,62.06,68,73.04,77,95,78.98,55,55.9,69.1,57,46,53.1,51.1,67.5,33.1,53.1,50,42.1,53.06
51.8,57.2,60.98,66.2,69.98,75.92,95,77,54,55,68,54,50,53.1,50,64.4,33.1,53.1,48,43,53.06
51.8,55.4,59,64.4,66.02,73.94,93.92,73.04,53.1,53.1,66.9,53.1,46.9,52,48.9,60.8,33.1,48,46,42.1,51.08
48.2,53.6,57.92,62.6,59,69.08,91.04,69.08,52,51.1,63,52,43,46,46.9,57.2,32,45,45,41,48.02
46.4,53.6,57.02,62.6,55.94,66.92,86,66.92,51.6,50,63,50,41,45,44.1,55.4,30.9,43,44.1,39.9,48.02
44.6,53.6,57.02,62.6,53.96,62.06,82.94,66.92,51.4,48.9,60.1,48.9,39,41,41,48.2,30,42.1,43,39,46.04
46.4,51.8,57.02,59,53.06,60.98,79.16,64.94,51.1,46.9,57.9,48.9,37.9,42.1,39,42.8,28.9,43,43,37.9,44.06
46.4,51.8,57.02,57.2,51.98,59,75.92,57.02,50.7,46,57,48.9,37,41,34,41,27,41,42.1,37,44.96
46.4,51.8,55.94,57.2,51.08,59,69.98,53.06,50.4,45,55,48,35.1,37.9,33.1,41,26.1,39.9,41,37,46.94
46.4,51.8,55.04,57.2,46.94,55.04,73.04,44.96,50,44.1,55,46.9,33.1,37,32,39.2,25,37.9,39,37,42.98
48.2,51.8,53.96,55.4,46.94,53.96,68,42.98,50,44.1,53.1,48.9,32,34,30.9,37.4,24.1,34,37,37,42.08
46.4,51.8,53.06,55.4,46.04,55.04,68,39.92,50,44.1,51.1,48,32,34,30,33.8,23,35.1,35.1,37,41
46.4,51.8,53.06,53.6,44.96,53.96,64.04,35.96,50,44.1,52,48,30.9,32,36,35.6,23,37,35.1,34,37.04
46.4,51.8,53.06,55.4,44.06,50,62.96,37.94,48.9,43,50,46.9,33.1,33.1,35.1,33.8,21,37,33.1,34,37.94
44.6,51.8,51.98,53.6,42.98,51.08,62.06,39.02,48,44.1,50,46,35.1,33.1,37,33.8,19.9,34,32,34,39.02
46.4,51.8,55.04,55.22,51.08,53.96,64.94,44.06,46.9,44.1,53.1,48,36,37.9,36,35.6,19,35.1,32,34,42.08
51.8,53.6,57.02,57.2,55.04,60.98,71.06,51.98,47.7,46,55.9,48.9,37,46.9,41,44.6,21,39.9,39.9,35.1,48.02
53.6,53.6,60.08,59,60.08,68,75.92,59,48.2,48.9,57,50,39,48.9,46,48.2,24.1,44.1,43,36,51.08
53.6,53.6,62.96,60.8,62.96,71.96,82.04,64.94,48.9,53.1,59,53.1,42.1,62.1,48.9,55.4,28,46.9,46,37,53.06
55.4,55.4,64.04,62.6,66.02,75.92,87.08,71.06,49.3,55.9,64.9,57.9,44.1,70,52,60.8,34,48,46,39,53.96
55.4,57.2,62.96,64.76,69.08,78.98,91.94,71.96,49.6,57.9,66.9,57,46,68,55,62.6,37,50,48,44.1,55.04
57.2,60.8,62.96,66.2,73.04,80.96,96.08,75.02,50,61,69.1,53.1,48,66.9,59,64.8,39.9,51.1,50,52,55.04
57.2,59,62.96,69.8,75.02,82.94,98.06,75.02,51.1,66,72,52,50,70,59,66.2,43,54,53.1,54,55.94
55.4,57.2,62.96,68,73.04,84.02,98.06,75.92,52,68,72,50,50,71.1,61,68,45,54,54,55.9,55.04
55.4,57.2,64.04,68,73.94,84.02,98.06,73.94,53.1,66.9,73,53.1,50,66.9,63,66.2,45,53.1,55.9,55,55.04
55.4,57.2,62.06,66.2,71.96,82.94,96.98,69.08,51.4,68,73,52,51.1,68,63,66.2,46,53.1,55,53.1,57.92
53.6,53.6,60.08,62.6,69.08,80.06,96.08,66.92,49.6,66,71.1,50,50,64,62.1,66.2,45,52,54,53.1,55.94
51.8,51.8,59,60.8,62.96,73.94,91.04,62.96,48,63,69.1,48,48,60.1,57,62.6,41,46,50,52,53.06
48.2,51.8,59,57.2,60.08,66.02,87.98,62.06,47.3,59,64.9,48,46.9,57.9,55,59,39.9,43,46,51.1,51.98
44.6,50,57.92,57.2,53.06,62.96,84.02,60.98,46.8,57,61,48,46,52,55,53.6,37.9,41,37.9,50,51.08
46.4,51.8,57.92,55.4,51.98,60.98,78.98,60.08,46,55,57.9,46.9,45,51.1,54,46.4,37,39.9,35.1,48,51.08
46.4,50,57.92,55.4,48.92,59,75.92,57.92,45.3,52,59,46,44.1,43,53.1,39.2,36,37,33.1,46,48.92
46.4,50,57.02,55.4,48.02,57.02,77,55.04,44.8,50,55.9,45,42.1,44.1,52,39.2,36,37,30,44.1,46.94
42.8,51.8,55.94,55.4,46.94,55.94,75.02,55.04,44.1,46.9,55,44.1,42.1,45,53.1,41,36,39,28.9,43,46.04
39.2,51.8,55.94,55.4,44.96,55.04,73.04,53.06,43.3,46,54,45,42.1,46.9,52,35.6,36,37,28,43,46.04
42.8,51.8,55.04,55.4,44.96,53.96,71.96,48.02,42.8,43,53.1,45,42.1,42.1,50,42.8,35.1,41,27,43,44.96
42.8,51.8,53.96,55.4,44.06,53.06,69.98,44.96,42.1,41,53.1,45,42.1,39.9,52,39.2,35.1,37,26.1,43,46.04
39.2,51.8,51.98,55.4,39.92,51.98,68,41,42.1,42.1,52,45,41,39,51.1,39.2,34,41,27,42.1,46.04
37.4,51.8,53.96,55.4,42.08,51.08,69.08,41,42.1,41,51.1,45,41,37,51.1,33.8,33.1,42.1,28,41,44.96
42.8,51.8,57.02,55.4,48.02,53.96,66.92,46.04,42.1,42.1,53.1,45,42.1,41,51.1,37.4,30.9,42.1,28.9,41,46.04
53.6,51.8,57.02,57.2,55.04,55.94,71.96,57.92,44.4,46.9,55,48,43,48,51.1,48.2,33.1,48,36,41,46.04
53.6,51.8,60.08,57.2,59,60.08,80.06,62.06,46.6,52,57.9,51.1,46,54,57,53.6,35.1,54,43,42.1,48.92
55.4,53.6,64.04,59,64.04,62.96,84.92,66.02,48.9,55.9,61,52,51.1,57,63,59,37,60.1,48,45,51.98
55.4,55.4,64.94,60.8,66.92,64.04,87.98,68,48.9,64,64,54,54,61,66.9,62.6,37.9,62.1,51.1,48.9,51.98
57.2,57.2,66.92,60.8,69.98,64.04,91.04,71.06,48.9,67.6,66.9,55.9,55.9,66.9,72,64.4,39.9,64.9,55,54,53.06
57.2,59,66.02,62.6,71.96,64.94,93.92,73.04,48.9,70.7,70,55.9,57.9,75.9,73,64.4,42.1,66.9,57,59,55.04
57.2,59,66.02,62.6,73.04,66.02,95,73.04,48.9,73.4,73,55.9,60.1,78.1,75,66.2,43,69.1,60.1,62.1,55.94
59,59,64.94,64.4,75.02,66.92,96.98,73.94,48.9,75,73.9,60.1,61,77,75.9,66.2,45,70,62.1,64,55.94
55.4,57.2,64.04,64.4,75.02,66.02,98.96,73.04,48.9,75.9,75,60.1,63,75,77,64.4,46,72,63,64.9,55.94
55.4,57.2,64.04,62.6,73.94,68,98.96,69.98,48,69.1,75,55,63,71.1,75.9,60.8,44.1,70,60.1,64,55.94
55.4,55.4,64.04,60.8,68,64.94,96.98,62.96,46.9,66.9,66,53.1,61,66.9,72,59,43,68,59,62.1,55.04
53.6,51.8,62.96,59,60.98,62.06,84.02,60.98,46,64.9,66,50,57,61,69.1,51.8,42.1,61,54,61,53.06
53.6,51.8,62.06,57.2,55.94,60.98,80.96,57.02,44.8,62.1,63,51.1,54,55,62.1,51.8,39.9,59,52,60.1,50
53.6,51.8,62.96,57.2,53.96,57.92,80.06,53.96,43.3,60.1,62.1,50,52,54,66,51.8,37.9,57.9,48,55,48.02
50,51.8,60.98,55.4,53.96,55.94,78.08,51.98,42.1,57.9,59,48.9,51.1,52,57.9,51.8,37,59,50,57.9,46.94
48.2,50,60.08,55.4,50,53.06,77,50,42.4,57,59,48.9,50,52,57.9,51.8,34,57,42.1,57.9,46.04
48.2,48.2,59,55.4,44.96,53.06,75.92,46.04,42.6,54,55.9,48,51.1,51.1,57.9,46.4,33.1,57,39.9,51.1,42.08
46.4,44.6,59,53.6,44.96,51.98,73.94,46.04,43,53.1,55,46.9,50,51.1,61,42.8,32,55,36,55.9,44.06
48.2,46.4,57.92,53.6,44.96,51.08,72.68,45.32,42.6,51.1,54.5,46.9,48.9,55.9,59,46.4,30,57.9,35.1,55,42.08
48.2,50,57.02,53.6,44.96,50,71.06,44.96,42.4,50,54,45,48.9,52,54,44.6,30,57,34,55,37.94
46.4,50,57.02,51.8,46.04,50,71.06,50,42.1,48,53.1,43,48.9,48.9,50,42.8,30,53.1,37.9,54,41
46.4,50,55.94,53.6,42.98,48.02,66.92,42.98,42.4,46.9,51.1,44.1,48,45,48,44.6,30.9,54,32,53.1,37.04
46.4,50,55.04,51.8,39.92,46.94,66.02,39.02,42.6,46,51.1,44.1,48,39.9,46,44.6,30.9,54,36,51.1,42.08
44.6,51.8,59,53.6,46.94,48.02,64.04,48.92,43,46,53.1,46,46.9,44.1,45,44.6,33.1,55.9,37.9,50,44.96
46.4,51.8,62.96,57.2,53.06,48.92,69.98,57.02,43.7,45,57,48.9,46,55,45,46.4,34,59,37.9,52,48.02
46.4,53.6,68,59,60.08,53.06,75.02,62.96,44.2,46.9,60.1,51.1,48,59,45,48.2,37.9,64.9,46,52,48.92
48.2,55.4,69.98,62.6,64.94,57.92,78.08,66.92,45,50,63,54,50,62.1,45,51.8,39,64.9,51.1,53.1,50
50,57.2,69.98,66.2,69.98,62.06,80.96,69.08,45.7,48.9,66,54,55.9,66,45,55.4,42.1,66,55,53.1,53.96
51.8,60.8,69.98,68,73.94,64.94,84.92,71.96,46.2,52,71.1,57,60.1,69.1,45,57.2,44.1,69.1,57,54,53.06
46.4,62.6,71.06,69.8,75.92,68,84.92,73.94,46.9,52,73,57,64,70,42.1,60.8,46,72,59,55,51.08
51.8,64.4,69.98,68,77,69.08,89.06,73.04,47.3,52,75.9,57,59,71.1,35.1,60.8,46.9,73.9,62.1,55.9,51.98
53.6,66.2,71.96,66.2,78.08,69.98,89.06,77,47.7,54,79,57,57,72,35.1,60.8,46.9,71.1,63,57,53.06
51.8,60.8,69.98,66.2,78.98,71.06,89.96,75.92,48,52,79,55,57,72,33.1,62.6,48,70,62.1,57.9,51.98
51.8,57.2,69.98,64.4,78.08,69.08,89.96,75.02,48,52,79,54,55,69.1,39,60.8,46.9,70,62.1,55,51.98
50,55.4,68,60.8,75.92,68,89.96,73.04,48,50,78.1,54,53.1,64.9,41,57.2,46,66.9,60.1,54,51.08
46.4,53.6,64.94,57.2,69.98,64.04,86,68,48,46.9,71.1,54,48,60.1,39.9,55.4,41,66.9,57,51.1,53.06
44.6,51.8,64.94,57.2,64.04,62.06,80.06,64.04,47.7,43,69.1,50,46.9,57,37.9,51.8,37.9,62.1,53.1,46.9,55.94
44.6,50,64.94,55.4,62.06,59,77,62.06,47.3,42.1,66,46.9,46,54,35.1,51.8,37,61,46,44.1,55.94
46.4,50,64.04,57.2,57.92,55.94,73.94,60.08,46.9,42.1,64,46.9,44.1,53.1,33.1,51.8,37,59,41,39,53.96
46.4,50,62.96,55.4,55.04,55.94,71.96,57.02,46.9,37.9,63,46.9,43,50,32,44.6,37,55,37.9,37,50
46.4,50,60.98,53.6,55.04,53.96,69.08,55.94,46.9,41,61,45,42.1,46.9,32,44.6,36,48.9,36,36,48.92
46.4,50,60.08,53.6,51.98,53.06,71.06,53.06,46.9,39.9,57.9,46,39.9,44.1,30,46.4,36,48.9,34,35.1,48.92
46.4,50,60.98,53.6,50,51.98,69.98,51.08,47.3,39.9,57.9,45,37.9,46.9,30,46.4,37,46.9,33.1,30,48.02
44.6,51.8,57.92,53.6,50,51.08,69.08,44.96,47.7,39.9,57,45,37,48,30,46.4,35.1,46.9,32,28,48.02
44.6,50,57.02,51.8,46.94,50,68,44.06,48,39,55.9,44.1,35.1,43,30,46.4,35.1,46.9,32,28.9,48.02
46.4,51.8,57.92,53.6,46.04,48.92,64.94,39.02,47.7,44.1,55.9,44.1,35.1,44.1,28,46.4,36,46,30,28,48.02
46.4,51.8,57.92,53.6,46.04,48.92,64.94,39.92,47.3,44.1,55,44.1,35.1,37.9,28,44.6,35.1,46.9,28.9,28,48.02
48.2,51.8,60.98,55.4,50,51.98,64.04,46.04,46.9,41,55,43,36,44.1,28,44.6,37.9,46.9,28.9,28.9,48.02
51.8,51.8,66.92,55.4,55.04,59,68,57.02,47.7,45,57,46,39,50,30,46.4,42.1,48,39,35.1,48.02
48.2,51.8,71.06,57.2,57.92,62.06,71.96,64.04,48.2,48.9,57.9,48,42.1,55,35.1,46.4,45,51.1,46.9,39,48.02
48.2,53.6,77,57.2,60.98,66.02,77,69.08,48.9,51.1,60.1,50,45,57.9,39,48.2,46.9,53.1,54,46.9,48.02
48.2,55.4,75.92,59,64.94,69.08,80.06,71.96,48.9,52,63,51.1,46,61,41,48.2,48.9,55,57,48,48.02
50,55.4,75.02,62.6,69.08,71.96,82.94,75.92,48.9,51.1,66,50,46,62.1,44.1,50,50,55,57.9,50,48.02
50,55.4,73.94,64.4,71.06,73.04,84.92,75.92,48.9,51.1,69.1,50,46.9,64,46,53.6,52,55,55,51.1,48.92
50,57.2,71.96,64.4,71.96,73.94,87.08,78.98,49.3,51.1,71.1,50,48.9,66,48,55.4,51.1,54,52,51.1,48.92
50,55.4,73.04,66.2,71.06,75.92,89.06,78.98,49.6,51.1,73,50,48.9,64.9,48.9,53.6,54,55,51.1,50,50
48.2,55.4,73.04,66.2,69.08,75.02,89.96,78.08,50,50,73,51.1,48.9,66,50,50,53.1,55,48.9,46.9,50
46.4,55.4,73.04,62.6,66.02,73.94,89.96,77,48.7,50,73.9,51.1,50,66,50,53.6,53.1,55,46.9,46,50
44.6,55.4,71.96,62.6,60.98,71.06,87.98,73.94,47.3,48,72.9,50,48,62.1,48.9,53.6,51.1,53.1,45,39.9,48.92
44.6,53.6,69.98,60.8,55.94,68,84.92,68,46,45,71.1,48.9,46,55.9,46.9,51.8,48,50,43,35.1,48.92
44.6,53.6,68,59,53.06,64.94,82.94,66.92,45.3,44.1,66,46,42.1,53.1,41,46.4,44.1,45,41,32,48.02
44.6,53.6,68,57.2,51.98,62.06,80.06,62.06,44.8,42.8,61,45,39,48,41,46.4,43,44.1,39.9,32,48.02
44.6,53.6,66.02,57.2,51.08,60.08,77,59,44.1,43,59,44.1,37.9,41,33.1,46.4,44.1,43,39.9,30.9,46.94
44.6,53.6,66.02,57.2,51.08,57.02,73.94,57.92,43.7,43,57.9,42.1,37,43,36,42.8,42.1,39.9,39,30,46.94
44.6,53.6,64.04,57.2,50,55.04,73.58,55.04,43.3,43,57,42.1,33.1,39,33.1,42.8,37.9,37.9,39,28.9,46.94
46.4,51.8,60.98,57.2,48.92,53.06,73.04,53.06,43,42.1,57,42.1,36,37.9,30,42.8,35.1,39.9,39.9,28,46.94
46.4,51.8,62.06,57.2,50,51.98,71.96,53.06,42.6,42.1,55.9,41,35.1,35.1,32,42.8,34,37.9,39.9,26.1,46.94
46.4,51.8,60.08,57.2,48.92,53.06,69.98,50,42.4,43,55,41,32,33.1,30.9,41,30.9,37,39,25,46.94
46.4,51.8,60.08,57.2,48.92,53.06,69.08,48.02,42.1,43,55,41,30,36,30,39.2,30,36,37,24.1,46.94
48.2,51.8,59,57.2,46.94,53.06,66.92,46.04,42.4,42.1,54,42.1,30.9,36,30.9,39.2,28,37,35.1,23,46.94
46.4,51.8,57.92,57.2,44.06,51.98,66.02,44.06,42.6,43,54,43,32,37,28,37.4,28.9,37.9,33.1,19.9,46.94
48.2,51.8,64.04,57.2,50,55.04,66.02,50,43,43,55.9,43,34,44.1,33.1,37.4,30.9,39,33.1,19.9,46.94
50,51.8,68,59,55.04,59,71.06,59,44.6,46,55.9,46.9,39.9,52,37,41,34,39.9,32,27,48.02
51.8,53.6,73.04,60.8,57.92,60.08,75.92,64.94,46.4,48,59,48,45,55,44.1,44.6,39,39.9,30,30.9,48.02
51.8,55.4,75.02,64.4,60.98,60.98,78.08,69.98,48,48,60.1,51.1,48,57,46.9,42.8,46.9,39,28.9,34,51.08
55.4,57.2,78.08,66.2,64.04,62.96,82.04,75.02,49.3,50,61,52,50,57.9,48.9,41,51.1,42.1,30,39,53.96
55.4,59,77,69.8,66.92,64.94,84.92,77,50.7,53.1,61,54,48.9,60.1,52,44.6,53.1,43,30,39.9,55.94
55.4,60.8,75.92,69.8,69.98,66.02,87.08,78.08,52,53.1,63,54,50,61,53.1,46.4,57,45,30,42.1,57.02
55.4,60.8,75.02,71.6,71.06,68,89.06,80.96,51.6,53.1,63,57.9,51.1,63,54,50,59,45,30,43,59
55.4,62.6,77,71.6,71.96,66.92,91.04,82.04,51.4,55,59,57.9,52,63,55.9,51.8,61,46.9,30,43,59
55.4,60.8,78.98,69.8,71.06,66.02,91.04,77,51.1,55.9,55.9,57,54,62.1,55.9,48.2,60.1,45,28.9,45,55.94
53.6,60.8,71.96,68,69.08,64.94,91.04,73.04,49.6,57,57,60.1,54,61,57,48.2,59,46.9,28.9,44.1,53.96
51.8,57.2,66.92,64.4,66.92,62.96,89.96,71.96,48.4,55,57,57.9,53.1,59,55.9,46.4,57.9,46.9,28,43,53.06
50,55.4,64.94,62.6,60.98,60.98,86,66.02,46.9,51.1,54,57,48.9,55.9,53.1,44.6,54,45,28,41,55.04
46.4,53.6,64.04,60.8,57.02,59,78.08,64.04,46.2,46,55,54,46,55.9,41,42.8,51.1,43,27,35.1,53.96
48.2,53.6,62.06,57.2,53.96,57.02,75.92,62.06,45.7,46,54,51.1,43,55.9,39.9,41,48,43,28,35.1,53.96
46.4,51.8,62.06,57.2,53.96,53.06,75.02,57.92,45,44.1,53.1,50,41,53.1,39,39.2,44.1,43,28,33.1,53.96
42.8,51.8,62.06,57.2,53.06,51.98,71.06,57.92,44.1,45,53.1,51.1,37.9,44.1,35.1,39.2,45,44.1,28,30,51.08
41,51.8,62.06,57.2,51.08,50,68,57.92,43,44.1,50,51.1,36,46,37,35.6,39.9,41,27,30,51.08
41,46.4,60.98,57.2,48.02,48.92,66.92,55.04,42.1,41,50,50,35.1,45,37.9,33.8,43,43,27,27,51.08
44.6,46.4,59,55.4,46.04,48.02,64.94,51.08,41.7,37.9,48.9,50,33.1,45,37,30.2,37.9,41,27,30,50
42.8,48.2,57.92,55.4,44.96,46.04,62.96,48.02,41.4,37,50,51.1,32,43,36,30.2,37,39.9,26.1,24.1,50
42.8,44.6,57.02,55.4,46.04,44.96,64.04,44.96,41,34,50,50,33.1,48,37,30.2,39,39.9,26.1,27,48.92
39.2,44.6,57.02,55.4,44.96,42.98,60.98,44.96,41,36,48.9,48,30.9,48.9,36,28.4,37,39,26.1,21.9,46.04
37.4,44.6,57.92,55.4,44.96,42.08,60.08,42.08,41,33.1,48.9,46.9,30.9,48,36,30.2,35.1,39,26.1,24.1,48.02
44.6,50,57.92,55.4,51.98,46.94,62.96,50,41,35.1,48.9,48,34,48,37,30.2,37,39,25,26.1,48.02
48.2,53.6,60.08,57.2,57.02,48.92,66.92,60.98,43.3,39,50,46.9,37.9,48.9,42.1,35.6,44.1,41,25,28.9,53.06
50.36,53.6,62.96,57.2,62.96,53.06,71.96,66.02,45.7,43,52,48,42.1,53.1,46.9,41,46.9,44.1,26.1,32,55.04
51.8,55.4,64.94,59,66.92,55.94,80.96,69.98,48,46.9,53.1,48.9,45,51.1,50,44.6,50,46.9,28,37,55.94
53.6,57.2,64.94,60.8,69.98,60.08,86,75.02,49.1,53.1,53.1,48.9,46.9,57,54,48.2,52,46,30,41,53.96
53.6,60.8,68,64.4,73.04,62.96,86,77,50,55,53.1,50,48.9,60.1,57.9,51.8,55.9,48.9,32,45,53.96
53.6,62.6,68,66.2,75.02,64.94,87.98,77,51.1,59,54,51.1,50,63,64.9,51.8,57,51.1,33.1,46.9,53.96
51.8,62.6,68,68,75.92,66.02,89.06,78.98,49.5,61,54,52,51.1,64.9,68,53.6,55.9,51.1,35.1,48.9,53.96
53.6,60.8,68,66.2,77,66.92,91.04,78.98,47.7,62.1,55.9,51.1,51.1,66,70,53.6,59,51.1,37,52,53.96
51.8,60.8,66.02,64.4,78.08,66.92,93.02,78.08,46,62.1,55,53.1,51.1,66.9,71.1,55.4,59,53.1,37,54,51.98
51.8,57.2,62.96,62.6,77,64.94,93.02,77,45.7,61,52,51.1,51.1,66,71.1,55.4,57.9,53.1,37.9,54,53.06
51.8,55.4,60.08,59,73.04,62.96,91.04,73.04,45.3,59,51.1,46,50,64,69.1,53.6,55.9,52,39,51.1,51.98
50,55.4,59,57.2,66.02,62.06,84.92,66.02,45,57.9,50,45,48.9,55.9,66,48.2,54,45,37,46.9,51.08
48.2,53.6,59,57.2,62.06,59,80.96,64.94,45.3,55.9,50,43,48,55.9,52,42.8,51.1,39.9,33.1,45,51.08
48.2,53.6,59,57.2,60.98,57.92,75.92,62.06,45.7,54,50,42.1,46.9,44.1,48.9,39.2,51.1,37.9,30,37.9,51.08
48.2,51.8,59,57.2,57.92,55.94,73.94,59,46,54,50,42.1,45,39.9,46.9,35.6,46.9,37,28,36,48.92
48.2,51.8,57.92,57.2,57.92,53.96,71.96,57.02,45.7,52,50,41,44.1,39.9,46.9,33.8,45,37,27,32,50
50,53.6,57.92,57.2,55.04,53.06,71.96,55.04,45.3,50,50,41,44.1,37,46.9,32,45,35.1,27,28,48.02
50,51.8,57.92,57.2,53.06,51.98,69.98,48.02,45,50,50,41,44.1,36,46,28.4,44.1,30.9,28,28,48.02
50,51.8,57.92,57.2,50,50,66.92,51.08,44.6,48.9,50,41,43,36,39,26.6,41,30.9,27,25,48.02
48.2,51.8,57.92,57.2,51.08,48.92,64.04,48.02,44.4,50,48.9,41,44.1,34,44.1,26.6,43,30,28,24.1,48.02
48.2,51.8,57.92,57.2,50,50,60.98,48.02,44.1,48,50,41,43,35.1,42.1,26.6,42.1,33.1,25,21.9,48.02
48.2,51.8,57.92,57.2,48.92,48.92,62.06,46.04,43.7,48,50,42.1,43,32,42.1,24.8,39.9,33.1,25,23,48.02
48.2,51.8,57.92,55.4,48.02,50,60.08,48.92,43.3,46,48.9,42.1,42.1,34,43,24.8,37.9,32,25,19.9,48.02
50,53.6,59,57.2,55.94,53.06,59,53.96,43,46,50,42.1,43,42.1,44.1,28.4,39.9,39.9,26.1,23,46.94
51.8,55.4,59,60.8,62.06,57.02,60.98,64.04,44.2,46.9,52,42.1,43,48,50,37.4,43,43,30,30,46.94
53.6,57.2,60.08,64.4,69.08,59,62.96,69.98,45.7,48,53.1,43,45,57,55.9,42.8,48,46,36,35.1,48.02
51.8,57.2,60.08,69.8,73.04,60.98,64.94,71.96,46.9,50,53.1,45,46,64,60.1,46.4,52,50,37.9,39.9,48.02
53.6,60.8,60.98,73.4,77,62.96,66.92,75.92,46.6,52,52,45,46.9,66.9,62.1,50,55.9,53.1,39.9,43,46.04
53.6,64.4,62.96,80.6,78.98,64.04,68,80.06,46.4,54,51.1,50,50,70,66,53.6,59,55,37.9,46,46.04
55.4,60.8,62.96,80.6,80.06,64.94,69.08,78.98,46,55.9,51.1,48.9,52,72,68,55.4,62.1,55,43,48.9,46.04
55.4,66.2,62.96,80.6,80.96,68,69.98,78.98,45.3,57,48.9,50,52,73.9,72,55.4,63,55.9,46.9,54,46.04
55.4,68,62.96,78.8,82.04,66.02,69.98,80.06,44.8,59,48.9,51.1,52,73.9,73.9,57.2,63,57,48,57,46.94
53.6,69.8,62.06,78.8,82.04,66.02,69.08,78.98,44.1,57.9,48,51.1,51.1,75.9,75,59,64,60.1,48,59,48.02
51.8,68,60.98,78.8,80.96,66.02,68,78.08,43.7,57.9,48.9,50,50,73,73,60.8,63,57,48,59,48.02
51.8,64.4,60.98,78.8,80.06,64.94,66.92,73.94,43.3,55,48.9,46.9,48.9,69.1,71.1,59,62.1,55,46,57.9,48.02
50,57.2,60.98,73.4,75.92,62.06,66.02,71.06,43,51.1,46.9,44.1,46,63,70,55.4,59,48,43,54,46.94
48.2,57.92,60.98,71.6,66.92,60.98,66.02,69.08,43.7,48.9,46.9,44.1,45,63,66,48.2,55.9,43,42.1,46.9,46.04
46.4,59,59,69.8,66.92,60.08,66.02,64.04,44.2,48,46,44.1,41,60.1,53.1,50,54,41,39.9,42.1,46.04
42.8,59,59,64.4,66.92,57.02,66.02,64.94,45,46.9,45,44.1,41,53.1,54,44.6,51.1,39,39.9,41,44.06
42.8,55.4,57.92,64.4,64.04,57.02,62.96,62.96,44.6,46.9,45,43,43,52,55,39.2,50,37,39.9,35.1,44.06
44.6,55.4,57.92,62.6,64.94,53.96,62.06,60.08,44.4,45,45,42.1,44.1,46.9,54,41,46.9,33.1,39,36,42.08
44.6,55.4,57.92,62.6,62.96,53.06,57.92,57.92,44.1,44.1,45,42.1,42.1,39,53.1,39.2,45,30.9,39,33.1,41
44.6,53.6,57.02,60.8,62.96,51.08,57.92,55.04,43.3,43,45,39.9,39,37.9,53.1,33.8,43,34,37.9,30.9,41
44.6,53.6,57.02,57.2,59,50,53.96,51.98,42.8,41,45,39.9,37,36,51.1,32,42.1,30,37.9,28.9,39.92
46.4,55.4,57.02,57.2,59,48.92,51.08,51.98,42.1,39.9,45,39.9,36,35.1,52,28.4,41,30.9,35.1,30,39.92
46.4,55.4,57.92,55.4,60.08,48.02,51.08,50,43.7,37,45,39,36,39.9,45,26.6,39.9,28,37,28.9,39.02
44.6,57.2,57.92,57.2,55.94,48.02,50,51.98,45.3,37,45,37.9,36,39,45,28.4,44.1,28.9,36,26.1,37.94
44.6,60.8,59,59,60.98,51.08,48.02,59,46.9,39,44.1,41,37,46,48,30.2,48,37.9,37,30,41
44.6,62.6,59,62.6,64.94,55.04,55.04,64.94,47.7,41,45,44.1,37.9,51.1,54,42.8,52,45,39,34,44.06
46.4,64.4,60.08,66.2,69.98,57.92,66.02,69.98,48.2,41,46,48,39.9,57,61,48.2,57.9,50,43,39,48.02
46.4,64.4,60.98,69.8,73.94,60.98,69.08,73.94,48.9,42.1,46,48.9,42.1,62.1,64.9,53.6,62.1,55.9,45,44.1,48.02
50,66.2,62.96,73.4,80.06,64.94,69.98,77,50,44.1,46,51.1,45,66,68,57.2,66,61,45,48,50
46.4,69.8,64.04,75.2,78.98,68,71.06,80.06,50.9,46.9,46.9,53.1,44.1,70,71.1,60.8,68,62.1,48,54,50
51.8,71.6,64.94,75.2,80.06,69.98,73.04,82.04,52,46.9,46.9,54,44.1,71.1,73.9,62.6,70,66,51.1,59,50
53.6,66.2,64.94,75.2,80.06,71.06,73.94,80.96,51.6,52,48.9,54,45,73,78.1,64.4,70,64.9,51.1,61,51.08
51.8,66.2,64.94,75.2,80.06,73.04,75.02,82.04,51.4,51.1,50,55.9,46.9,73.9,79,64.4,72,66,48.9,63,51.08
51.8,66.2,66.02,73.4,75.92,75.02,75.92,82.94,51.1,51.1,48.9,55.9,46.9,75,80.1,66.2,71.1,66,52,64,50
50,64.4,64.04,71.6,71.96,75.02,75.92,82.04,47.7,50,50,55,37.9,72,82,66.2,69.1,63,52,63,51.08
50,62.6,62.06,69.8,68,73.04,75.02,75.92,44.4,48,50,53.1,39,70,80.1,64.4,66,62.1,51.1,61,48.92
46.4,62.6,60.98,66.2,64.94,68,73.04,71.96,41,45,48,51.1,37.9,64.9,75.9,62.6,63,57.9,51.1,60.1,46.04
44.6,60.8,60.98,64.4,64.04,66.92,69.08,69.98,39.7,41,46.9,51.1,37.9,63,69.1,57.2,59,55.9,46.9,50,44.96
41,57.2,60.98,62.6,62.96,64.04,69.98,62.96,38.3,41,46.9,52,37.9,50,61,53.6,60.1,45,44.1,46.9,46.04
39.2,57.2,60.08,60.8,60.98,60.08,64.94,64.94,37,39,46.9,51.1,37,48.9,57,46.4,54,41,42.1,43,44.96
37.4,57.2,60.08,57.2,62.06,59,64.04,59,36.3,39,46.9,48.9,36,45,59,39.2,48,37.9,42.1,41,44.96
39.2,57.2,60.08,55.4,59,57.92,60.98,55.94,35.8,37,46.9,48.9,36,44.1,57,37.4,48,33.1,39,37.9,42.08
39.2,60.8,57.92,53.6,57.92,55.04,60.08,51.98,35.1,36,46,48.9,34,41,51.1,35.6,46,30.9,36,39,42.08
41,59,57.92,51.8,57.02,53.96,55.94,46.94,35.1,35.1,46,48,34,41,53.1,35.6,45,32,37,33.1,41
42.8,60.8,57.02,51.8,57.02,51.98,53.96,44.06,35.1,30.9,46,48,33.1,37.9,54,32,43,33.1,33.1,30.9,39.02
39.2,59,57.02,50,57.02,51.08,55.04,39.92,35.1,30.9,46,46.9,30.9,39,54,33.8,39.9,30.9,34,30,39.02
39.2,59,55.94,48.2,53.96,48.92,55.94,37.94,36,30.9,46,46,30,36,55,32,42.1,33.1,34,30.9,41
41,57.2,57.02,51.8,50,48.92,55.04,42.98,37,30.9,46,45,30.9,37.9,46.9,30.2,41,33.1,35.1,30,42.98
41,59,60.08,51.8,57.92,51.98,55.04,57.02,37.9,34,46.9,48,34,46,48.9,35.6,44.1,35.6,35.1,30,42.98
42.8,60.8,62.06,53.6,62.96,57.02,59,62.96,41.9,37,48,50,37,55,55,46.4,46,39,39,36,44.96
44.6,62.6,68,57.2,64.04,62.96,64.94,71.06,46,42.1,50,54,41,61,64,53.6,50,45,43,43,46.94
42.8,60.8,69.98,64.4,68,66.92,73.04,73.94,50,46,52,55.9,44.1,66,69.1,57.2,55,48.2,50,46.9,48.02
46.4,64.4,68,66.2,66.92,69.98,75.02,78.08,53.1,50,53.1,60.1,44.1,71.1,73,62.6,57,51.1,54,51.1,48.92
48.2,62.6,69.08,71.6,62.06,73.94,77,82.04,55.9,48.9,55,61,46,75,75,66.2,57,53.2,54,57,50
51.8,62.6,69.98,71.6,66.92,75.02,78.08,84.02,59,44.1,55.9,62.1,46,75.9,75,69.8,55.9,55,54,63,50
48.2,64.4,71.96,73.4,66.92,75.92,80.06,86,60.3,48,59,63,48,77,77,71.6,60.1,55.9,55,64.9,51.08
48.2,62.6,69.98,73.4,69.98,78.08,80.06,87.08,61.7,48.9,60.1,64,48,77,78.1,69.8,59,55,55.9,66.9,51.98
46.4,62.6,69.08,73.4,69.08,78.08,80.96,86,63,42.1,61,64,46.9,75.9,78.1,69.8,61,55.9,54,68,51.08
44.6,60.8,68,69.8,66.02,77,80.06,86,60.6,46.9,61,64.9,46.9,75,79,69.8,60.1,55.9,53.1,68,51.08
46.4,59,66.02,66.2,62.06,73.04,80.06,82.04,58.3,46,57.9,62.1,46.9,73,77,66.2,57.9,55,50,68,51.08
46.4,57.2,64.04,62.6,60.08,69.08,78.08,69.98,55.9,45,55,60.1,46,64.9,75.9,64.4,55.9,50,46,63,51.08
42.8,57.2,64.04,60.8,59,66.02,73.04,73.94,53.2,44.1,54,57.9,44.1,57.9,71.1,57.2,53.1,46,46,60.1,48.02
41,57.2,64.04,59,57.02,64.04,71.06,68,50.7,42.1,53.1,54,42.1,53.1,59,51.8,52,44.1,45,53.1,44.06
41,57.2,62.96,57.2,55.94,62.96,69.08,62.06,48,42.1,52,52,39.9,48.9,57,53.6,50,43,45,46.9,42.98
39.2,57.2,62.06,57.2,53.06,60.08,64.04,55.94,46.8,41,50,53.1,39,48,55.9,53.6,48.9,43,45,45,44.06
37.4,55.4,60.98,55.4,53.06,57.92,62.06,51.98,45.3,39.9,51.1,54,39,46,57.9,53.6,46.9,41,44.1,39.9,44.06
37.4,55.4,60.08,55.4,53.06,55.04,62.96,51.98,44.1,41,51.1,48.9,39,44.1,59,53.6,46.9,35.6,44.1,36,44.06
37.4,55.4,60.08,53.6,51.08,53.96,62.96,53.06,42.4,39.9,50,48,37,44.1,60.1,51.8,39,33.1,44.1,36,42.98
35.6,55.4,59,53.6,50,53.96,62.06,50,40.6,39,48,48.9,34,43,61,48.2,36,32,43,34,42.98
33.8,55.4,59,50,48.92,51.08,62.06,48.92,39,39,46.9,48.9,32,46.9,55.9,46.4,33.1,33.1,43,33.1,42.08
33.8,55.22,57.02,48.2,48.02,51.98,60.08,46.04,41.4,37,46.9,48.9,30,43,53.1,44.6,32,33.1,43,35.1,42.08
33.8,55.4,59,50,51.08,48.92,57.92,46.94,43.7,35.1,46.9,48.9,30.9,44.1,55,44.6,34,33.1,43,30.9,42.98
39.2,53.6,62.06,53.6,53.96,53.96,59,55.94,46,37.9,48,50,34,51.1,57,46.4,35.1,32,44.1,36,44.06
44.6,57.2,68,55.4,57.92,60.08,64.04,64.94,50.7,41,52,50,37.9,54,62.1,48.2,37,32,45,41,42.98
48.2,55.4,71.06,60.8,60.98,64.04,69.98,71.96,55.4,44.1,57,53.1,42.1,57.9,69.1,50,43,33.8,45,46.9,42.98
48.2,59,73.94,64.4,64.04,68,77,77,60.1,46,60.1,54,45,64.9,72,51.8,46.9,35.1,46.9,54,42.98
51.8,59,77,68,66.02,71.96,80.06,82.94,62.4,48,64,57.9,48,69.1,73.9,53.6,46.9,36,50,57,42.08
51.8,57.2,78.98,69.8,64.94,73.94,82.04,84.92,64.6,51.1,66.9,57.9,50,72,73.9,55.4,44.1,37.9,52,62.1,41
53.6,60.8,78.08,71.6,69.08,78.08,84.02,87.08,66.9,52,68,59,51.1,73.9,75,55.4,44.1,37.9,51.1,64,39.02
51.8,62.6,78.98,69.8,68,80.06,84.92,87.98,66,55,69.1,59,50,75.9,75.9,57.2,46.9,39.9,54,66,39.02
53.6,60.8,78.08,69.8,66.92,80.96,87.08,87.08,64.9,55.9,70,57.9,46,77,75,57.2,46.9,42.1,54,68,41
51.8,62.6,77,69.8,69.08,80.06,84.92,84.02,64,57.9,71.1,57,44.1,77,75,57.2,46,41,55.9,69.1,41
51.8,59,73.94,68,68,80.06,86,80.96,61.7,57,69.1,55,46.9,78.1,75,55.4,45,42.1,55,68,42.08
51.8,57.2,69.98,64.4,66.02,78.08,84.92,77,59.4,55.9,66.9,54,46.9,73.9,71.1,51.8,44.1,39,54,68,42.98
48.2,55.4,68,60.8,62.06,73.04,82.94,73.94,57,53.1,64.9,53.1,44.1,66,68,50,37,37,52,66,42.98
44.6,55.4,66.92,60.8,57.92,69.98,78.08,69.98,55.4,48.9,64,52,43,66,64,48.2,34,35.1,50,57,44.06
42.8,55.4,64.94,60.8,55.94,66.92,73.04,68,53.6,46.9,66,52,37.9,64.9,64,44.6,35.1,34,46,53.1,39.92
41,55.4,64.04,59,53.96,62.06,68,71.96,52,44.1,60.1,52,39.9,64,64.9,44.6,35.1,34,44.1,51.1,39.92
37.4,55.4,62.96,57.2,53.96,60.98,69.08,71.96,50.7,43,59,50,36,63,66,39.2,33.1,34,39.9,48.9,41
37.4,55.4,62.06,57.2,53.06,59,69.08,66.02,49.3,37.9,59,48.9,35.1,62.1,64,35.6,33.1,33.1,37,48.9,41
35.6,55.4,62.06,55.4,50,57.02,66.02,65.66,48,37,57,48.9,34,59,62.1,35.6,33.1,33.1,37,48.9,41
35.6,55.4,62.06,55.4,48.02,55.04,64.94,66.02,46.8,37,55.9,48,32,57.9,60.1,30.2,32,32,35.1,45,41
35.6,55.4,60.08,53.6,48.92,53.06,64.04,64.94,45.3,35.1,55,48.9,30.9,55,55,30.2,30.9,32,33.1,43,41
35.6,55.4,59,51.8,50,53.96,62.06,62.96,44.1,36,54,48,30.9,55.9,54,28.4,32,32,33.1,41,39.02
37.4,55.4,59,51.8,50,51.08,62.96,60.08,44.8,34,53.1,48,30,54,53.1,24.8,30.9,30.9,34,41,39.02
37.4,55.4,59,51.8,50,50,60.98,57.02,45.3,35.1,52,48,32,57,52,26.6,32,30.9,32,41,39.02
42.8,53.6,62.96,55.4,51.98,55.94,60.08,55.94,46,36,52,48.9,36,60.1,51.1,37.4,30.9,34,34,42.1,39.92
48.2,53.6,68,57.2,53.96,62.06,69.08,55.94,48.7,39,54,50,41,61,55.9,46.4,36,36,39.9,44.1,41
51.8,55.4,71.96,62.6,57.02,68,71.96,48.02,51.3,44.1,57,50,44.1,63,57,48.2,42.1,39,46,51.1,41
53.6,57.2,69.98,64.4,60.98,71.06,78.08,50,54,48.2,60.1,51.1,46.9,64,57,53.6,51.1,42.1,48.9,57.9,41
51.8,59,71.96,66.2,62.06,73.94,80.96,55.04,54.3,55.4,63,52,48.9,66,62.1,53.6,61,44.1,51.1,60.1,42.98
55.4,60.8,69.98,69.8,60.08,77,80.96,55.94,54.7,57.9,66,53.1,51.1,66,64,53.6,64.9,46,55,62.1,42.98
57.2,60.8,69.08,71.6,62.96,80.06,84.02,57.02,55,61,64.9,55,52,64,66,51.8,66.9,48.9,57,59,46.04
57.2,59,73.94,71.6,64.04,82.04,86,59,55.8,64.9,66,54,53.1,66,68,53.6,69.1,50,57,59,46.04
57.2,60.8,73.94,69.8,66.02,82.04,87.08,57.92,56.3,68,62.1,55,54,68,71.1,51.8,70,51.1,57,57,48.92
55.4,57.2,73.94,69.8,66.02,80.96,87.98,55.94,57,68,61,55,55,64,71.1,51.8,70,50,59,55.9,48.02
55.4,59,69.08,66.2,64.94,80.06,87.08,53.96,55.8,66.9,59,54,54,64,71.1,51.8,69.1,50,59,57,48.02
55.4,57.2,64.94,64.4,60.98,78.98,84.92,51.08,54.3,66,57,53.1,53.1,60.1,73,50,64.9,48.9,59,55.9,46.94
53.6,57.2,62.96,60.8,59,73.94,80.96,48.02,53.1,63,54,52,48.9,55,70,48.2,62.1,43,57,53.1,46.04
53.6,57.2,62.96,60.8,57.92,71.96,77,46.04,52.7,61,53.1,51.1,46.9,54,63,46.4,59,42.1,55,50,41
53.6,55.4,62.96,59,57.92,68,73.04,44.06,52.3,55.9,52,50,46,53.1,62.1,44.6,57.9,39.9,51.1,48,42.08
53.6,57.2,62.96,59,57.02,66.02,71.96,44.06,52,54,52,50,46,50,57,44.6,55,37,50,46.9,39.92
53.6,57.2,62.06,57.2,55.94,62.06,71.06,42.08,52,53.1,51.1,48.9,46.9,46.9,54,42.8,55.9,37,48,48,39.92
51.8,57.2,60.98,57.2,55.04,62.06,71.06,41,52,52,50,48.9,46,46,54,42.8,52,39,46,45,37.04
51.8,57.2,60.08,57.2,53.96,57.92,69.98,39.02,52,48,50,48.9,46,42.1,53.1,39.2,48.9,39,45,45,37.04
51.8,57.2,59,55.4,53.96,57.92,68,35.06,51.3,48.9,50,48.9,46.9,41,53.1,37.4,46.9,41,43,44.1,37.04
51.8,57.2,57.92,53.6,53.06,57.02,66.92,35.06,50.7,48,48.9,48.9,46.9,35.1,53.1,35.6,48,37,43,45,37.04
51.8,55.4,57.02,53.6,53.06,55.94,66.92,30.02,50,46,48.9,50,48,34,50,35.6,48,39.9,42.1,43,35.06
51.8,55.4,55.94,55.4,53.06,53.96,64.94,30.02,49.6,44.1,50,48.9,48,32,46,35.6,48.9,37.9,42.1,39.9,37.04
50,55.4,55.94,55.4,53.96,53.96,62.06,26.96,49.3,45,51.1,50,48,33.1,46,33.8,46.9,41,41,37.9,37.94
51.8,55.4,57.92,55.4,55.04,57.02,60.98,37.94,48.9,46.9,50,51.1,48.9,39,48,35.6,48.9,46,39.9,39,41
53.6,57.2,59,57.2,59,62.96,66.92,42.98,51.3,48.9,52,51.1,51.1,46.9,55,44.6,57,50,44.1,46,44.06
55.4,59,64.04,60.8,62.06,66.02,71.06,48.02,53.6,50,53.1,52,57,53.1,62.1,48.2,64,54,46,50,44.96
53.6,60.8,68,60.8,64.04,69.98,73.04,53.06,55.9,52,55.9,51.1,60.1,55.9,64,50,70,59,48.9,50,46.94
55.4,60.8,73.04,62.6,64.04,73.04,75.92,57.02,56.7,54,55.9,52,61,59,66.9,53.6,73,61,51.1,51.1,48.92
53.6,64.4,68,64.4,62.96,75.92,78.08,60.08,57.2,55.9,57,54,60.1,62.1,66,57.2,77,63,52,55,48.92
55.4,62.6,69.98,64.4,66.02,77,80.06,62.96,57.9,59,53.1,54,54,63,72,57.2,79,64.9,55,54,48.92
53.6,60.8,69.98,66.2,64.04,78.08,81.14,66.02,57.6,59,53.1,54,53.1,64.9,73,55.4,79,66.9,57,55,50
53.6,59,64.94,66.2,66.92,73.94,82.04,68,57.4,59,55.9,52,53.1,66,75,57.2,81,66.9,60.1,57,50
51.8,59,64.94,66.2,64.04,71.06,82.94,66.92,57,55.9,54,51.1,53.1,66,75.9,57.2,81,68,61,55,50
51.8,59,62.96,62.6,64.04,66.02,82.04,64.04,55.8,55,55.9,51.1,51.1,66,75.9,55.4,79,68,62.1,55,50
51.8,57.2,60.08,62.6,62.06,62.06,80.96,60.98,54.3,55,53.1,51.1,50,64,73.9,53.6,75.9,66.9,61,48,48.92
51.8,57.2,59,57.2,57.92,59,80.06,57.92,53.1,55,51.1,48.9,48.9,57,71.1,51.8,70,62.1,57,45,48.92
50,57.2,59,57.2,57.92,59,78.98,57.02,51.6,52,48.9,48,48,51.1,66,50,69.1,55,51.1,41,46.04
48.2,57.2,59,55.4,57.02,57.02,75.02,51.98,50.4,51.1,48.9,48,48,50,64.9,48.2,66,54,48.9,39,46.04
50,57.2,59,55.4,55.94,57.02,71.06,51.98,48.9,50,48,46.9,48,52,63,48.2,62.1,55,48,37,46.04
50,55.4,59,53.6,55.04,55.94,69.98,50,46.2,48.9,46.9,46,48,48,57.9,48.2,62.1,55,46,35.1,44.06
46.4,55.4,59,53.6,55.04,55.04,66.02,50,43.7,48.9,46,45,46.9,46.9,55.9,44.6,60.1,51.1,44.1,34,44.06
44.6,55.4,57.92,53.6,55.04,53.96,64.94,46.94,41,46.9,45,44.1,45,53.1,51.1,42.8,57.9,48.9,41,34,42.98
42.8,55.4,57.92,51.8,55.04,51.98,62.96,44.96,39.9,45,44.1,44.1,44.1,46.9,48.9,41,55.9,51.1,39.9,34,42.98
41,53.6,57.02,51.8,53.96,48.92,62.96,44.96,39,44.1,44.1,43,43,39.9,53.1,41,57,48.9,37.9,34,44.06
39.2,53.6,57.02,50,53.96,46.94,60.98,44.06,37.9,42.1,44.1,43,42.1,37,48.9,39.2,55,48.9,34,33.1,42.98
39.2,53.6,57.02,50,53.96,46.94,59,42.08,39,39.9,43,43,42.1,45,46.9,41,54,39.2,34,28.9,42.98
42.8,51.8,57.92,50,53.96,46.94,57.02,42.98,39.9,37.9,43,43,42.1,44.1,48.9,39.2,52,42.1,35.1,28.9,42.98
44.6,53.6,57.92,51.8,53.96,51.98,57.02,44.06,41,39,44.1,43,42.1,50,51.1,42.8,55,46,37.9,28.9,42.98
48.2,53.6,59,53.6,51.98,57.02,68,46.94,44.4,43,46.9,42.1,42.1,54,57,44.6,57.9,50,43,30,44.96
48.2,53.6,60.98,53.6,53.06,57.92,71.96,50,47.7,46.9,50,44.1,44.1,57.9,59,44.6,63,52,46,30,44.96
53.6,57.2,60.98,53.6,53.06,60.98,73.94,50,51.1,50,51.1,45,46.9,57.9,62.1,42.8,72,55.9,48.9,30.9,42.98
53.6,57.2,60.98,53.6,53.06,60.98,75.02,51.08,53.1,51.1,51.1,46.9,50,62.1,64,42.8,75,57.9,52,35.1,42.98
51.8,60.8,62.06,55.4,51.98,62.96,78.08,53.96,55,54,50,48.9,48.9,64.9,66,42.8,78.1,61,55.9,35.1,42.98
53.6,60.8,62.06,55.4,51.98,64.04,78.98,55.94,57,52,53.1,48,50,66.9,66,42.8,80.1,59,59,37,42.98
53.6,62.6,60.98,57.2,55.94,66.02,80.06,55.94,56.7,50,50,48,50,68,68,46.4,82,57.9,63,41,44.06
55.4,62.6,60.98,59,57.02,64.94,82.04,57.02,56.3,51.1,53.1,48.9,48.9,70,66,48.2,82,46,64.9,45,44.96
53.6,62.6,60.98,55.4,55.94,66.02,82.04,55.04,55.9,50,54,50,50,70,64.9,48.2,81,46,64.9,46.9,44.96
53.6,60.8,60.08,55.4,53.96,64.94,82.04,51.98,54.7,45,54,48.9,50,69.1,61,46.4,80.1,46.9,64,48.9,46.04
51.8,59,59,55.4,51.98,62.06,80.96,48.02,53.2,46,52,46.9,48.9,68,59,46.4,78.1,46.9,63,50,46.04
48.2,57.2,59,53.6,50,59,78.98,44.06,52,44.1,45,42.1,46,57.9,57,46.4,73,46.9,61,48,42.98
46.4,55.4,57.92,53.6,48.92,55.94,75.02,42.98,50.4,44.1,45,42.1,42.1,48,55.9,46.4,66,46.9,55,45,41
46.4,53.6,59,53.6,48.92,53.06,71.96,39.92,48.6,44.1,48,42.1,41,46,54,44.6,64.9,45,46.9,39.9,39.92
48.2,50,59,53.6,46.94,51.08,68,37.94,46.9,43,46.9,41,37.9,45,53.1,42.8,64,44.1,48.9,37.9,39.02
46.4,48.2,59,51.8,48.02,50,66.02,37.04,44.6,42.1,45,39.9,37,41,50,42.8,64,43,41,34,42.98
44.6,48.2,59,50,48.02,48.02,64.94,37.04,42.3,39,45,39.9,36,39,50,41,61,43,39,32,42.08
42.8,48.2,60.08,48.2,44.96,46.94,62.96,32,39.9,39.9,43,39,30.9,37,48,39.2,61,41,39,33.1,41
42.8,44.6,59,48.2,44.96,44.96,62.96,30.92,39,39,43,39,36,36,48,39.2,60.1,41,41,32,41
42.8,46.4,59,46.4,42.98,44.06,60.98,28.94,37.9,37,42.1,37.9,35.1,34,46,39.2,60.1,39.9,42.1,28.9,41
41,48.2,57.92,44.6,42.08,44.06,60.98,28.94,37,37.9,43,37,34,37,44.1,39.2,59,36,42.1,28,39.02
35.6,44.6,57.92,44.6,41,42.08,60.08,26.06,38.3,35.1,43,37.9,33.1,34,45,39.2,55.9,34,43,28,37.94
35.6,44.6,57.92,44.6,42.08,42.08,59,24.08,39.7,33.1,44.1,37.9,34,39,37,37.4,55.9,36,43,25,37.94
42.8,51.8,57.92,50,48.02,46.94,60.08,35.06,41,36,45,39,35.1,48,37,37.4,60.1,37,45,27,42.08
48.2,55.4,59,55.4,51.08,51.08,62.96,42.98,46.4,39.9,45,39.9,39,52,48.9,37.4,63,39,46,32,44.06
51.8,55.4,60.08,57.2,55.94,53.06,64.94,44.96,51.6,43,45,41,39.9,55.9,51.1,39.2,66,41,51.1,36,44.96
53.6,55.4,60.98,59,57.92,55.94,69.08,48.92,57,45,46.9,43,42.1,57.9,54,42.8,68,42.1,54,41,46.94
53.6,57.2,62.06,60.8,60.08,59,75.02,50,59.4,48,46.9,46.9,45,64.9,55,42.8,66.9,44.1,57,46,44.06
53.6,60.8,62.96,60.8,60.8,60.98,78.08,51.08,61.7,48,48.9,48,48,72,57.9,48.2,64.9,45,61,51.1,44.06
53.6,62.6,62.06,64.4,62.06,62.96,78.08,53.06,64,51.1,48,52,50,72,60.1,50,66,46.9,63,55.9,44.96
55.4,62.6,62.96,64.4,64.04,64.04,78.98,51.08,64.8,52,46.9,53.1,51.1,73.9,61,53.6,66,46,64,62.1,46.94
53.6,62.6,62.96,66.2,66.02,66.02,78.98,48.92,65.3,55,50,48.9,53.1,75,64,55.4,66,44.1,64,64.9,46.04
53.6,62.6,60.98,64.4,66.02,64.94,80.06,48.92,66,53.1,50,46.9,46,75.9,64,55.4,64.9,43,64,66.9,46.94
53.6,62.6,60.08,62.6,64.94,64.94,80.06,46.94,62.6,54,46.9,45,48.9,75.9,64.9,53.6,64,39.9,63,66,48.92
53.6,60.8,60.08,60.8,62.96,62.96,78.98,44.6,59.4,53.1,48,45,48.9,73.9,63,51.8,60.1,37.9,61,68,48.02
51.8,57.2,59,59,59,60.08,78.08,42.08,55.9,50,46.9,45,45,61,62.1,48.2,57.9,37.4,60.1,64,46.04
50,55.4,59,57.2,55.94,57.92,75.02,39.92,53.6,48,46.9,44.1,43,57.9,57.9,44.6,55,37,55.9,54,44.06
50,55.4,59,57.2,55.94,55.94,71.96,37.94,51.3,46.9,45,44.1,42.1,57,51.1,44.6,54,37,52,51.1,42.98
48.2,51.8,60.08,55.4,51.98,55.04,69.08,35.96,48.9,44.1,44.1,39,39.9,57,52,42.8,53.1,37.4,46.9,48.9,42.08
48.2,53.6,59,55.4,50,51.98,66.92,35.96,49.6,41,44.1,39,39,57,48,41,50,37.9,42.1,46.9,41
44.6,50,59,53.6,48.92,50,66.02,33.08,50.4,41,44.1,39.9,39,55.9,48,41,48,37.9,39,42.1,41
42.8,46.4,59,53.6,50,48.92,64.94,32,51.1,41,45,39,37,55,50,37.4,48,39,39,41,41
39.2,46.4,59,53.6,48.02,48.02,62.96,30.92,51.1,36,44.1,39,35.1,54,46.9,33.8,46,37.9,36,37.9,41
37.4,44.6,59,50,46.94,46.04,64.94,32,51.1,36,45,37.9,36,54,46,35.6,45,37.4,34,37.9,41
35.6,46.4,59,48.2,46.04,44.06,62.06,30.02,51.1,33.1,44.1,36,35.1,52,46.9,30.2,44.1,37,33.1,37,42.08
35.6,48.2,59,48.2,44.96,42.98,59,28.94,51.1,35.1,45,35.1,35.1,53.1,44.1,30.2,45,36,33.1,33.1,42.08
35.6,48.2,57.92,48.2,44.96,42.08,57.92,30.02,51.1,35.1,45,36,36,52,43,32,42.1,36,33.1,34,42.08
42.8,51.8,59,51.8,51.08,44.96,55.94,41,51.1,36,45,39,37.9,53.1,45,33.8,48,36,35.1,35.1,42.98
48.2,53.6,60.08,53.6,55.04,50,64.94,44.06,51.4,39,46,42.1,39.9,57,52,39.2,51.1,37,44.1,43,44.96
50,55.4,62.06,57.2,57.92,55.04,68,48.02,51.6,45,45,45,46,59,55.9,42.8,55,39,51.1,48,46.94
53.6,59,66.92,62.6,60.98,59,71.96,51.08,52,48,46.9,48,51.1,63,57.9,46.4,57.9,41,55,50,48.02
57.2,60.8,66.02,64.4,64.04,64.04,77,50,52.7,52,48,50,53.1,64.9,62.1,39.2,59,44.1,59,55,48.02
57.2,60.8,66.02,66.2,66.02,68,80.96,51.8,53.2,55,50,50,55.9,66.9,64.9,39.2,63,43,62.1,61,50
57.2,62.6,66.02,66.2,68,68,82.94,55.94,54,55.9,46.9,53.1,57.9,69.1,64.9,42.8,66.9,42.1,64,68,51.08
59,64.4,66.02,66.2,68,69.08,84.92,51.08,53.2,60.1,52,55,59,71.1,64.9,44.6,68,45,66,71.1,51.98
60.8,64.4,66.02,64.4,69.08,69.98,86,51.98,52.7,62.1,44.1,55.9,60.1,70,60.1,48.2,70,44.1,66,70,53.06
60.8,64.4,64.94,64.4,69.08,71.06,86,51.08,52,62.1,48,55,59,70,57.9,39.2,72,44.1,68,69.1,53.06
60.8,62.6,62.96,64.4,69.08,69.98,86.54,51.08,51.6,60.1,48.9,55,57.9,71.1,59,42.8,70,45,68,68,51.98
55.4,57.2,62.06,64.4,66.02,69.08,86,48.02,51.4,60.1,48,52,59,70,60.1,42.8,69.1,45,66.9,66,51.08
53.6,57.2,60.98,62.6,59,64.04,84.02,44.06,51.1,57.9,46.9,48.9,52,66.9,55,41,66,44.1,64,64,48.02
50,55.4,60.98,60.8,57.92,60.98,78.08,44.06,50.7,55.9,45,46.9,48,54,53.1,42.8,64,43,60.1,57,46.94
48.2,55.4,60.98,57.2,55.94,57.02,75.02,42.98,50.4,54,45,46.9,48,54,51.1,39.2,55.9,42.1,57,50,46.04
48.2,55.4,60.08,55.4,55.04,53.06,69.98,37.94,50,50,44.1,45,48.9,51.1,51.1,39.2,55,39,48.9,52,46.04
51.8,55.4,59,55.4,55.04,51.08,68,39.02,49.6,48,43,42.1,46.9,52,50,39.2,54,39,44.1,51.1,44.96
50,55.4,57.92,55.4,53.06,51.98,66.92,41,49.3,44.1,44.1,44.1,42.1,52,48.9,37.4,54,39.9,41,46,44.06
46.4,55.4,57.02,53.6,51.08,48.02,64.04,37.94,48.9,41,43,42.1,41,53.1,48.9,35.6,51.1,37.9,39,44.1,42.98
44.6,53.6,55.94,53.6,50,46.94,64.04,35.96,48.9,39.9,42.1,39.9,43,54,48.9,37.4,48.9,37,37.9,42.1,42.98
42.8,53.6,55.94,50,50,46.04,64.94,35.96,48.9,41,43,39,45,52,48,35.6,52,37,37,39.9,42.98
42.8,51.8,55.04,50,48.02,44.06,60.98,37.94,48.9,37,42.1,39.9,44.1,52,48.9,33.8,48,35.1,39,35.1,42.98
42.8,50,53.06,48.2,48.02,44.96,60.08,35.96,49.3,37.9,41,37.9,46,51.1,48.9,33.8,48.9,36,42.1,36,42.98
42.8,50,55.94,48.2,48.92,42.08,60.08,33.98,49.6,36,42.1,39,46,53.1,48,35.6,50,35.6,41,34,42.98
46.4,55.4,57.92,53.6,53.96,48.02,62.06,42.98,50,39.9,44.1,42.1,48.9,54,48,33.8,51.1,36,46,39,44.96
51.8,57.2,60.98,57.2,57.02,53.96,66.92,48.92,51.1,44.1,46,46.9,50,57.9,48,33.8,54,37.9,50,43,44.06
53.6,57.2,69.08,60.8,60.98,60.98,71.96,53.06,52,48.2,48,48.9,52,57.9,48.9,35.6,59,37.4,55.9,48,44.06
53.6,59,73.94,64.4,64.94,64.04,77,53.06,53.1,48,48.9,50,57,59,48.9,42.8,64.9,39,60.1,55,46.04
53.6,60.8,73.94,66.2,69.08,66.92,78.98,55.04,53.8,57,50,53.1,57.9,60.1,50,39.2,69.1,37.9,64.9,59,46.04
55.4,64.4,77,66.2,71.96,69.98,82.04,59,54.3,61,50,54,60.1,62.1,51.1,42.8,71.1,39.2,66,64.9,48.92
57.2,66.2,75.02,69.8,73.04,73.04,84.02,60.98,55,63,52,55.9,64,64,55.9,44.6,73,39.2,69.1,69.1,50
57.2,66.2,75.92,69.8,73.94,73.94,86,62.96,54,66,53.1,57.9,66,66,59,48.2,73.9,39,69.1,72,50
55.4,64.4,75.02,69.8,75.02,75.02,87.98,62.06,53.1,64.9,53.1,57.9,66,66,59,48.2,75,39,71.1,75.9,50
55.4,65.48,73.94,69.8,73.94,75.92,87.98,62.96,52,64.9,52,59,66,64.9,57.9,46.4,71.1,39,66,78.1,50
53.6,66.2,73.04,66.2,73.04,75.02,89.06,62.96,50.7,64.9,50,59,66,62.1,55.9,48.2,71.1,37.9,63,79,48.92
53.6,64.4,71.96,64.4,69.08,71.96,86,60.08,49.3,64.9,50,57,64.9,59,53.1,46.4,70,37,60.1,75.9,48.92
51.8,60.8,71.06,62.6,66.02,69.08,80.06,55.94,48,64,50,51.1,63,55.9,51.1,44.6,66,37,59,72,46.94
51.8,57.2,68,62.6,64.04,64.94,75.92,53.06,47.7,62.1,48,50,57.9,53.1,51.1,42.8,62.1,37.9,57,64.9,46.94
51.8,57.2,68,60.8,62.06,62.96,73.04,55.04,47.3,59,46.9,46.9,57,53.1,51.1,42.8,55.9,37,57,59,44.06
51.8,55.4,68,60.8,59,60.08,69.98,48.92,46.9,55.9,46,48.9,57,52,50,41,53.1,37,55,57,44.96
51.8,55.4,66.02,57.2,57.92,57.02,68,44.06,46.9,53.1,45,48,55.9,51.1,48.9,39.2,53.1,36,52,53.1,41
51.8,55.4,60.98,57.2,57.02,55.94,66.02,41,46.9,55,45,46,54,51.1,46.9,37.4,52,33.8,51.1,48.9,42.08
51.8,55.4,60.98,55.4,55.94,55.04,64.94,39.02,46.9,51.1,45,46,53.1,48,46.9,37.4,50,35.6,48,46.9,42.98
51.8,51.8,59,55.4,53.06,51.08,62.96,37.04,47.3,46.9,45,46,52,46.9,46.9,37.4,48.9,36,50,46,41
50,48.2,59,53.6,51.98,50,62.96,33.08,47.7,45,44.1,45,51.1,46,46,37.4,48.9,36,48.9,45,39.92
50,53.6,57.02,51.8,50,50,62.06,32,48,43,44.1,44.1,50,46,45,35.6,48.9,35.1,48.9,44.1,39.02
50,53.6,55.94,51.8,51.08,48.92,62.06,30.92,48.7,44.1,44.1,44.1,48,46,44.1,35.6,46,36,46.9,42.1,39.02
48.2,53.6,57.02,53.6,53.06,48.02,62.06,30.02,49.3,42.1,44.1,44.1,50,46.9,46,33.8,46.9,36,46,43,41
50,53.6,64.04,55.4,57.02,51.98,60.98,42.98,50,45,45,46,50,46.9,46,35.6,50,37,46,44.1,41
51.8,55.4,71.96,57.2,60.98,57.92,64.04,51.98,51.1,48.9,45,48.9,54,48.9,48.9,37.4,54,37,48.9,46,44.06
51.8,57.2,80.06,60.8,64.94,64.04,66.92,55.94,52,52,46,53.1,57,51.1,52,37.4,59,37,50,52,44.06
53.6,59,84.02,64.4,68,66.92,69.98,60.98,53.1,57,46.9,55.9,59,53.1,51.1,41,63,37.9,50,55.9,48.02
53.6,60.8,87.08,66.2,71.96,71.96,73.04,64.94,53.4,61,48.9,59,61,57,51.1,42.8,69.1,39,51.1,60.1,46.94
55.4,60.8,84.92,69.8,73.94,75.02,75.02,66.92,53.6,64.9,50,60.1,63,57,52,42.8,70,43,55,60.1,48.92
53.6,60.8,82.94,71.6,75.02,75.92,75.92,69.98,54,66.9,51.1,62.1,64,57.9,48.9,46.4,73,45,55.9,66.9,48.92
53.6,60.8,84.02,69.8,75.92,78.08,78.08,69.98,54,69.1,51.1,61,64.9,60.1,54,48.2,77,46.9,60.1,69.1,48.92
53.6,60.8,82.04,69.8,71.96,78.98,78.98,71.06,54,71.1,51.1,60.1,66.9,59,57,50,79,48,61,68,48.02
55.4,57.2,80.96,69.8,66.92,80.06,82.04,71.06,54,70,51.1,60.1,66,57.9,57.9,50,78.1,48,61,71.1,48.02
53.6,57.2,80.06,68,64.04,78.98,82.04,69.98,53.2,71.1,52,57,64.9,57.9,59,50,75.9,46.9,60.1,69.1,46.94
53.6,55.4,75.92,66.2,59,77,78.98,66.92,52.7,64.9,52,55.9,63,57,57.9,46.4,73,46,61,70,46.94
51.8,53.6,75.92,64.4,55.04,73.04,75.92,60.08,52,61,52,54,61,55,55.9,44.6,72,45,57.9,64,44.96
50,53.6,73.94,59,53.96,69.08,71.96,59,52,60.1,50,52,59,50,53.1,39.2,70,41,55,55.9,44.96
51.8,53.6,71.06,57.2,53.06,66.92,69.98,55.04,52,55.9,50,50,59,46.9,46,41,69.1,39.9,55,54,44.96
51.8,53.6,71.06,57.2,53.06,64.04,66.02,51.98,52,54,50,48,57.9,50,46,37.4,69.1,39,54,52,44.06
51.8,53.6,69.98,55.4,51.98,60.98,64.94,55.04,52.7,53.1,48.9,46.9,57,48.9,46,37.4,64.9,37,52,50,42.98
51.8,53.6,69.08,55.4,53.06,59,64.04,44.96,53.2,48.9,48.9,46.9,57,48,48,35.6,63,37,51.1,48,42.98
50,53.6,64.04,55.4,53.06,57.92,62.06,42.08,54,48,48.9,46,57,44.1,48.9,33.8,63,36,50,46,41
50,53.6,64.94,55.4,51.98,57.92,62.06,37.94,54,48,48,45,55.9,42.1,48,30.2,53.1,34,46.9,46,41
48.2,53.6,62.06,55.4,51.98,57.92,60.98,35.06,54,46,48,44.1,55.9,35.1,43,30.2,55,35.1,46.9,46,41
48.2,54.5,62.06,55.4,51.98,57.02,60.08,35.96,54,45,48,45,54,34,42.1,28.4,53.1,30,46,45,37.94
48.2,55.4,60.08,55.4,53.96,55.94,57.92,33.08,54.3,44.1,48,44.1,46.9,33.1,41,30.2,52,32,46.9,43,37.94
48.2,55.4,60.98,53.6,55.04,55.94,57.92,37.04,54.7,41,48,45,48,34,37.9,28.4,51.1,34,46.9,43,37.94
48.2,55.4,68,57.2,57.02,59,60.98,48.02,55,46,48,46,54,42.1,39.9,33.8,53.1,36,45,42.1,42.08
48.2,55.4,73.94,60.8,57.92,62.06,64.94,57.02,55,48.9,48.9,48,57.9,48.9,45,39.2,55,43,46.9,48,46.94
50,57.2,75.02,66.2,60.08,64.94,68,62.06,55,54,48.9,48,61,53.1,50,46.4,60.1,46.9,50,48.9,46.94
50,57.2,78.08,71.6,62.06,68,71.06,64.94,55,59,50,50,62.1,54,54,51.8,64,50,57.9,46.9,48.02
51.8,60.8,82.94,75.2,64.04,69.98,73.04,69.08,55.4,64.9,50,51.1,64.9,57,54,53.6,69.1,53.1,60.1,46.9,48.02
51.8,64.4,80.96,73.4,66.02,73.94,75.02,73.04,55.6,68,51.1,54,66,59,55,55.4,70,57,61,51.1,48.92
53.6,62.6,80.96,69.8,68,73.94,77,75.92,55.9,72,50,53.1,66.9,60.1,55.9,57.2,72,59,62.1,48,53.06
51.8,62.6,75.92,71.6,69.98,75.92,78.08,77,55.9,75,52,54,69.1,63,57,57.2,69.1,60.1,62.1,54,53.06
51.8,62.6,75.92,69.8,69.08,78.08,80.06,77,55.9,75.9,52,54,69.1,62.1,57.9,59,72,62.1,61,53.1,53.06
51.8,60.8,78.98,69.8,66.02,77,78.98,78.98,55.9,75.9,52,54,69.1,62.1,57.9,59,73,63,57.9,55,53.06
51.8,57.2,78.98,69.8,64.04,75.92,80.96,77,55.2,73.9,52,53.1,69.1,55.9,59,57.2,71.1,61,55.9,53.1,51.98
50,55.4,78.98,68,60.98,73.94,80.96,73.94,54.7,72,52,53.1,68,55,59,55.4,71.1,61,55.9,53.1,51.98
48.2,53.6,75.02,69.8,55.94,71.96,80.06,66.02,54,66.9,52,52,64,53.1,55.9,51.8,68,55.9,55,48.9,51.08
48.2,53.6,69.98,66.2,53.06,64.04,73.94,64.04,53.6,64.9,53.1,51.1,62.1,50,51.1,44.6,62.1,52,52,46.9,48.02
48.2,53.6,66.92,62.6,51.08,62.06,71.06,62.06,53.4,63,53.1,51.1,57,48.9,48.9,42.8,59,50,48.9,43,48.02
50,53.6,66.02,64.4,50,60.08,68,55.94,53.1,63,54,48,57,46.9,50,41,55,48,48,42.1,48.02
50,51.8,64.04,60.8,50,59,66.92,55.94,52.7,59,55,51.1,55.9,48,50,41,52,46.9,48,39.9,46.94
50,51.8,64.04,60.8,50,57.02,66.02,50,52.3,57.9,55,50,55.9,48.9,48.9,35.6,51.1,48,46.9,37.9,46.94
50,51.8,62.96,62.6,48.92,55.94,64.94,44.06,52,59,54,46,52,46.9,46.9,35.6,48,46.9,46,39,46.04
50,51.8,62.96,62.6,48.92,53.96,62.96,44.96,52,55,54,45,52,42.1,44.1,33.8,48,46,46,37.9,46.04
50,51.8,62.06,66.2,48.02,53.96,62.06,44.96,52,54,54,46.9,46.9,37,45,32,48,45,45,37.9,46.04
50,51.8,60.98,68,46.04,55.04,62.06,39.92,52,53.1,55,46,48,37,45,32,44.1,43,45,39,44.96
50,51.8,60.98,66.2,44.96,53.96,60.98,35.96,52,51.1,54,46,48.9,34,46,28.4,43,39.9,44.1,39,44.06
50,51.8,60.98,66.2,44.96,53.06,60.08,37.94,52,52,54,46,51.1,37,44.1,28.4,45,41,45,37.9,42.98
51.8,53.6,62.06,73.4,51.08,57.02,59,51.08,52,51.1,55,46.9,51.1,45,45,35.6,48.9,48,46,39,46.04
53.6,55.4,64.94,75.2,55.04,60.98,62.06,60.08,52.3,52,57,48.9,54,50,51.1,39.2,51.1,48,48,39.9,48.02
55.4,57.2,66.02,77,57.92,64.04,66.02,66.02,52.7,53.1,57.9,53.1,57,52,52,46.4,54,50,48.9,42.1,48.92
59,59,68,78.8,62.06,66.02,71.06,71.06,53.1,55,57.9,57,61,55.9,50,51.8,60.1,54,53.1,48,50
57.2,60.8,71.06,82.4,62.96,68,71.06,73.94,54,55.9,60.1,57.9,66.9,55.9,51.1,55.4,62.1,57,55.9,51.1,50
53.6,62.6,71.96,84.2,64.94,71.96,74.66,78.98,55,57,59,60.1,68,57.9,55.9,57.2,64,61,55.9,52,50
55.4,62.6,69.98,87.8,66.92,73.04,78.08,80.06,55.9,55.9,60.1,62.1,68,60.1,59,60.8,66,63,57.9,55,46.04
57.2,62.6,69.98,87.8,68,71.96,78.98,80.06,55.9,59,59,64,66.9,62.1,60.1,60.8,66.9,63,57.9,52,46.04
55.4,64.4,69.08,87.8,69.08,71.06,80.06,80.96,55.9,59,57,64.9,63,62.1,61,62.6,68,64,60.1,54,46.04
53.6,62.6,69.08,84.2,66.92,69.98,82.04,80.96,55.9,59,57.9,64.9,62.1,60.1,60.1,62.6,68,64,57,55,46.04
53.6,60.8,66.02,82.4,68,73.94,82.04,80.06,54.3,57.9,57.9,64,62.1,59,61,60.8,64.9,63,55,53.1,44.96
53.6,60.8,64.04,78.8,64.94,75.02,80.96,78.08,52.7,57,57.9,60.1,55,55,59,60.8,64.9,62.1,54,55,44.96
53.6,57.2,62.06,77,62.06,71.06,80.06,71.96,51.1,53.1,55.9,55,54,54,57.9,57.2,61,59,50,53.1,44.96
51.8,55.4,60.98,73.4,57.02,64.04,75.92,64.04,50.4,51.1,54,51.1,53.1,48,55,53.6,60.1,57,48.9,48.9,46.04
51.8,53.6,60.98,69.8,55.04,60.98,71.06,69.08,49.6,50,54,48,51.1,46.9,50,51.8,57,54,48,45,46.94
51.8,53.6,60.08,66.2,53.06,60.08,69.08,64.94,48.9,48.9,53.1,46.9,51.1,45,46.9,48.2,52,52,45,44.1,50
51.8,51.8,60.98,66.2,51.08,59,66.92,62.06,48.2,50,52,45,51.1,48,46.9,41,50,50,46,42.1,48.92
51.8,48.2,60.08,66.2,51.08,57.92,64.94,57.02,47.7,48.9,51.1,44.1,48,44.1,46,39.2,48,48,46,41,48.92
50,48.2,60.08,62.6,46.94,55.04,64.04,51.08,46.9,48,50,42.1,48.9,42.1,46.9,37.4,50,46,45,39.9,48.02
50,46.4,60.08,60.8,46.04,53.96,62.96,48.02,45,48,48.9,41,48,41,43,37.4,51.1,39.9,44.1,39,48.02
50,44.6,59,59,46.94,53.06,62.06,44.96,43,48,48.9,39.9,48,41,45,35.6,48.9,41,41,37.9,46.94
50,44.42,59,59,50,51.98,60.98,41,41,46.9,48,39.9,48.9,37,44.1,35.6,50,39,42.1,39,46.04
50,44.24,59,57.2,48.92,51.08,57.02,41,42.6,46.9,48,39,46.9,37.9,44.1,35.6,48,36,42.1,39,44.96
50,44.6,59,57.2,46.94,53.06,57.02,41,44.4,46.9,48,39.9,51.1,44.1,39,37.4,46.9,39,41,37.9,44.06
51.8,53.6,60.98,62.6,53.96,53.06,57.92,51.98,46,48,48,42.1,54,51.1,43,39.2,50,45,41,42.1,44.96
53.6,55.4,62.96,69.8,57.92,60.08,64.04,57.92,48.7,48.9,50,45,57.9,55,46,42.8,51.1,48,46,44.1,46.94
53.6,55.4,66.92,75.2,62.06,62.96,69.08,62.96,51.3,51.1,52,46.9,61,57.9,50,44.6,52,53.1,48,46,46.94
53.6,57.2,69.08,78.8,66.02,66.92,71.96,69.08,54,54,51.1,50,64.9,61,53.1,48.2,54,57.9,48.9,51.1,48.02
55.4,62.6,68,82.4,69.98,69.98,75.02,73.04,54.3,57.9,55.9,52,68,64,53.1,51.8,57.9,60.1,48.9,51.1,48.92
53.6,64.4,69.08,84.2,73.04,73.04,77,75.02,54.7,59,53.1,55,71.1,66,55.9,53.6,59,62.1,53.1,52,48.02
53.6,66.2,68,86,73.94,75.02,80.06,78.98,55,61,55.9,55.9,72,66.9,57,53.6,60.1,64,46.9,52,50
53.6,66.2,68,87.8,75.02,77,82.04,82.04,54.7,62.1,57,55.9,72,66.9,59,51.8,59,64,50,52,51.98
53.6,62.6,68,86,75.02,78.08,84.02,80.96,54.3,61,57,57,75,69.1,57.9,46.4,57.9,64,54,51.1,51.08
53.6,62.6,68,87.8,75.02,77,84.92,75.92,54,62.1,59,57.9,75,66.9,54,51.8,54,66,55.9,51.1,51.98
53.6,62.6,66.02,86,73.94,77,84.92,71.06,52.7,60.1,57.9,57,73.9,66.9,51.1,53.1,52,64.9,54,48.9,50
53.6,59,62.96,82.4,71.06,73.94,84.92,69.08,51.3,57,55,55.9,73,64.9,48.9,53.6,50,64,52,48,48.02
51.8,55.4,62.06,80.6,66.02,69.98,80.96,64.04,50,55.9,54,52,71.1,64.9,48.9,50.2,48,59,51.1,48,48.02
51.8,55.4,62.06,75.2,60.08,66.92,75.02,62.96,48.9,55.9,51.1,46.9,68,63,48.9,46.4,48,51.1,46.9,46.9,46.04
51.8,53.6,60.98,73.4,57.02,64.94,71.96,60.98,48,54,48.9,46,64.9,57,46,46.4,46,52,45,46,44.06
51.8,53.6,60.98,69.8,55.94,60.98,71.06,59,46.9,54,51.1,46.9,52,54,46,39.2,43,50,45,46,42.08
51.8,53.6,60.98,69.8,53.96,59,71.06,59,43.9,53.1,48.9,46,50,59,45,41,42.1,48,44.1,46,42.98
50,48.2,60.98,66.2,51.08,57.92,67.64,59,41,51.1,48.9,45,50,57.9,43,37.4,41,43,44.1,46,37.94
48.2,48.2,60.08,66.2,51.98,55.04,64.04,55.94,37.9,51.1,48,44.1,46.9,57,41,33.8,41,41,43,46,41
46.4,53.6,60.08,62.6,51.08,55.04,62.96,53.96,37,51.1,48,45,53.1,57,39.9,33.8,41,39.9,43,46,39.02
44.6,46.4,60.98,62.6,48.92,55.04,64.04,50,36,51.1,48,45,54,55.9,39.9,32,41,33.1,41,46,41
44.6,46.4,60.08,60.8,48.92,55.94,62.96,51.08,35.1,48.9,46.9,44.1,50,55.9,37.9,30.2,41,33.1,37,46,39.92
44.6,46.4,59,60.8,48.92,55.94,62.06,50,36.7,50,48,39.9,54,55.9,36,30.2,39.9,34,33.1,46,39.02
46.4,48.2,59,57.2,46.94,57.02,60.98,53.96,38.3,50,48,41,55.9,57,34,28.4,39.9,34,33.1,46,41
50,53.6,62.06,64.4,55.94,59,60.98,55.04,39.9,50,48.9,46,57.9,57,36,35.6,39,41,36,46,42.08
53.6,55.4,62.96,69.8,60.08,62.06,64.94,60.98,44.2,53.1,48.9,48,63,55,39,42.8,37,45,44.1,44.1,44.06
53.6,57.2,64.04,77,64.04,66.92,69.08,62.96,48.7,55,51.1,50,66,48.9,43,44.6,36,48.9,45,48.9,46.04
55.4,59,62.96,82.4,69.08,71.06,69.08,66.02,53.1,57.9,55.9,54,69.1,48,45,48.2,35.1,54,46.9,48.9,48.02
55.4,62.6,64.94,87.8,71.96,75.02,71.96,69.08,54.3,61,57.9,55.9,70,50,46.9,51.8,35.1,57.9,48,52,48.92
57.2,62.6,64.94,89.6,75.02,78.08,75.02,71.96,55.8,63,57,59,71.1,54,48,55.4,35.1,59,46.9,53.1,51.08
57.2,62.6,66.02,91.4,75.92,80.06,78.08,73.4,57,66,57.9,60.1,73,57,51.1,57.2,36,62.1,45,54,51.98
57.2,62.6,66.02,93.2,75.92,80.06,78.08,69.98,56.3,69.1,57.9,61,73,57.9,52,60.8,36,61,46,55,53.06
55.4,64.4,64.04,91.4,77,80.06,78.98,69.98,55.8,70,57,61,75,51.1,53.1,60.8,34,62.6,44.1,45,53.06
57.2,62.6,62.06,91.4,77,80.06,78.98,66.92,55,68,54,62.1,75,48.9,53.1,62.6,34,64,44.1,48.9,53.06
55.4,62.6,60.98,91.4,73.04,78.98,78.98,62.06,54,68,52,60.1,75,48,54,60.8,33.1,64,45,51.1,51.98
55.4,59,60.98,87.8,71.96,75.92,78.98,60.08,53.1,70,50,57.9,73,48,53.1,60.8,30.9,63,44.1,48.9,51.08
53.6,57.2,60.08,84.2,66.92,75.02,75.92,57.02,52,66,48.9,53.1,68,48.9,51.1,57.2,30,57.9,44.1,46,50
53.6,57.2,60.08,80.6,62.96,75.02,71.06,53.06,51.3,62.1,46.9,51.1,61,48.9,48,55.4,28.9,54,42.1,43,48.92
53.6,55.4,60.08,77,59,71.96,69.98,51.08,50.7,61,46,48.9,57.9,48,42.1,53.6,28.9,53.1,42.1,44.1,48.02
51.8,55.4,60.08,75.2,59,71.06,69.08,51.98,50,60.1,46,50,55.9,46.9,37.9,46.4,28.9,50,41,43,44.96
48.2,51.8,60.08,71.6,55.94,71.06,64.94,51.98,48.4,59,45,50,55,48,37,42.8,28,45,41,42.1,44.96
48.2,51.8,60.08,71.6,55.94,69.08,64.04,51.08,46.6,55.9,45,48.9,53.1,46.9,39,44.6,28,39.9,41,37.9,41
46.4,51.8,60.08,66.2,53.06,68,62.96,50,45,54,44.1,48,52,46.9,39,41,28,41,39.9,35.1,39.92
44.6,50,60.08,66.2,50,66.92,62.96,48.02,44.2,52,44.1,46,48.9,48,37.9,41,28,41,39.9,33.1,39.92
44.6,48.2,60.08,64.4,50,66.02,62.96,46.04,43.7,50,42.1,45,48,46,37,41,28,44.1,39.9,34,37.94
44.6,48.2,60.08,64.4,48.92,66.02,62.96,44.96,43,46.9,43,45,48,46,37.9,39.2,27,42.1,39.9,32,37.04
44.6,46.4,60.08,64.4,48.92,66.02,62.06,44.06,43.3,48,43,45,48,46,37.9,39.2,27,41,39,33.1,37.04
44.6,48.2,60.08,64.4,51.08,66.02,60.98,46.94,43.7,46.9,44.1,45,48.9,46,37.9,33.8,27,45,39,32,39.02
48.2,57.2,60.08,68,57.92,69.08,60.98,50,44.1,50,45,48,53.1,48,41,41,27,48,39,37,44.96
53.6,59,60.98,75.2,64.04,71.06,62.06,53.96,47.3,54,46.9,52,57,48,46,48.2,27,50,42.1,41,46.94
53.6,60.8,62.06,82.4,66.92,75.02,66.02,60.08,50.7,57,50,57,60.1,50,48.9,51.8,28,52,43,45,48.02
53.6,62.6,62.06,89.6,73.04,78.08,69.98,62.96,54,61,51.1,61,64,50,52,59,28,51.1,43,48,50
53.6,64.4,62.06,93.2,75.92,82.04,73.94,60.08,54.3,64.9,53.1,64.9,66.9,51.1,55,62.6,30,52,43,50,51.98
55.4,71.6,62.06,96.8,77,82.04,78.98,55.94,54.7,66.9,55.9,68,69.1,52,57.9,64.4,30.9,52,45,52,51.98
57.2,73.4,62.96,98.6,80.96,82.94,80.96,59,55,70,55,72,72,51.1,59,66.2,30,52,45,54,53.96
57.2,75.2,62.96,96.8,82.94,78.98,82.04,60.08,55,72,57.9,75,73,48.9,60.1,69.8,28.9,52,43,55.9,55.04
57.2,72.86,62.96,98.6,84.02,71.06,84.02,60.08,55,75,59,77,75,50,59,69.8,28.9,51.1,43,55.9,55.04
57.2,69.8,62.06,96.8,84.92,69.98,84.02,60.08,55,75,61,75.9,75.9,52,57,71.6,28.9,48.9,46,55,55.94
55.4,69.8,62.06,96.8,82.94,69.98,84.02,60.98,53.1,75,55.9,75.9,75,53.1,55.9,69.8,28,48.9,46,55,55.94
57.2,66.2,62.06,91.4,78.98,69.98,84.02,57.92,50.9,75,54,73,73,53.1,57,69.8,27,48,46.9,54,55.04
53.6,62.6,62.06,87.8,73.94,66.92,82.04,55.94,48.9,69.1,53.1,64.9,66.9,52,57,62.6,27,46,46,52,51.98
51.8,60.8,62.06,84.2,69.98,66.02,77,53.96,48.2,64,50,64.9,64,50,50,62.6,26.1,44.1,45,51.1,51.98
51.8,57.2,62.06,80.6,66.92,66.02,73.94,53.06,47.7,61,48,60.1,61,48,45,57.2,26.1,42.1,43,50,48.92
51.8,57.2,62.06,78.8,62.06,66.92,71.06,50,46.9,61,46.9,55,62.1,48,42.1,51.8,25,39,44.1,46.9,48.92
48.2,55.4,62.06,78.8,59,64.94,69.08,46.94,46.2,59,46.9,57,59,46.9,41,44.6,24.1,37.9,42.1,45,48.92
50,55.4,60.98,73.4,59,64.04,68,46.94,45.7,57,46,55,55.9,46.9,45,46.4,23,37,39.9,44.1,46.04
46.4,53.6,60.98,73.4,53.96,62.06,66.92,42.98,45,53.1,45,53.1,55,46.9,41,44.6,21.9,34,39,43,44.06
46.4,53.6,60.08,75.2,51.08,60.98,64.94,41,45.7,48.9,46.9,55.9,57.9,46.9,42.1,42.8,21.9,32,37,44.1,46.94
46.4,53.6,60.08,77,53.96,60.98,66.02,37.04,46.2,51.1,46.9,52,55.9,46,43,42.8,21,32,35.1,43,46.94
48.2,53.6,60.98,78.8,53.06,60.08,64.04,39.92,46.9,48.9,46.9,52,54,46.9,41,41,21,32,33.1,43,46.94
48.2,53.6,60.08,80.6,53.96,59,60.08,33.98,46.6,46.9,45,48,51.1,46.9,43,42.8,19.9,30,33.1,42.1,48.02
48.2,53.6,60.08,78.8,55.94,60.98,60.08,37.04,46.4,48,45,53.1,48.9,46.9,43,42.8,21,28.9,33.1,41,48.02
48.2,55.4,60.98,82.4,57.92,62.06,60.08,46.04,46,51.1,46.9,55,48.9,48.9,43,46.4,21.9,28.9,36,39.9,48.92
50,57.2,62.06,82.4,62.96,64.04,66.02,51.08,46.4,54,48,61,50,52,48,51.8,25,30,39.9,41,51.98
50,59,60.98,87.8,66.02,66.02,73.94,55.94,46.6,59,48,64,50,54,53.1,57.2,27,28.9,41,42.1,51.98
51.8,59,62.06,93.2,69.98,69.98,77,59,46.9,64,52,66,52,55.9,57,62.6,28.9,30,41,44.1,53.06
53.6,60.8,62.06,96.8,73.94,73.04,80.06,62.06,48.4,68,52,70,54,57.9,61,66.2,30.9,27,43,45,55.94
53.6,60.8,62.06,98.6,75.02,75.02,82.94,66.02,49.6,73.4,53.1,77,55.9,60.1,64,69.8,30.9,30,45,46.9,57.92
57.2,62.6,62.96,98.6,73.94,75.92,87.08,66.92,51.1,73.9,55.9,79,57,57.9,68,73.4,32,30.2,46.9,46.9,59
55.4,62.6,62.96,100.4,73.94,78.08,87.98,68,51.8,73,57,79,57,60.1,71.1,73.4,34,30,48,46.9,62.06
55.4,61.88,62.96,98.6,73.04,80.06,89.96,69.08,52.3,71.1,57.9,81,57,60.1,71.1,71.6,32,30.9,46.9,46,60.08
53.6,60.62,62.06,98.6,68,80.06,89.96,68,53.1,57.9,59,81,57,63,72,75.2,33.1,30,45,46,60.08
53.6,59,62.06,96.8,66.02,78.98,89.06,64.94,53.8,57,57.9,79,55,63,73,73.4,32,30.9,43,45,60.08
53.6,57.2,60.98,93.2,60.98,77,89.06,62.96,54.3,55,57.9,79,54,57.9,68,71.6,30.9,30,42.1,44.1,57.92
51.8,55.4,60.98,87.8,60.08,73.04,84.92,57.92,55,53.1,55,73,51.1,57,66,68,30.9,28.9,42.1,44.1,57.02
51.8,53.6,60.98,84.2,57.92,69.98,80.42,50,55,53.1,52,66.9,50,51.1,59,64.4,30,28,39,42.1,55.04
51.8,53.6,60.98,80.6,55.94,66.92,77,48.92,55,53.1,51.1,63,46.9,46.9,57,62.6,30,28,39,41,53.96
51.8,53.6,60.08,73.4,53.96,64.94,75.02,46.04,55,53.1,48.9,57.9,45,45,57,59,30,28,39.9,39.9,53.06
51.8,51.8,60.08,68,53.06,62.06,75.92,42.98,55,53.1,48,57.9,43,43,54,55.4,30,26.1,39,39,48.92
50,51.8,60.08,66.2,50,60.98,75.02,42.08,55,52,46,59,42.1,46,59,55.4,28.9,23,39,39.9,46.04
50,51.8,60.08,66.2,48.92,59,71.96,35.06,55,52,43,57.9,42.1,42.1,57,55.4,28.9,19.9,37.9,39.9,46.94
51.8,51.8,60.08,64.4,48.92,57.92,71.06,32,55,52,42.1,54,39.9,41,54,53.6,28.9,23,37,39,48.02
51.8,51.8,60.08,64.4,46.94,55.94,66.92,33.08,55,51.1,41,53.1,39,46.9,57,55.4,28,21.9,37,37.9,44.96
51.8,51.8,60.98,62.6,46.94,55.04,68,33.98,55,51.1,41,53.1,37.9,46,53.1,53.6,28,19.9,36,37,44.06
51.8,50.72,60.98,62.6,48.02,55.04,68,26.96,55,50,39.9,52,37,46.9,53.1,51.8,28,19.9,33.1,36,44.06
51.8,50,60.08,62.6,48.02,55.94,64.94,32,55,50,39.9,52,37,50,53.1,50,28,21.9,33.1,36,44.96
53.6,50,60.98,64.4,48.92,59,66.02,42.08,55,51.1,44.1,52,41,51.1,48,50,28,26.1,33.1,37,51.98
55.4,53.6,60.98,69.8,51.98,62.96,69.98,48.92,55.8,52,46.9,54,44.1,50,54,46.4,30,27,33.1,39,59
57.2,57.2,62.06,73.4,55.94,66.92,75.02,53.06,56.3,55.4,51.1,53.1,46,53.1,57.9,44.6,30.9,28,33.1,42.1,66.02
55.4,59,60.98,75.2,60.08,71.06,75.02,55.94,57,57,55,53.1,48.9,55.9,66,42.8,30.9,30,34,45,66.02
57.2,60.8,60.98,77,62.96,73.94,77,62.06,57.4,59,59,55,50,55.9,66.9,37.4,30,32,34,44.1,68
57.2,62.6,60.98,78.8,64.94,75.92,78.08,64.04,57.6,61,61,57,52,59,69.1,33.8,35.1,28.4,36,44.1,69.98
57.2,60.8,62.96,77,66.02,78.98,78.98,66.02,57.9,62.1,63,62.1,54,60.1,66.9,33.8,33.1,30,36,45,66.02
57.2,60.8,62.96,75.2,68,80.96,80.06,68,57.6,62.1,64.9,64.9,55,63,71.1,39.2,35.1,32,37,48,62.96
57.2,60.8,62.96,73.4,68,80.96,80.96,68,57.4,63,66.9,64,53.1,61,72,39.2,36,33.1,37,48.9,62.06
57.2,60.8,62.96,71.6,66.02,80.96,82.04,66.02,57,64.9,68,62.1,55,61,68,41,36,33.1,36,50,64.04
57.2,60.8,62.96,68,66.02,80.06,82.04,64.94,56.3,64.9,66.9,62.1,53.1,62.1,60.1,37.4,33.1,32,35.1,52,64.04
55.4,57.2,62.96,64.4,62.96,77,82.94,62.96,55.8,64,66,60.1,52,61,64.9,33.8,32,30.9,34,50,62.96
53.6,55.4,62.96,62.6,60.98,73.04,80.96,59,55,62.1,64,57.9,50,59,62.1,32,32,28.9,33.1,48,60.98
53.6,55.4,62.06,60.8,55.94,69.98,78.08,60.08,55,60.1,62.1,57,48,53.1,57.9,33.8,30.9,23,30.9,45,60.98
53.6,53.6,62.06,62.6,53.96,66.92,75.02,59,55,57.9,59,54,46,50,60.1,33.8,30,25,28.9,42.1,60.08
50,51.8,62.06,60.8,53.06,64.94,71.06,57.92,55,55.9,60.1,54,42.1,46,57,30.2,30,24.1,26.1,39.9,55.04
48.2,50.9,62.06,60.8,51.08,64.04,69.98,57.02,55,55,59,53.1,45,42.1,55.9,32,28.9,24.1,28,37,53.96
48.2,50,62.06,60.8,50,62.96,64.04,57.02,55,54,57,51.1,44.1,41,54,32,28.9,21.9,25,37.9,50
50,46.4,62.06,60.8,50,60.98,62.96,55.04,55,52,57,50,42.1,39,51.1,32,28,19.9,24.1,35.1,53.06
51.8,46.4,60.98,59,48.92,59,62.06,55.94,55,50,57,50,41,37,54,32,27,19.9,21,34,50
51.8,44.6,60.98,59,46.94,57.02,62.06,55.94,55,50,55.9,48.9,39.9,37,50,30.2,27,19.9,21,28.9,48.92
51.8,44.6,60.98,57.2,46.94,55.94,62.06,55.04,55,48.9,55,48,39.9,41,48,30.2,26.1,18,16,30,48.02
51.8,43.52,60.98,57.2,46.04,55.04,57.02,53.96,55,48.9,55,46.9,37,39.9,41,28.4,25,18,17.1,28,46.94
51.8,42.8,60.98,57.2,48.02,55.04,62.06,55.04,55,48.9,54,48,37.9,43,42.1,28.4,26.1,19,18,27,48.02
51.8,51.8,60.98,59,55.04,59,64.94,57.92,55,51.1,54,48.9,42.1,51.1,46,30.2,27,23,19.9,32,53.06
53.6,53.6,60.98,60.8,57.02,64.94,68,60.98,57.4,55,55.9,52,45,57,55,32,30,28,28,39,55.04
55.4,55.4,62.06,62.6,60.98,68,75.02,62.96,59.7,57,55.9,55.9,48,59,59,37.4,34,32,34,42.1,57.02
57.2,57.2,60.08,64.4,64.94,73.04,78.98,66.02,62.1,60.1,60.1,57,51.1,61,61,39.2,37.9,34,34,46.9,60.08
57.2,60.8,60.98,66.2,69.08,75.92,86,69.98,65.3,60.1,61,60.1,53.1,63,64,44.6,41,36,39,50,60.08
55.4,60.8,62.06,66.2,71.96,78.08,86,71.06,68.7,60.1,63,64.9,55,66,64,48.2,43,37,41,53.1,62.06
55.4,64.4,62.96,68,73.94,80.06,87.98,71.06,72,63,64.9,68,55.9,66.9,66,50,44.1,37.9,42.1,57,64.04
55.4,64.4,62.96,69.8,75.02,82.04,87.98,69.08,72.7,66,66,70,55.9,66.9,69.1,50,46.9,39,39,60.1,66.02
55.4,64.4,64.04,69.8,75.02,82.94,89.06,66.02,73.2,68,66.9,72,57.9,68,66.9,51.8,48.9,39.9,39,59,69.08
55.4,64.4,64.04,69.8,75.92,84.02,89.96,66.02,73.9,69.1,66.9,68,57.9,68,69.1,53.6,48,43,39,61,69.98
55.4,62.6,62.96,66.2,75.02,82.94,89.96,62.06,72,66.9,66,71.1,57,68,66.9,53.6,48,42.1,39,59,73.94
53.6,60.8,62.06,64.4,71.96,80.96,89.06,59,70,63,64.9,64.9,55.9,66.9,66,53.6,48,42.1,39,60.1,71.06
53.6,57.2,62.06,62.6,68,77,87.98,55.04,68,60.1,60.1,63,55,64,61,53.6,45,39.9,39,57.9,69.08
53.6,55.4,62.06,60.8,64.04,73.94,82.04,51.08,64.4,57,57,60.1,50,52,59,48.2,42.1,32,37,53.1,64.94
53.6,55.4,62.06,60.8,60.08,71.06,75.02,48.02,60.6,55.9,54,59,48,46.9,54,42.8,39,32,35.1,48.9,60.08
53.6,53.6,60.98,59,57.02,69.08,71.96,44.96,57,54,51.1,59,46.9,45,50,37.4,37.9,32,28.9,46.9,57.02
51.8,53.6,60.98,57.2,55.04,66.02,73.04,42.08,56.3,53.1,48.9,57,46,42.1,50,37.4,37,30.9,28.9,46,53.06
53.6,53.6,60.98,57.2,50,62.06,71.96,37.04,55.8,52,48,59,45,41,50,37.4,36,30.9,27,41,50
51.8,51.8,60.98,57.2,50,60.98,71.06,35.96,55,51.1,46.9,53.1,45,39.9,48,35.6,35.1,30,26.1,42.1,51.08
51.8,46.4,60.98,55.4,48.92,57.92,68,35.06,54.3,51.1,46,54,41,39,46,32,34,28,28,36,50
51.8,46.4,60.98,55.4,48.92,55.94,68,33.98,53.8,51.1,46,54,39.9,37.9,44.1,33.8,30.9,28,26.1,34,50
51.8,46.4,60.98,53.6,46.94,55.04,66.02,30.02,53.1,50,46.9,52,39,36,42.1,32,30,28,26.1,32,50
51.8,44.6,60.08,53.6,46.04,55.04,66.02,26.96,53.4,48.9,46.9,53.1,37.9,36,41,33.8,28.9,28,25,30,48.02
51.8,46.4,60.08,53.6,48.02,55.04,64.94,33.08,53.6,48,46.9,54,42.1,37.9,39.9,30.2,30.9,26.1,24.1,32,51.08
53.6,55.4,62.06,57.2,57.02,57.92,66.02,39.02,54,50,50,54,44.1,48.9,39,37.4,32,26.1,28.9,36,57.02
53.6,55.4,62.96,60.8,62.96,59,69.98,48.02,55.6,53.1,50,54,46.9,55,42.1,42.8,37,27,34,42.1,60.08
53.6,57.2,64.94,66.2,66.92,62.06,73.04,53.96,57.4,55.9,52,54,48,64,43,46.4,44.1,27,37,46.9,64.04
55.4,59,66.92,69.8,69.98,66.92,80.96,55.04,59,60.1,54,54,53.1,68,45,48.2,48,32,39.9,50,66.92
55.4,62.6,68,73.4,73.94,69.08,84.02,59,58.6,62.1,55.9,54,55.9,70,46.9,51.8,53.1,30.9,44.1,55,66.02
55.4,68,68,73.4,77,71.96,87.98,55.04,58.3,66,59,55,57.9,73,48,55.4,60.1,34,46.9,59,62.96
55.4,66.2,68,73.4,78.98,73.94,89.96,53.96,57.9,69.1,61,55,57.9,73,50,57.2,62.1,35.1,48,62.1,64.94
55.4,66.2,66.92,73.4,80.96,77,91.94,55.94,57.6,71.1,64,55,57.9,73.9,52,60.8,64,36,51.1,64,66.02
55.4,66.2,66.92,73.4,82.04,78.08,93.02,57.92,57.4,68,64.9,54,60.1,73.9,53.1,62.6,64,37,54,66,69.98
53.6,64.4,66.02,71.6,82.94,77,93.02,55.94,57,66.9,64.9,54,60.1,75,52,64.4,64.9,39,54,66.9,64.04
53.6,64.4,64.94,69.8,82.04,78.08,93.02,53.06,55.9,66.9,62.1,54,60.1,75,50,64.4,64,39,53.1,69.1,64.04
53.6,62.6,62.96,69.8,80.06,73.94,91.94,51.08,55,64,57,55,59,73.9,50,64.4,63,36,53.1,68,59
53.6,59,62.06,66.2,71.06,71.06,89.96,48.02,54,62.1,52,54,57,66.9,48.9,60.8,59,34,50,66,61.52
51.8,57.2,62.06,64.4,64.94,68,82.94,44.06,52.3,60.1,50,48.9,55.9,55.9,45,51.8,54,30,46,55.9,61.34
51.8,53.6,60.98,64.4,62.96,66.02,80.06,41,50.5,60.1,50,48,52,54,43,48.2,50,28.9,45,50,60.62
51.44,52.88,60.8,63.14,60.8,64.58,78.62,41.54,50.5,57.6,50.4,48.9,48.9,54,43.7,45.9,48.4,29.5,43.5,47.3,59.18
51.08,51.98,60.8,61.88,58.64,63.14,77.18,42.08,50.4,54.9,50.9,49.6,45.7,54,44.4,43.5,46.9,29.7,42.1,44.6,57.2
50.72,51.26,60.62,60.62,56.48,61.7,75.74,42.62,50.4,52.3,51.3,50.5,42.6,54,45.1,41.2,45.3,30,40.6,41.9,55.04
50.54,50.54,60.44,59.18,54.5,60.26,74.3,43.34,50.2,49.8,51.8,51.4,39.4,54,45.9,39,43.7,30.2,39.4,39,53.42
50.18,49.82,60.26,57.92,52.34,58.82,72.86,43.88,50.2,47.3,52.2,52.3,36.3,54,46.6,36.7,42.1,30.6,37.9,36.3,52.34
49.82,48.92,60.26,56.66,50.18,57.38,71.42,44.42,50,44.6,52.7,53.1,33.1,54,47.3,34.3,40.6,30.7,36.5,33.6,51.8
49.46,48.2,60.08,55.4,48.02,55.94,69.98,44.96,50,42.1,53.1,54,30,54,48,32,39,30.9,35.1,30.9,51.62
49.64,46.4,59,53.6,44.96,55.94,64.94,37.04,48.9,39,53.1,54,28.9,55.9,48.9,30.9,39.9,30.9,34,28.9,51.08
50.36,48.2,59,53.6,46.04,55.94,64.04,41,48.9,41,53.1,54,32,57,48.9,30.9,39,32,32,27,50.18
51.62,53.6,62.96,55.4,51.08,62.06,66.92,55.04,50,45,54,54,34,57.9,54,39.9,39,33.1,34,30.9,51.98
52.52,55.4,64.94,59,55.94,66.92,73.04,64.04,52,53.1,55.9,54,37,60.1,57.9,46.9,39,35.1,37,37.9,55.94
51.26,57.2,64.04,60.8,59,71.96,75.92,69.08,57,55.9,55.9,54,43,62.1,61,54,39.9,37,39,41,53.96
52.34,59,62.96,62.6,59,75.92,80.06,73.94,55.9,62.1,57,54,45,66,66.9,60.1,39.9,39,41,41,57.02
51.98,60.8,64.94,66.2,64.04,78.08,82.04,77,59,66.9,61,55.9,46.9,66.9,69.1,64,39.9,41,42.1,42.1,55.94
52.88,62.6,66.02,68,64.94,80.06,84.92,80.06,59,70,63,57.9,48.9,68,73,69.1,39.9,43,42.1,45,53.96
54.14,62.6,68,69.8,66.02,82.04,87.08,82.04,59,73.9,64,60.1,51.1,70,75.9,72,41,46,45,39.9,53.96
53.6,64.4,66.92,69.8,66.92,82.94,89.06,82.94,57.9,75.9,63,59,51.1,70,77,73,46.9,48.9,37.9,44.1,57.02
51.44,64.4,66.02,69.8,68,84.92,89.96,84.02,57.9,77,63,57.9,55,70,78.1,73.9,44.1,50,37.9,44.1,55.94
51.08,64.4,66.02,69.8,68,86,89.96,84.92,54,77,63,57.9,51.1,68,80.1,73.9,46,51.1,39.9,42.1,55.94
51.8,62.6,66.02,66.2,66.92,84.92,86,84.92,55,75.9,64,57.9,50,64,80.1,73.9,46.9,52,42.1,46,55.04
50.18,60.8,62.06,64.4,64.94,80.06,80.96,80.06,54,73,62.1,57.9,50,61,80.1,73,46,51.1,39,48,55.04
48.92,60.8,62.06,62.6,62.06,78.08,75.92,75.02,53.1,69.1,61,57,46.9,59,75.9,69.1,44.1,48.9,39,46,53.96
47.12,60.8,60.98,62.6,57.92,75.02,71.96,69.08,52,64,57,57,43,55,72,63,42.1,45,37,46,53.96
47.48,59,60.08,60.8,55.04,71.06,68,62.96,51.1,62.1,57,55.9,41,55.9,68,61,43,42.1,36,39.9,53.06
47.12,59,59,60.8,53.96,66.92,64.94,60.08,50,57.9,55,54,39,55,63,57.9,41,43,34,37.9,51.98
46.76,59,57.92,59,53.06,64.04,64.04,55.04,50,55,52,53.1,37.9,51.1,63,46.9,39.9,41,33.1,37.9,51.98
47.3,57.2,59,57.2,51.98,60.08,60.98,51.98,48.9,53.1,52,51.1,35.1,54,60.1,46.9,37,39.9,30,35.1,51.98
47.3,57.2,60.08,57.2,51.08,60.08,59,53.06,48.9,50,50,50,36,48,57.9,41,33.1,39.9,32,34,51.08
46.94,57.2,57.92,57.2,51.08,60.08,57.02,46.94,48.9,48.9,48.9,48,34,50,57,42.1,33.1,41,32,33.1,51.08
46.58,57.2,57.92,55.4,50,59,55.94,48.02,48.9,50,48,48,34,53.1,55,39.9,35.1,41,32,32,50
46.22,57.2,57.92,55.4,48.92,59,55.94,46.94,48,46,46,50,32,53.1,55,39,36,42.1,32,30.9,48.92
45.86,57.2,57.92,55.4,46.04,55.94,55.04,44.06,48,46.9,46.9,50,32,48,53.1,37.9,36,42.1,33.1,28.9,48.92
46.04,57.2,57.92,55.4,46.04,57.02,53.96,51.08,48,46,48,51.1,36,50,53.1,37,36,44.1,33.1,28.9,50
46.94,57.2,60.98,57.2,51.08,60.98,55.04,60.08,48.9,52,50,51.1,39.9,57,55,46,37,48.9,32,30.9,51.08
47.84,57.2,62.96,59,55.94,64.04,57.92,68,50,55,52,52,43,60.1,60.1,55,39.9,53.1,33.1,37.9,51.98
49.64,57.2,64.94,62.6,59,66.92,62.06,73.94,51.1,57.9,57.9,53.1,45,62.1,66,55.9,41,57.9,35.1,42.1,53.96
50.54,57.2,64.94,64.4,62.96,71.06,64.94,78.98,53.1,61,61,55,48,64,70,59,43,61,42.1,46,55.04
51.26,59,66.92,68,64.94,73.94,66.02,82.04,55,64,64,59,48.9,66.9,72,62.1,44.1,62.1,46,46.9,55.94
51.8,60.8,68,69.8,68,75.92,69.08,86,55,68,66,59,48,69.1,75.9,66.9,45,66,46.9,50,55.94
50.9,62.6,69.98,69.8,69.98,80.96,71.96,87.08,53.1,70,69.1,63,48.9,71.1,78.1,71.1,46.9,66,46.9,48,57.92
49.82,64.4,71.96,69.8,73.04,82.04,73.94,87.08,54,70,69.1,62.1,48,71.1,81,71.1,48,66.9,48.9,50,59
50,64.4,71.06,71.6,73.04,82.94,75.92,87.98,53.1,70,70,64,48,64.9,82.9,70,50,70,48.9,52,59
49.82,62.6,69.08,68,71.96,84.02,75.92,89.06,53.1,69.1,70,64.9,46.9,71.1,84,68,48.9,69.1,48.9,51.1,60.08
49.64,57.2,66.92,66.2,69.08,82.94,77,87.98,52,68,71.1,63,46,69.1,84,68,48.9,68,48.9,52,60.08
49.28,57.2,64.04,64.4,62.06,80.96,77,86,54,64.9,70,62.1,44.1,66,82.9,66,48,62.6,48.9,51.1,57.92
48.38,55.4,62.06,64.4,55.94,77,75.92,75.92,53.1,60.1,66.9,57.9,43,64.9,81,63,46.9,64.4,48,48,55.94
48.02,53.6,62.06,62.6,53.96,73.94,71.96,69.98,50,57,63,55,42.1,60.1,77,57.9,43,60.1,45,45,55.04
48.2,53.6,60.98,62.6,53.06,71.96,69.08,66.92,48.9,54,59,54,41,59,71.1,57,42.1,55.9,43,43,55.04
49.46,53.6,60.08,60.8,51.98,69.08,66.02,66.02,46,52,55.9,55.9,41,57,64.9,55.9,39.9,53.1,41,41,53.96
49.64,53.6,60.08,60.8,51.08,66.92,64.04,60.08,43,50,54,54,39.9,55.9,63,55,39.9,55,37.9,36,51.98
49.46,51.8,60.08,57.2,51.08,64.94,62.06,57.92,42.1,48.9,53.1,51.1,39.9,51.1,61,52,39,54,35.1,35.1,51.98
48.92,51.8,59,57.2,50,62.96,60.98,51.98,39.9,48,52,48.9,39.9,45,60.1,46,37.9,53.1,30.9,37,51.08
48.56,51.8,59,55.4,48.92,60.98,60.08,50,39.9,46.9,51.1,50,39,42.1,59,45,37.9,53.1,30,37,53.06
48.38,51.8,57.92,57.2,48.92,59,60.08,53.06,41,44.1,48.9,48.9,37,45,57.9,42.1,36,39.9,30,37.9,48.02
47.84,51.8,57.02,57.2,48.02,57.02,60.08,48.92,39.9,43,48,46,36,37.9,55,37.9,37,37,30.9,37,50
47.3,51.8,57.02,55.4,48.02,55.94,59,46.94,39.9,42.1,48.9,46.9,35.1,37,53.1,37.9,34,34,32,36,50
47.3,53.6,57.92,55.4,48.02,55.94,57.92,53.06,42.1,43,48.9,48,37.9,41,55,39.9,37.9,32,34,36,51.08
47.66,53.6,59,57.2,51.98,59,60.08,60.98,46,46.9,53.1,50,39.9,48.9,55.9,46,39,30.9,35.1,41,51.98
48.56,55.4,60.98,60.8,55.94,64.04,60.98,71.06,52,51.1,55,54,42.1,57,62.1,51.1,44.1,30,37.9,44.1,53.06
49.82,57.2,62.96,64.4,57.02,69.08,64.04,77,54,55.9,57,55.9,44.1,61,64,55.9,48,28.9,39,46.9,53.96
47.84,57.2,64.94,68,59,71.96,66.92,82.04,55,61,63,60.1,46,64,69.1,63,54,30.9,45,48.9,55.04
51.8,60.8,66.02,69.8,64.04,77,71.06,86,54,66,68,64.9,48,68,73.9,66,55.9,32,48.9,52,55.94
51.8,64.4,68,71.6,66.92,80.06,73.94,91.04,57.9,69.1,66.9,64.9,48.9,70,77,72,57.9,32,51.1,55,57.92
50.54,64.4,69.98,71.6,71.06,82.94,75.02,91.94,59,73,71.1,68,48.9,73,78.1,75,60.1,33.1,55,55.9,59
51.08,64.4,69.08,73.4,71.96,84.02,75.92,91.94,59,78.1,73.9,69.1,51.1,73.9,80.1,75.9,62.1,35.1,55.9,57.9,60.08
50,66.2,69.08,71.6,71.96,84.92,78.08,91.94,57.9,82.9,73,70,51.1,75,81,77,64,37,55,55.9,60.08
53.24,64.4,69.08,71.6,73.04,84.92,78.98,91.04,57,82,71.1,71.1,52,75.9,82,78.1,64.9,39.9,55.9,51.1,60.08
49.64,62.6,68,68,71.96,84.02,78.98,89.06,57,81,69.1,71.1,51.1,75,82.9,75,64.9,39.9,54,48.9,60.98
50.54,59,66.02,64.4,68,82.04,78.98,86,54,79,66.9,70,48.9,72,82,73.9,64,42.1,52,42.1,59
49.1,57.2,62.96,62.6,60.98,78.98,78.08,82.04,52,73,64.9,66.9,46,66,81,70,61,41,51.1,42.1,55.04
47.48,55.4,62.96,62.6,57.92,73.94,75.02,77,48,68,63,64.9,43,60.1,77,66,57.9,37.9,48,42.1,55.94
46.94,55.4,62.96,62.6,55.94,73.94,73.04,69.08,46.9,64.9,63,63,42.1,57.9,73,57.9,55.9,34,46.9,41,55.94
46.22,55.4,62.06,60.8,53.96,71.96,69.98,68,46,61,62.1,57.9,41,53.1,69.1,59,53.1,36,44.1,37,55.94
46.22,53.6,62.06,60.8,51.08,66.92,69.08,62.96,42.1,60.1,62.1,54,41,57.9,66,57,53.1,34,42.1,37,48.92
44.78,53.6,62.06,60.8,48.92,66.02,66.02,60.98,41,59,61,52,39,53.1,64,57,53.1,36,41,37.9,50
43.88,53.6,62.06,60.8,46.94,64.04,62.06,57.02,43,55,61,52,39,46,63,57.9,53.1,36,37,39,51.98
44.78,53.6,62.06,59,44.96,62.06,60.98,51.08,43,52,59,51.1,37.9,44.1,62.1,55.9,52,39,35.1,36,48.02
44.24,53.6,60.98,57.2,44.96,60.98,59,53.06,41,50,57.9,52,36,42.1,60.1,54,51.1,39.9,36,37,48.02
43.34,53.6,60.08,57.2,44.06,60.08,59,46.94,41,48.9,57.9,52,35.1,44.1,59,53.1,52,39,36,37,46.94
42.8,53.6,60.08,57.2,44.06,57.02,57.92,46.94,42.1,46.9,59,51.1,36,41,55.9,53.1,52,39,36,37,44.96
43.7,53.6,60.98,57.2,44.96,57.92,57.02,51.98,43,48,59,53.1,37,44.1,53.1,52,52,39.9,37,36,48.92
45.5,55.4,62.06,57.2,51.08,60.98,60.98,62.96,46,55,60.1,55.9,37,51.1,57,53.1,54,42.1,39,37.9,51.08
47.84,55.4,62.96,60.8,57.92,66.92,66.02,71.96,48.9,60.1,62.1,59,41,59,64.9,54,55,45,42.1,39.9,51.98
49.46,57.2,64.04,60.8,62.96,69.98,73.04,77,51.1,64,64,63,46,64.9,70,55.9,60.1,46.9,45,42.1,53.06
51.62,59,66.02,63.86,68,73.04,78.08,82.94,55,68,68,66.9,51.1,69.1,73,60.1,66,50,48,44.1,53.96
51.26,60.8,66.92,66.2,71.06,75.92,82.04,86,55.9,73.9,71.1,68,53.1,71.1,78.1,63,71.1,51.1,52,46.9,53.06
51.8,64.4,68,69.8,75.92,80.06,84.02,89.06,55.9,79,73,70,54,73,80.1,64.9,55.9,57,53.1,48.9,53.96
53.06,64.4,66.92,71.6,78.98,82.04,86,89.96,55.9,81,75,72,55.9,75,82.9,69.1,64.9,59,55,48.9,55.04
53.06,64.4,66.92,73.4,78.98,87.08,87.08,91.04,55.9,82.9,77,75,55.9,75.9,84,68,63,59,57,50,55.04
53.96,64.4,66.92,71.6,80.06,86,87.98,89.96,55.9,81,78.1,75.9,55.9,75.9,87.1,68,66.9,60.1,57,52,55.94
53.06,60.8,66.92,71.6,80.06,82.94,89.06,87.98,55,77,79,75,57.9,77,88,66,64,57,59,53.1,55.04
52.7,62.6,64.94,66.2,78.98,80.96,89.06,86,54,71.1,78.1,73.9,57,77,87.1,66,64,55.9,57.9,53.1,55.94
51.44,59,64.04,62.6,75.92,78.98,87.98,82.94,53.1,68,77,73,55.9,75.9,88,64,62.1,55,55.9,54,55.94
49.64,57.2,62.96,60.8,71.06,75.92,87.08,78.08,51.1,66.9,73,72,54,66.9,82.9,62.1,57.9,55,55,52,53.96
46.76,55.4,62.96,60.8,66.02,75.02,80.06,75.92,51.1,62.1,69.1,66.9,52,57.9,80.1,57.9,55,53.1,50,48.9,51.08
45.68,55.4,62.06,60.8,62.06,69.98,77,71.96,50,61,66,64,50,61,77,57,53.1,48,48,48.9,48.02
42.98,55.4,62.06,60.8,60.98,66.92,75.02,66.92,50,60.1,61,66,48,55.9,77,57.9,52,46.9,46.9,48,48.02
41.36,53.6,62.06,60.8,57.02,66.02,73.04,64.04,48.9,57.9,59,61,48,52,68,50,48.9,44.1,46.9,46,48.92
39.56,53.6,60.98,60.8,55.94,62.96,71.06,62.96,48.9,57,60.1,62.1,48,48.9,62.1,48,48,43,48,46.9,50
38.66,53.6,60.98,60.8,55.04,60.98,68,62.96,48,55.9,57.9,59,45,48.9,59,52,44.1,42.1,46,46,48.92
37.94,53.6,60.98,59,48.92,59,68,59,48,57,59,57,46,48,57,50,46,41,44.1,45,48.92
37.58,53.6,60.08,59,50,57.92,68,48.02,46.9,54,57.9,57,46,46,54,48,43,41,44.1,41,48.92
37.04,53.6,60.08,59,48.92,55.94,66.02,48.92,45,54,57.9,55.9,44.1,46,51.1,46.9,41,41,43,43,48.02
36.14,53.6,60.08,57.2,48.92,55.94,66.92,46.94,42.1,52,57.9,55,44.1,46,50,46.9,42.1,37.9,44.1,42.1,48.02
37.58,53.6,60.08,57.2,48.92,55.94,62.06,50,42.1,51.1,59,57,46.9,50,48,48,45,37,44.1,43,48.02
45.14,55.4,62.06,57.2,57.02,57.92,69.08,60.98,43,53.1,59,57,48,55,52,48.9,45,42.1,46,45,48.02
49.46,57.2,64.04,59,62.96,60.08,73.94,69.08,46,55.9,60.1,60.1,50,61,54,50,50,44.1,46.9,46.9,48.02
51.26,59,66.02,60.8,66.92,62.96,78.08,77,46.9,60.1,61,60.1,50,63,57,51.1,53.1,46.9,51.1,48.9,48.02
51.62,60.8,66.92,62.6,69.98,66.02,82.94,80.06,48.9,64,62.1,64,51.1,68,63,51.1,55,45,53.1,52,48.02
53.42,62.6,68,60.8,75.92,69.98,87.08,82.94,51.1,66.9,63,66,53.1,73.9,66.9,48,59,46,55.9,53.1,48.02
53.06,62.6,69.08,62.6,80.96,73.04,91.04,84.92,52,71.1,66.9,72,53.1,73,71.1,46.9,60.1,45,57,55.9,46.94
53.6,62.6,68,64.4,82.94,73.94,91.94,84.92,52,72,72,73.9,57,78.1,77,46.4,61,48.9,61,60.1,46.94
53.78,62.6,68,66.2,84.02,77,95,87.08,53.1,72,75,75.9,57,79,79,46,64.9,52,63,61,46.04
54.5,62.6,66.02,64.4,84.92,77,96.08,87.08,54,69.1,77,75.9,59,80.1,81,48,64.9,51.1,63,61,46.94
55.22,60.8,64.94,62.6,84.02,77,96.98,84.92,52,64.9,78.1,77,60.1,82,82,48.9,64,48,61,60.1,48.02
55.76,60.8,64.04,59,82.94,77,96.98,84.02,48.9,62.1,78.1,73,57.9,81,81,48,66,50,53.1,60.1,48.02
55.94,57.2,62.96,59,80.06,75.02,96.08,78.08,48,61,73,73.9,57.9,80.1,81,50,64,51.1,55.9,55.9,48.02
51.26,55.4,62.96,59,73.94,71.96,96.08,73.04,46,59,71.1,69.1,54,72,77,48.9,62.1,46.9,55.9,55,48.02
49.46,53.6,62.96,57.2,69.08,69.98,87.98,66.02,45,57.9,68,64.9,54,63,72,46,60.1,42.1,55,52,48.02
47.48,53.6,62.06,57.2,64.94,68,87.08,69.08,45,57,66.9,66,52,61,70,43,57.9,39.9,52,48,44.96
47.12,51.8,62.06,57.2,62.96,66.02,80.96,62.06,44.1,55,66,64,51.1,61,64,39.9,55,34,50,46.9,42.98
43.7,51.8,62.06,57.2,60.98,62.06,78.98,60.08,43,52,64,62.1,51.1,60.1,60.1,35.1,54,36,50,48.9,44.06
42.98,51.8,60.98,57.2,60.08,59,77,59,44.1,51.1,64,57.9,50,57,57.9,36,48,33.1,50,48,44.06
43.16,51.8,60.98,57.2,57.92,57.02,75.92,55.94,44.1,50,59,57,46,55,57,36,50,32,48,46.9,42.98
41.72,51.8,60.98,57.2,53.96,55.94,71.96,48.92,44.1,50,57,59,45,53.1,55,34,50,34,48,46.9,42.98
41.9,51.8,60.08,55.4,53.06,53.96,69.98,46.04,44.1,48.9,57,54,44.1,52,53.1,34,50,30.9,46.9,46,39.02
41,50,60.08,55.4,51.08,51.98,69.08,46.04,39.9,48,57,55.9,39.9,51.1,53.1,35.1,45,30.9,46.9,45,37.94
40.64,51.8,60.98,55.4,50,51.08,66.92,41,37.9,48,55.9,55,41,51.1,51.1,35.1,46,28.9,46.9,44.1,39.02
41.72,50,60.98,55.4,53.06,51.08,68,48.92,41,48.9,57.9,57.9,42.1,55.9,50,37,46.9,32,46,45,42.08
48.2,53.6,62.06,57.2,57.02,55.94,69.98,57.02,42.1,50,60.1,60.1,42.1,57.9,53.1,39,48,39.9,48,45,46.94
50.18,55.4,62.96,59,62.06,60.98,75.92,62.06,45,55,64.9,64,43,62.1,55,42.1,53.1,44.1,48.9,46,50
55.04,55.4,64.94,60.8,66.92,64.94,84.92,69.08,46,55,66,66.9,44.1,66,57.9,46.9,57.9,45,51.1,46.9,50
54.86,57.2,66.02,62.6,71.06,68,87.98,73.94,46.9,57.9,66.9,69.1,48.9,71.1,66,52,63,45,52,46,53.06
57.2,57.2,66.92,64.4,73.94,71.96,93.02,75.02,50,59,70,70,51.1,73.9,72,53.1,66,46.9,53.1,46,53.06
57.38,57.2,68,64.4,75.92,73.94,96.98,78.08,52,60.1,73.9,73,55,77,75,46.9,68,48.9,51.1,46,55.04
59.72,59,68,64.4,78.08,75.92,96.08,80.96,54,61,75.9,75,57,82,77,48,72,51.1,51.1,46.9,55.94
53.78,57.2,66.92,66.2,78.98,78.08,96.98,82.04,53.1,64,73.9,75,57.9,82.9,80.1,48,62.1,50,54,48,57.02
49.28,55.4,66.02,64.4,77,78.08,98.06,77,53.1,63,75.9,75,59,77,79,48,59,46.9,55,48.9,57.92
49.1,53.6,66.02,64.4,73.04,78.08,98.96,75.92,54,64,75,71.1,60.1,70,81,51.1,54,46.9,54,48.9,57.92
48.02,51.8,66.02,64.4,69.08,77,98.96,77,55,63,70,68,57.9,69.1,80.1,52,55.9,45,53.1,48.9,57.92
50.18,51.8,64.04,64.4,64.94,75.02,98.96,77,52,59,71.1,66.9,57,68,81,52,57,43,52,48,57.92
49.28,51.8,62.96,62.6,59,69.98,96.98,71.96,51.1,55.9,69.1,66,55.9,66.9,77,51.1,52,39.9,52,46.9,57.92
46.22,51.8,62.96,60.8,55.94,62.96,91.04,62.06,50,52,68,63,50,64,72,50,50,37,51.1,46,55.04
42.08,51.8,64.04,59,55.04,57.02,87.08,62.06,50,48.9,64.9,63,48.9,64,70,48.9,50,34,50,45,51.98
40.64,51.8,62.06,59,53.06,57.02,82.04,57.92,50,48,64,62.1,46.9,64.9,66,48,48.9,33.1,48.9,44.1,53.06
40.46,51.8,62.06,57.2,51.98,59,82.04,53.06,50,45,62.1,62.1,45,61,62.1,48.9,48,32,48,44.1,53.06
40.28,53.6,60.98,57.2,51.98,60.98,78.98,48.92,50,44.1,60.1,60.1,44.1,60.1,62.1,44.1,48,30.9,46.9,44.1,50
39.2,53.6,60.08,57.2,51.08,55.94,77,48.92,48.9,43,57.9,60.1,44.1,60.1,60.1,43,46,30.9,46.9,44.1,46.04
39.74,51.8,60.98,55.4,51.08,55.94,75.92,44.06,48.9,39,59,55.9,42.1,60.1,60.1,43,45,30.9,46.9,44.1,46.04
39.02,51.8,60.98,55.4,51.08,55.94,75.02,46.94,48.9,39,57.9,57.9,41,60.1,57,42.1,46.9,32,46.9,43,42.98
38.66,53.6,62.06,55.4,50,53.96,73.04,42.98,48,37.9,55.9,55.9,42.1,61,55.9,39.9,45,30.9,46,42.1,46.94
35.96,53.6,60.98,53.6,50,53.96,73.94,42.08,48,36,57,57,42.1,52,53.1,39.9,45,30,46.9,42.1,46.04
38.12,53.6,60.98,55.4,50,53.96,71.06,46.94,48,39.9,57.9,55.9,42.1,54,54,39.9,44.1,30,48,42.1,48.02
44.06,55.4,60.98,55.4,55.04,55.94,73.94,57.92,48.9,43,59,57.9,44.1,61,62.6,39.9,46.9,30,48,42.1,53.06
48.92,55.4,62.96,59,59,59,78.98,64.94,51.1,48.9,60.1,64,46,66.9,66,39.9,51.1,28.9,48.9,42.1,55.94
50.72,57.2,64.94,62.6,62.06,62.06,86,71.06,51.1,54,61,61,48,71.1,68,41,53.1,30,51.1,43,59
51.98,57.2,68,64.4,66.92,66.02,89.96,75.92,52,57,63,64,52,73.9,73,41,55.9,30,54,43,59
52.7,59,68,66.2,69.08,66.92,93.92,77,54,60.1,66,66.9,53.1,75.9,73.9,42.8,54,30.9,57,44.1,60.08
52.52,59,68,66.2,69.98,69.98,96.08,80.06,55.9,62.1,68,66.9,57,77,75.9,43,54,32,57,44.1,60.98
53.24,60.8,69.08,66.2,73.04,71.06,96.98,80.96,55.9,66,70,69.1,59,79,79,44.1,53.1,32,57,45,62.96
53.42,59,69.08,66.2,75.02,71.96,98.96,82.04,55,69.1,73,70,61,79,80.1,46,57,30.9,60.1,46.9,66.02
53.6,59,69.08,66.2,75.02,71.96,98.96,82.04,54,70,75,71.1,63,81,81,45,54,30.9,60.1,48,64.94
53.24,60.8,68,66.2,75.02,71.96,100.94,80.06,55,71.1,75.9,72,64,81,81,45,54,30.9,61,50,64.94
51.98,60.8,66.02,64.4,73.94,71.96,100.04,77,54,71.1,75,71.1,62.1,78.1,82,46,53.1,32,59,50,64.94
51.26,59,64.94,62.6,71.06,71.06,98.96,73.94,54,69.1,73,70,60.1,75.9,81,48,50,32,55.9,50,62.96
48.92,59,64.04,62.6,66.92,69.98,95,71.06,50,64,70,66,57,75,78.1,48,46.9,30.9,54,48.9,62.06
46.94,60.8,64.04,62.6,62.96,69.08,89.06,66.92,48.9,57.9,66.9,62.1,53.1,70,75,45,44.1,30,51.1,48.9,59
45.68,60.8,62.96,60.8,60.08,68,86,64.04,48.9,54,64,57.9,51.1,68,73,44.1,43,30,48.9,46.9,55.94
44.96,59,62.96,59,59,66.02,80.96,60.08,50,52,61,57,51.1,66,69.1,45,39.9,28,44.1,44.1,55.04
46.4,59,62.06,57.2,57.02,64.94,78.08,55.04,48.9,52,57.9,57,48.9,63,66.9,44.1,37.9,28,42.1,44.1,51.98
46.04,57.2,62.06,57.2,55.04,64.04,77,48.92,46.9,46.9,55.9,55.9,46,57,72,42.1,37.9,27,39.9,44.1,51.98
44.78,57.2,62.96,55.4,51.08,64.04,73.94,50,50,48.9,55,53.1,44.1,60.1,66,39,37.9,27,39,43,50
42.98,57.2,62.06,55.4,51.98,62.96,73.94,42.98,48.9,48,54,51.1,43,50,66,37.9,35.1,27,37.9,44.1,50
42.26,57.2,60.98,55.4,55.04,62.96,75.02,41,48,48,54,50,42.1,46,64,39,37,27,36,43,48.92
41.72,57.2,60.08,55.4,53.96,62.96,75.02,37.94,48.9,46.9,54,48,39.9,41,64.9,39,35.1,28,35.1,43,48.02
41.36,57.2,60.08,55.4,51.98,62.96,73.94,39.02,48,46,54,48.9,41,39.9,60.1,39,36,27,35.1,42.1,46.94
41.54,60.8,60.08,53.6,55.04,64.04,75.92,46.94,48.9,48,54,50,45,48,59,37.9,37.9,27,34,42.1,46.94
45.32,59,62.06,55.4,59,66.02,73.94,51.98,51.1,48.9,55,48.9,51.1,55.9,60.1,42.1,41,28,39.9,43,46.94
49.28,59,62.96,59,62.06,69.08,78.98,62.96,52,51.1,55.9,52,55,63,62.1,43,45,28.9,46,45,50
51.62,62.6,66.02,62.6,66.02,71.96,82.94,66.92,53.1,54,57,53.1,59,66,64,48,48,30,48.9,48.9,50
52.16,62.6,68,64.4,69.98,73.94,87.08,73.04,54,57,59,55.9,62.1,71.1,64.9,48.9,51.1,30,51.1,52,51.08
52.52,64.4,69.08,66.2,73.94,75.02,89.96,75.02,55,57.9,60.1,55.9,63,73.9,66,54,53.1,32,54,55,51.98
52.88,62.6,68,66.2,77,77,91.94,77,55.9,59,64,55.9,64.9,75.9,66.9,54,55,33.1,57,59,53.96
52.88,66.2,71.06,68,78.98,77,93.92,82.04,57.9,61,69.1,57.9,66,79,69.1,55.9,55,36,60.1,61,53.96
53.06,66.2,66.02,69.8,80.96,78.08,96.98,82.94,59,60.1,71.1,62.1,68,79,71.1,57,57,37,60.1,64,53.96
53.24,64.4,66.02,69.8,80.96,80.06,98.06,82.94,55.9,55.9,73.9,64,68,79,72,57.9,57,37,60.1,64,55.94
53.06,62.6,64.94,68,80.06,80.06,96.98,82.04,57,57,75,66,68,81,71.1,59,57.9,37,57.9,64.9,57.02
52.16,62.6,64.94,66.2,78.98,78.08,96.08,82.04,54,54,73.9,66.9,69.1,80.1,71.1,54,59,39,60.1,63,57.92
50.54,60.8,62.96,64.4,77,75.92,91.94,82.04,54,51.1,71.1,64.9,66.9,78.1,70,55,59,39,60.1,64.9,57.02
48.56,57.2,62.96,62.6,69.98,73.04,89.96,75.92,51.1,52,68,61,64,73.9,69.1,54,57,37.9,57,60.1,55.04
46.58,57.2,62.06,60.8,64.94,69.98,87.08,66.92,50,50,64,57.9,59,57.9,66,52,54,33.1,55,60.1,53.96
46.94,55.4,62.06,59,60.08,69.08,82.94,62.96,48.9,50,62.1,59,57.9,57.9,63,48,51.1,30,48.9,50,51.08
46.22,55.4,62.06,57.2,55.04,66.02,80.96,60.98,46.9,48.9,59,57,53.1,54,62.6,48,51.1,28.9,46,51.1,53.06
45.68,55.4,62.06,57.2,53.96,64.04,78.08,55.94,46,48.9,57,55,50,52,59,45,50,30,44.1,46.9,51.98
45.14,55.4,62.06,57.2,48.92,62.96,77,53.06,46.9,46.9,55.9,54,48,54,57,44.1,46.9,30,42.1,43,50
42.8,55.4,62.06,55.4,51.08,60.98,75.92,51.98,46.9,46,54,50,46.9,53.1,54,42.1,46,28.9,39.9,43,46.94
39.2,55.4,62.06,57.2,50,59,73.4,44.06,46.9,45,53.1,51.1,45,48.9,52,39.9,43,28.9,37.9,39,46.94
37.04,55.4,62.06,55.4,50,57.02,71.06,42.08,48,45,52,52,44.1,46.9,50,39.9,42.1,28.9,37,41,48.02
35.06,55.4,62.06,55.4,48.92,57.02,71.06,42.98,48,45,53.1,52,46,50,48,39.9,39.9,28.9,37,41,48.02
34.34,55.4,62.06,55.4,48.02,55.94,71.96,41,48.9,45,54,52,48,50,46.9,39.9,39.9,28,35.1,39,48.92
35.06,55.4,60.98,57.2,51.98,55.94,71.96,50,48.9,45,54,52,48.9,53.1,46,42.1,43,30,35.1,37.9,48.02
42.08,57.2,60.98,57.2,55.94,60.08,73.94,60.08,50,45,55,52,50,57,46.9,42.1,46,33.1,42.1,44.1,50
48.74,57.2,62.06,59,60.98,62.96,73.94,68,51.1,46.9,55,53.1,51.1,57.9,50,44.1,55.9,35.1,48.9,46,51.98
50,57.2,64.94,59,64.94,66.92,75.92,71.96,51.1,46.9,57,53.1,53.1,57.9,54,52,61,39,53.1,48,51.98
50.18,60.8,68,55.4,68,69.98,77,75.92,52,50,59,54,54,59,55.9,55,66,39.9,57,51.1,53.96
50.54,61.88,68,57.2,69.98,73.04,82.04,80.06,52,50,59,55,54,62.1,60.1,55,69.1,43,60.1,53.1,53.96
53.42,62.6,66.92,60.8,71.96,75.92,84.92,80.96,52,48.9,57.9,57.9,57.9,63,63,55.9,72,44.1,62.1,57.9,57.02
54.14,64.4,66.92,62.6,75.02,77,84.92,84.92,52,48,57,55.9,63,66,66.9,55.9,73.9,46,64,57,57.92
53.24,64.4,66.92,62.6,77,78.08,84.92,86,53.1,52,55.9,54,63,68,68,55.9,75.9,46.9,55,59,59
53.6,64.4,66.02,64.4,77,78.98,87.08,86,52,53.1,55,53.1,66,64.9,66.9,60.1,75.9,48,57.9,61,59
52.88,62.6,66.92,64.4,75.02,80.06,86,86,52,51.1,55,51.1,64.9,61,69.1,61,75.9,48.9,57.9,62.1,60.98
51.62,60.8,66.92,66.2,71.96,77,84.92,84.92,52,48,55,52,63,60.1,66.9,60.1,75,48,55.9,61,57.92
50.54,59,64.94,64.4,68,75.92,80.96,82.04,51.1,46.9,55.9,53.1,63,59,64.9,57.9,73,48,57,62.1,59
49.64,57.2,64.04,60.8,60.98,73.94,75.02,78.08,50,44.1,55.9,50,60.1,55.9,64,54,72,46.9,57.9,60.1,55.04
46.58,55.4,64.04,60.8,57.02,71.06,69.98,73.94,48.9,43,54,50,54,55.9,62.1,48,71.1,46,54,54,53.06
45.5,55.4,64.04,57.2,53.96,64.94,66.92,68,48.9,42.1,54,48.9,53.1,57,61,48,64,46,52,50,51.98
44.96,55.4,64.04,55.4,51.98,62.96,64.04,62.96,46.9,42.1,53.1,48.9,52,55.9,60.1,48,61,42.1,50,44.1,51.98
39.92,55.4,62.96,53.6,51.08,60.98,62.96,60.98,46.9,42.1,53.1,50,50,55,57.9,46.9,59,37,50,44.1,51.08
38.84,53.6,62.96,51.8,50,59,60.98,59,46,42.1,52,48,48.9,54,55,46,59,37.9,44.1,42.1,48.02
38.3,53.6,62.06,51.8,50,57.92,60.08,53.06,46.9,48.9,51.1,48,48,53.1,54,46,53.1,36,39.9,39.9,46.94
39.2,53.6,62.06,50,50,55.94,60.08,46.04,45,42.1,51.1,46.9,46.9,53.1,54,46,54,35.1,39.9,39.9,46.04
41.36,51.8,60.98,50,48.92,55.94,59,46.04,46,42.1,50,46,44.1,51.1,53.1,41,55,33.1,37.9,37.9,46.94
42.08,51.8,60.98,50,48.02,53.96,57.92,48.02,44.1,41,51.1,45,41,51.1,52,39,54,30.9,37.9,37.9,44.06
42.08,51.8,60.98,53.6,46.94,53.06,57.02,51.08,44.1,41,48,46,43,50,51.1,41,52,32,37.9,37.9,44.96
43.16,51.8,60.98,57.2,48.92,53.06,55.94,60.08,43,41,50,46,48,50,51.1,43,53.1,32,39,36,48.92
46.94,53.6,60.98,57.2,53.96,55.94,57.02,71.06,44.1,41,51.1,46.9,53.1,50,52,45,55.9,36,43,42.1,51.98
48.74,55.4,62.06,59,57.02,59,60.98,77,45,43,54,48,57.9,53.1,53.1,46,60.1,39.9,48.9,45,53.96
51.26,55.4,64.04,62.6,62.06,60.08,66.02,77,45,46,55.9,51.1,62.1,57.9,54,50,64.9,43,54,50,53.96
50.72,57.2,64.04,64.4,64.94,62.96,68,75.92,46.9,46,54,55.9,66,57.9,57,53.1,71.1,46,57.9,55,55.94
50.72,59,64.04,66.2,66.02,64.04,71.06,73.04,45,46,57,57.9,68,62.1,60.1,55,73,48.9,60.1,59,57.92
51.26,60.8,64.94,69.8,69.08,66.02,73.04,73.04,48.9,46,55.9,59,71.1,62.1,55,57.9,73,52,63,63,57.92
56.48,60.8,64.94,71.6,69.98,68,75.02,75.02,50,48,57.9,55.9,73,63,48.9,55.9,72,50,64,66,60.98
57.2,60.8,66.02,71.6,71.06,69.08,75.92,73.94,51.1,46.9,61,57,73,63,48,57.9,71.1,50,66,68,62.06
52.52,59,64.94,71.6,71.06,69.08,77,73.04,51.1,48,62.1,55,73.9,63,50,53.1,66.9,51.1,66.9,70,60.98
53.78,59,66.02,71.6,69.98,66.92,77,71.96,51.1,48.9,60.1,57,73.9,63,50,52,64.9,52,69.1,71.1,62.06
52.88,57.2,62.06,71.6,68,66.02,78.08,69.98,52,48.9,57,54,73.9,60.1,48.9,52,64,52,68,71.1,60.08
53.24,55.4,60.08,69.8,64.94,64.94,78.08,66.92,51.1,48.9,57,53.1,72,57,48.9,51.1,61,51.1,68,71.1,60.08
51.8,53.6,57.92,66.2,60.98,62.06,75.92,62.06,46.9,48,54,52,69.1,54,48,48,57,48,66,70,57.92
51.26,51.8,57.92,64.4,57.02,59,71.96,59,45,46.9,50,50,64,51.1,44.6,44.1,54,46,63,64,55.94
51.26,51.8,57.92,62.6,55.04,57.02,69.08,55.94,45,46.9,51.1,46,59,46.9,44.6,42.1,52,43,59,54,55.94
50.36,51.8,57.92,62.6,53.06,55.04,66.92,53.96,45,46.9,51.1,44.1,60.1,48,44.1,39.9,52,37.9,50,54,51.98
50.54,51.8,57.02,57.2,53.06,53.06,64.94,51.08,45,46.9,50,44.1,55.9,44.1,44.1,37.9,52,39,48.9,51.1,51.08
50.36,50,57.02,57.2,50,51.08,62.96,50,45,46.9,50,44.1,52,43,44.1,36,50,36,45,48.9,51.98
50.54,50,57.02,57.2,51.98,50,60.98,46.94,46,46.9,48.9,42.1,51.1,41,45,33.1,48,36,44.1,48.9,48.02
50.18,50,57.02,55.4,51.08,48.02,60.08,46.04,46,46.9,48,41,52,37.9,45,32,46.9,35.1,41,48,48.02
50,48.2,57.02,51.8,48.92,46.94,59,46.04,44.1,46.9,48.9,39.9,52,39.9,45,30.9,46,34,39.9,45,46.94
49.82,48.2,57.92,51.8,51.98,46.94,59,46.94,44.1,46.9,45,39.9,50,39.9,44.1,30,43,35.1,39,46,46.04
50.54,48.2,57.02,50,50,46.04,59,48.02,45,46.9,42.1,41,48.9,39,44.1,28.9,42.1,34,37.9,43,44.06
50.9,48.2,57.02,53.6,53.96,46.94,55.94,48.92,45,46.9,45,42.1,53.1,39.9,43,30,46,37.9,37.9,41,51.08
52.52,53.6,60.08,57.2,60.08,50,59,53.96,46,48,50,46,57,48,44.1,33.1,48,43,46.9,48.9,57.02
53.6,55.4,60.08,62.6,62.96,53.06,62.96,57.92,46.9,48.9,53.1,48.9,61,51.1,45,36,50,46.9,53.1,52,60.08
53.78,57.2,60.98,66.2,66.92,57.92,68,59,48.9,48.9,55,50,64,53.1,46,37.9,54,51.1,59,57,62.06
55.4,59,62.06,68,71.96,62.06,69.98,62.06,48.9,54,55.9,54,69.1,55.9,46.9,42.1,55.9,53.1,62.1,61,62.96
55.58,60.8,62.06,71.6,75.92,64.94,71.96,64.04,50,55,59,55.9,73,57.9,48.9,41,57,55.9,66,64.9,64.04
55.76,62.6,64.04,73.4,78.98,68,75.02,68,48.9,55,59,57.9,75,61,48.9,42.1,57.9,59,69.1,69.1,64.94
55.04,62.6,64.04,75.2,80.06,69.08,75.92,69.98,51.1,57.9,61,57.9,78.1,61,52,43,57.9,57,71.1,72,68
59.54,62.6,62.06,75.2,82.94,69.98,78.08,71.96,51.1,57.9,62.1,61,77,62.1,52,42.1,60.1,59,72,73.9,69.98
57.74,62.6,62.06,73.4,82.94,69.98,78.98,77,51.1,60.1,62.1,57.9,79,61,55,42.1,61,60.1,73,75.9,69.98
56.12,64.4,62.96,73.4,82.94,71.06,80.96,73.04,51.1,57.9,62.1,57,80.1,63,55,44.1,62.1,60.1,73,77,66.92
53.78,60.8,62.06,71.6,80.96,71.06,80.96,69.08,48.9,59,62.1,57,77,63,55.9,43,61,57.9,73,78.1,69.08
54.14,60.8,60.98,69.8,78.08,68,80.96,59,50,59,57,54,75,60.1,55.9,42.1,60.1,57,73,75.9,66.92
53.06,57.2,60.08,69.8,73.04,64.94,80.96,53.96,50,57,55.9,53.1,72,57,53.1,42.1,57,55,69.1,73.9,66.02
52.7,55.4,60.08,69.8,66.92,62.06,77,51.98,50,55,54,51.1,68,53.1,51.1,41,54,50,66.9,69.1,66.02
53.42,53.6,59,64.4,64.94,60.98,73.94,50,50,54,53.1,51.1,64.9,48,48.9,39,53.1,50,57.9,61,62.06
51.98,53.6,60.08,62.6,62.06,59,73.94,51.08,50,52,52,53.1,60.1,48.9,46.9,37,50,48.9,57,59,57.02
51.62,53.6,60.08,62.6,62.96,55.94,71.96,48.92,50,53.1,50,48.9,57,48.9,48,36,50,46,53.1,55,57.02
51.26,51.8,60.08,60.8,60.98,53.96,64.94,46.94,50,52,50,48.9,54,48,46.9,34,46,45,51.1,53.1,59
50.72,46.4,60.08,57.2,55.04,53.96,64.04,44.96,50,48.9,48,48,54,45,48,33.1,43,45,48.9,53.1,59
50.36,44.6,59,55.4,57.02,51.08,64.04,44.06,50,50,48,48,54,36,46.9,32,43,42.1,46.9,50,53.96
50.18,44.6,59,57.2,51.08,48.92,62.96,39.92,50,50,46,46.9,53.1,34,46.9,30,43,42.1,45,48,51.98
49.82,50,59,53.6,51.08,48.02,62.06,42.08,50,50,46,46,51.1,34,46,30,43,41,43,48.9,55.94
49.46,50,57.02,53.6,48.02,46.04,57.92,39.92,50,50,45,46,54,33.1,45,30,42.1,37,42.1,43,55.94
49.1,51.8,59,57.2,51.98,48.02,60.08,44.06,48.9,51.1,46.9,45,57.9,39,45,30,45,41,42.1,42.1,57.92
48.74,51.8,60.08,62.6,60.08,53.96,62.06,51.08,48.9,52,48.9,48.9,59,48,46,33.1,48,46.9,51.1,51.1,57.02
49.64,53.6,60.98,68,68,57.02,66.02,55.04,50,53.1,51.1,51.1,64.9,52,46,33.1,51.1,50,57,55,57.92
51.62,55.4,62.06,73.4,73.04,62.06,78.08,57.92,51.1,55.9,54,55,69.1,55.9,46,36,55.9,54,62.1,60.1,57.92
52.34,55.4,64.04,77.36,77,64.94,78.08,60.08,50,59,57.9,53.1,73.9,59,46.9,39.9,61,55.9,66,64,57.92
53.6,60.8,64.04,80.6,80.06,69.08,82.94,64.04,50,62.1,57.9,57.9,80.1,61,50,44.1,64,60.1,70,68,57.92
54.5,60.8,64.94,82.4,82.04,71.96,84.92,66.92,51.1,62.1,59,59,84,62.1,53.1,46.9,68,61,73.9,73.9,57.92
54.68,62.6,66.02,82.4,87.08,73.04,86.72,69.98,51.1,64.9,61,57.9,84.9,64,55,45,71.1,61,77,77,57.92
54.5,62.6,64.94,82.4,84.92,75.02,87.98,73.04,51.1,64.9,59,59,87.1,66,57.9,48.9,73,64,78.1,80.1,59
51.98,62.6,64.04,84.2,87.08,75.92,87.08,73.04,53.1,66,61,62.1,87.1,64.9,48,48.9,73,63,79,81,57.02
54.86,62.6,62.06,84.2,84.92,75.92,89.06,75.92,53.1,68,63,63,88,64.9,53.1,53.1,75,64.9,80.1,82.9,57.02
52.34,60.8,62.06,82.4,84.92,75.92,89.06,75.92,51.1,66.9,62.1,62.1,88,64.9,54,52,77,64,79,82,55.04
50.9,59,62.06,80.6,82.94,73.94,87.98,71.96,52,64,61,61,84.9,63,51.1,51.1,75.9,64.9,80.1,82.9,55.04
50,55.4,60.98,78.8,77,71.96,87.08,68,52,59,60.1,57.9,82,57.9,52,48.9,73,62.1,79,77,55.04
49.1,53.6,60.98,75.2,73.94,68,82.04,64.04,51.1,55.9,57,54,79,54,51.1,45,72,55.9,70,71.1,53.06
48.92,53.6,60.98,71.6,69.08,66.92,77,62.96,51.1,53.1,55,51.1,73.9,54,48,43,64,55,63,64.9,51.98
48.74,53.6,60.98,68,64.94,64.94,75.92,55.94,51.1,50,53.1,48.9,73,51.1,46,37.9,66.9,48.9,57,61,51.98
48.38,53.6,60.08,66.2,60.98,62.06,75.02,59,51.1,50,50,51.1,78.1,50,46,36,64.9,48,52,66.9,51.08
46.76,53.6,60.08,66.2,59,60.08,69.08,53.96,52,51.1,50,50,69.1,48.9,44.1,33.1,63,46.9,52,66.9,50
47.3,53.6,60.08,62.6,55.04,57.92,69.98,53.96,50,51.1,48.9,48,66.9,39.9,42.1,30.9,64,48.9,48,64.9,51.08
45.32,53.6,60.08,60.8,53.96,55.94,71.06,46.94,48,48.9,46,46.9,54,39.9,39.9,30.9,61,44.1,52,57.9,51.08
44.06,51.8,60.08,60.8,51.98,53.96,66.92,42.08,46.9,48,46.9,48,51.1,37,39.9,30,57.9,43,54,57,50
42.44,53.6,60.08,60.8,48.92,51.98,68,46.04,46.9,46.9,43,46.9,48,35.1,37.9,30.9,57,46,54,55,50
39.74,51.8,60.08,57.2,50,53.06,64.94,42.98,46,46,43,42.1,45,36,37,30,54,45,55,55,48.92
42.62,53.6,60.08,60.8,51.98,53.06,66.92,46.04,46.9,48,45,46,46,43,36,32,55,46,53.1,53.1,48.92
47.66,53.6,60.08,64.4,60.08,57.92,68,55.94,48,50,48.9,51.1,46,50,39.9,41,57.9,53.1,57,55,50
50.72,53.6,60.98,71.6,62.96,62.96,73.94,62.06,48.9,54,51.1,53.1,48.9,55.9,44.1,46,60.1,59,61,59,51.08
52.34,55.4,60.98,77,68,69.08,78.08,66.02,50,57,55,57,52,60.1,46,48.9,62.1,64.9,57,54,53.96
51.98,57.2,62.06,80.6,71.96,71.96,82.94,69.08,53.1,59,57,60.1,54,64,50,53.1,64,68,51.1,50,51.98
52.34,57.2,62.06,82.4,77,75.92,86,71.96,53.1,60.1,60.1,62.1,57.9,64,54,55,66.9,71.1,48,50,53.96
53.24,59,62.96,84.2,78.08,78.08,87.08,73.94,53.1,62.1,63,64,60.1,64.9,55.9,57,64.9,73.9,48.9,53.1,53.96
53.6,60.8,62.06,87.8,80.06,80.96,91.04,78.08,54,61,66.9,66.9,61,66.9,57.9,59,66.9,75,53.1,53.1,53.96
53.96,62.6,62.96,89.6,80.06,82.04,91.94,78.98,55,59,70,66.9,57,70,60.1,60.1,68,78.1,57,55,48.92
53.6,60.8,64.04,89.6,78.98,82.94,93.02,80.06,51.1,57.9,71.1,68,63,69.1,62.1,62.1,69.1,77,55.9,57,50
53.42,62.6,62.06,89.6,78.08,84.02,95,80.06,53.1,57,72,69.1,62.1,71.1,61,63,66.9,75.9,57,57,51.98
53.06,59,60.98,87.8,73.04,82.94,96.08,80.06,53.1,57,72,68,59,68,62.1,61,68,73.9,57.9,57,51.98
51.98,59,60.08,86,69.08,82.04,93.02,77,52,55,71.1,64,57,69.1,62.1,60.1,66,72,55.9,55,51.08
49.82,57.2,60.08,82.4,64.04,78.98,89.06,71.96,50,54,66.9,63,55.9,66.9,61,60.1,62.1,71.1,57,54,50
48.38,55.4,60.08,80.6,60.08,77,84.02,69.98,46,53.1,62.1,60.1,54,57,60.1,57,59,64,54,52,48.02
47.66,55.4,60.98,75.2,57.02,73.04,78.98,66.02,45,52,60.1,55.9,53.1,48,57,54,57,64,48.9,46.9,46.94
45.86,55.4,60.98,71.6,55.94,64.94,78.08,60.08,44.1,52,57.9,57.9,52,55,55.9,52,55.9,61,46.9,43,46.94
46.22,55.4,60.98,69.8,53.96,62.96,75.02,55.04,41,51.1,55,55.9,50,54,53.1,44.1,53.1,55.9,46,43,44.96
46.22,55.4,60.08,66.2,53.06,60.08,71.96,53.96,41,50,55,55,48,51.1,53.1,39.9,50,54,46.9,43,46.04
46.22,55.4,60.08,66.2,51.98,57.92,73.04,51.08,39.9,50,52,54,46.9,52,50,39.9,48,51.1,48,42.1,46.04
45.5,55.4,57.92,64.4,51.08,57.02,71.96,44.96,39,50,52,51.1,45,52,51.1,37.9,48.9,46.9,48,44.1,44.96
43.7,51.8,59,62.6,50,57.02,69.08,44.06,37.9,50,51.1,52,44.1,54,48.9,39.9,46,46.9,46.9,46,46.04
44.78,51.8,60.08,60.8,48.02,55.04,66.92,44.06,39,48.9,48.9,50,41,48.9,48,37,48,43,46.9,45,46.04
44.42,51.8,60.08,59,46.04,53.96,66.02,42.98,39,48,48,46.9,39.9,46.9,46.9,37.9,48,42.1,46,46,44.96
44.96,53.6,60.08,62.6,51.08,53.96,64.94,51.98,41,48.9,50,51.1,42.1,53.1,48,39,51.1,50,46,46,46.04
46.04,55.4,60.08,66.2,55.94,55.94,64.04,57.92,44.1,48.9,54,54,46.9,57.9,52,44.1,52,53.1,46.9,46,46.94
46.4,59,60.08,71.6,62.06,60.98,66.02,66.92,50,48.9,55.9,57.9,51.1,61,55.9,51.1,55,57,46.9,46.9,48.92
49.1,60.8,60.08,75.2,66.02,62.96,69.08,71.96,53.1,51.1,61,62.1,54,66,57.9,57,57.9,55.9,50,48,50
51.44,60.8,60.98,80.6,69.98,66.92,71.96,75.02,54,54,64,66,57,68,61,61,61,61,48.9,48,50
50.72,60.8,62.06,84.2,75.02,69.98,73.94,78.08,52,53.1,66,69.1,57.9,70,62.1,64.9,63,60.1,51.1,52,53.06
52.7,62.6,62.96,86,78.08,71.06,75.92,80.06,54,57.9,70,70,59,68,64.9,66.9,64,61,52,53.1,53.06
54.14,60.8,64.04,87.8,82.04,71.06,78.98,82.04,55.9,60.1,73,72,59,73,66.9,69.1,66,60.1,54,54,51.98
52.16,60.8,62.96,87.8,82.94,71.06,80.96,82.04,55.9,62.1,75,73,59,72,69.1,71.1,66.9,62.1,57,57,53.96
53.24,60.8,62.96,86,82.94,71.96,82.04,84.02,55.9,63,75,73.9,62.1,71.1,69.1,72,68,62.1,57,55,55.04
53.06,60.8,62.96,84.2,82.94,71.96,84.02,84.02,55,63,78.1,73.9,60.1,73,70,72,69.1,61,54,57,55.04
51.8,62.6,62.06,80.6,82.94,71.06,84.92,82.94,54,61,73.9,73,60.1,71.1,71.1,70,69.1,57.9,57,57,55.04
50.54,60.8,60.98,80.6,78.08,71.06,84.02,78.98,53.1,59,73,72,60.1,71.1,70,69.1,68,55,57,55.9,53.96
49.1,60.8,60.08,80.6,71.06,69.08,82.04,73.04,51.1,54,69.1,68,57,68,68,64.9,66,54,55.9,54,53.06
46.4,60.8,60.08,75.2,66.02,66.92,78.08,69.98,48.9,50,66,61,51.1,63,64,62.1,62.1,48.9,54,46.9,50
44.42,60.8,60.08,71.6,64.04,66.02,78.08,66.02,48,48,64.9,63,48.9,61,62.1,57,60.1,46,46.9,45,46.94
41.9,60.8,59,69.8,60.08,64.94,75.02,59,46,44.1,63,62.1,48.9,59,57,46.9,59,43,44.1,39.9,46.94
44.06,60.8,60.08,69.8,57.92,64.04,73.04,57.92,43,42.1,59,59,46.9,50,54,48.9,55,42.1,45,37.9,48.02
42.26,57.2,60.08,68,55.94,62.96,71.96,60.08,41,42.1,55.9,57.9,46,55,54,51.1,55.9,42.1,37.9,37,46.94
39.92,55.4,60.08,66.2,53.96,62.06,69.08,55.04,39.9,39.9,55.9,55,44.1,44.1,53.1,46.9,52,39.9,37,39,46.04
38.12,53.6,60.08,64.4,51.98,60.08,64.94,53.96,39,37.9,53.1,50,44.1,46,51.1,45,50,39.9,33.1,34,44.96
37.4,53.6,59,64.4,53.06,60.98,66.02,51.08,37.9,37.9,51.1,52,41,46,51.1,42.1,51.1,39.9,32,33.1,44.96
39.2,55.4,57.92,64.4,53.96,59,62.96,48.02,37.9,37,51.1,50,41,43,50,39.9,46,37.9,30.9,33.1,44.96
38.3,55.4,59,62.6,51.98,60.98,62.06,46.04,36,34,48.9,50,43,42.1,51.1,39.9,48,37,30.9,32,44.96
38.66,53.6,57.92,62.6,53.06,60.08,62.06,48.92,37,37,51.1,53.1,45,50,51.1,41,48.9,44.1,30,32,46.04
46.04,55.4,59,66.2,57.92,59,64.94,60.98,41,41,55.9,55.9,48,55.9,54,46,53.1,44.1,37.9,37,44.96
49.28,57.2,60.98,71.6,62.96,62.06,69.98,66.92,48.9,46.9,60.1,59,53.1,62.1,60.1,51.1,59,45,46.9,43,44.96
51.08,59,60.98,75.2,68,64.94,75.02,71.06,53.1,51.1,63,63,59,66,63,57,66.9,48.9,51.1,48,46.94
52.16,60.8,57.92,80.6,73.04,66.02,82.04,77,55.9,55.9,66,66,62.1,69.1,66,59,72,51.1,55,53.1,50
53.24,62.6,62.06,84.2,77,68,87.08,78.98,57,60.1,69.1,69.1,66,71.1,66.9,61,75,51.1,57.9,59,50
54.5,64.4,62.96,84.2,80.06,71.06,89.96,78.08,55.9,62.1,73,72,69.1,73.9,69.1,63,78.1,52,61,62.1,50
54.5,60.8,62.96,84.2,84.92,73.94,89.96,82.04,57.9,64.9,75.9,73,71.1,75.9,69.1,66.9,80.1,53.1,64,66.9,55.04
55.22,59,62.96,82.4,86,73.94,91.04,82.04,57,68,78.1,73.9,73.9,77,66.9,68,82,52,66,70,57.92
55.4,62.6,62.96,84.2,86,75.92,91.94,84.92,55.9,66.9,78.1,73.9,75,75,66.9,70,80.1,50,66.9,73.9,60.98
54.68,62.6,62.06,82.4,84.92,73.04,93.02,84.02,55,69.1,78.1,75,77,78.1,66.9,70,79,46.9,68,75,59
54.14,60.8,62.06,78.8,82.04,69.08,91.94,82.04,54,66,77,75.9,77,77,62.1,69.1,81,46,69.1,75.9,55.94
53.6,59,62.06,75.2,78.08,66.02,91.04,78.98,54,63,73,70,75.9,75.9,60.1,63,79,45,69.1,75,53.96
51.62,57.2,60.98,73.4,73.04,62.96,89.96,73.94,50,59,70,68,69.1,72,57,63,77,45,69.1,73.9,53.06
49.28,55.4,62.06,71.6,68,62.06,86,69.08,48.9,53.1,64,63,64.9,66.9,53.1,55.9,70,44.1,61,66.9,51.98
47.3,55.4,60.98,69.8,66.02,57.02,82.94,66.02,48.9,51.1,61,57,60.1,61,53.1,52,64,44.1,55.9,63,51.08
46.4,55.4,60.98,66.2,64.04,55.94,80.42,64.04,46.9,52,57,55,60.1,57.9,53.1,50,64.9,43,53.1,53.1,51.08
45.5,53.6,60.98,64.4,62.96,53.96,78.98,57.02,39.9,52,54,54,61,59,53.1,45,66.9,42.1,50,52,51.08
41.54,53.6,60.98,62.6,59,53.96,73.94,57.02,39,51.1,53.1,53.1,60.1,61,50,44.1,60.1,39.9,50,46.9,50
38.84,53.6,60.98,60.8,55.94,53.06,73.04,50,37.9,48.9,53.1,53.1,57.9,60.1,48.2,46,59,35.1,46.9,48.9,48.92
41.54,53.6,60.98,60.8,55.94,51.98,69.98,50,37.9,45,53.1,53.1,59,60.1,48,44.1,60.1,34,48,48.9,46.94
42.44,53.6,60.98,60.8,57.02,51.98,69.98,51.08,36,44.1,54,53.1,57.9,55,48,45,59,35.1,50,48,46.04
42.98,53.6,60.98,60.8,53.96,51.98,71.06,48.02,36,43,54,53.1,55,55,46.9,44.1,57,35.1,48.9,48,46.04
43.88,53.6,60.98,60.8,55.04,51.98,69.08,46.94,35.1,41,53.1,53.1,55,46,45,41,55.9,34,48,42.1,46.04
45.68,55.4,60.98,60.8,57.02,53.06,69.08,51.08,39.9,43,52,53.1,57.9,52,45,43,57,36,50,42.1,46.94
48.92,55.4,62.06,62.6,62.96,53.06,73.04,60.98,46,46.9,52,53.1,61,59,46.9,46.9,59,36,53.1,48.9,48.92
51.62,57.2,62.96,62.6,69.98,53.96,78.08,68,48,51.1,54,54,64,64.9,48.9,53.1,63,39.9,57,54,50
53.06,60.8,64.04,62.6,73.04,57.02,82.94,71.06,52,55,55,55,64.9,66,51.1,61,66,44.1,57.9,59,51.08
53.06,60.8,64.04,62.6,77,57.92,87.08,73.04,53.1,55.9,57,57,66.9,66,54,64,72,46.9,64.9,64.9,53.06
54.5,62.6,66.02,62.6,80.96,55.94,89.06,78.08,57,62.1,60.1,59,69.1,66.9,55,68,80.1,50,70,71.1,53.06
54.86,62.6,66.92,64.4,82.04,59,91.94,80.06,57.9,66,66,61,72,68,57,68,81,50,73,77,53.96
55.4,60.8,66.92,66.2,84.92,62.06,93.92,82.04,57.9,69.1,66.9,64,68,69.1,57,66.9,82.9,52,75.9,81,55.04
55.58,60.8,66.02,66.2,87.08,64.04,96.08,82.94,60.1,70,66,63,64,70,61,66,82.9,52,79,84,55.04
55.58,60.8,66.02,66.2,87.98,64.04,96.98,82.94,57.9,72,66,63,60.1,70,63,64.9,84,53.1,80.1,82.9,55.94
54.86,62.6,64.94,66.2,87.08,64.94,96.98,82.94,55.9,72,66.9,59,57,66.9,63,61,84,53.1,82.9,82.9,55.04
54.86,60.8,64.04,66.2,82.94,64.04,96.98,82.04,55.9,72,66,57.9,53.1,68,62.1,57.9,81,55,80.1,84.9,53.96
53.24,59,62.06,64.4,75.02,62.96,96.98,78.98,54,70,64,57,48.9,64,63,54,77,55,78.1,78.1,51.98
51.8,55.4,60.98,64.4,66.92,62.06,91.04,75.92,53.1,64,62.1,55,48,62.1,62.1,53.1,73.9,53.1,75,75.9,51.98
51.08,55.4,60.98,62.6,62.06,60.98,86,71.06,50,55.9,57.9,54,48,59,57.9,48,71.1,50,66.9,73.9,51.08
48.74,55.4,60.08,62.6,60.98,57.92,82.04,69.98,48.9,57,55.9,53.1,46.9,55.9,57,45,70,45,63,64.9,51.08
48.92,53.6,60.98,60.8,57.92,57.02,80.06,66.92,48.9,50,55,52,46,57,53.1,44.1,69.1,42.1,60.1,60.1,51.08
45.5,50,60.98,59,55.04,55.04,80.06,66.02,48,50,54,51.1,46,50,51.1,43,68,42.1,57,54,48.92
44.6,51.8,60.98,57.2,57.02,55.04,78.08,64.94,48,46,54,51.1,45,53.1,48,44.1,66,41,53.1,52,48.02
44.42,53.6,60.08,57.2,53.96,53.96,75.92,62.06,45,43,53.1,51.1,44.1,48,48,39.9,66,39,51.1,50,48.02
44.06,53.6,60.98,57.2,53.96,53.06,75.92,60.08,45,43,53.1,50,43,44.1,48,41,63,39,50,50,48.02
46.76,53.6,60.08,57.2,53.96,53.06,73.04,55.94,43,43,53.1,50,41,44.1,46.9,41,61,37,48.9,48,48.02
48.56,53.6,60.08,57.2,53.96,53.96,69.08,48.92,42.1,41,53.1,48.9,39.9,45,46,42.1,63,41,48,46.9,42.98
49.64,51.8,60.08,57.2,48.92,53.96,66.92,53.96,43,37.9,53.1,48,39,43,45,41,63,37,46.9,46.9,44.06
49.82,53.6,60.08,57.2,55.04,53.96,68,50,44.1,42.1,53.1,48,39.9,45,43,42.1,61,41,46.9,45,44.96
51.8,55.4,60.08,59,60.08,55.04,73.04,60.08,48.9,46,54,48,39.9,51.1,46.9,44.1,57.9,44.1,48,45,46.94
51.8,57.2,60.08,60.8,64.94,55.94,77,66.02,55.9,51.1,55.9,48.9,46,54,51.1,45,66.9,46.9,48.9,46.9,48.02
55.76,57.2,60.08,64.4,69.08,59,78.98,69.98,55.9,57,55.9,51.1,48.9,57,55,46.9,73,50,53.1,48.9,51.08
61.52,59,60.98,66.2,73.04,62.96,82.94,73.94,57,62.1,59,52,52,61,59,48.9,77,55,54,50,48.02
60.26,60.8,62.96,69.8,77,64.94,86,77,61,66,64.9,53.1,54,63,60.1,55,78.1,57.9,54,48.9,51.08
59.72,64.4,64.04,71.6,80.96,66.02,87.98,78.08,64,69.1,63,51.1,55.9,66,64,54,79,60.1,55.9,53.1,51.08
57.02,64.4,64.94,71.6,84.02,66.92,89.96,78.98,64.9,73,62.1,50,55,68,66.9,57.9,80.1,62.1,55.9,54,53.96
58.46,64.4,64.04,73.4,84.92,68,93.02,82.04,64.9,75,53.1,48.9,55.9,66.9,66,59,78.1,66,59,51.1,53.06
58.64,64.4,62.96,71.6,86,71.06,95,82.94,63,77,52,48.9,57.9,66.9,66.9,59,77,66.9,59,54,53.96
58.64,64.4,62.96,71.6,84.02,69.98,96.08,82.04,62.1,77,52,48.9,57.9,64,69.1,59,70,68,57,55,55.04
59.36,62.6,62.96,69.8,80.06,69.98,96.08,80.06,59,77,54,50,57,57.9,66,57,73,66.2,57,54,55.94
56.48,62.6,62.96,68,73.94,69.08,95,77,54,75,52,48.9,55.9,55.9,66,57.9,66.9,66,55.9,53.1,55.04
56.66,60.8,62.06,64.4,66.92,69.08,91.94,73.94,53.1,68,50,46,53.1,54,64,55.9,66.9,62.1,55,52,51.98
55.4,57.2,62.06,64.4,62.96,68,84.92,71.96,53.1,66,46.9,45,50,46.9,61,50,64,57.9,52,48.9,51.08
55.94,57.2,62.06,64.4,60.08,66.92,82.04,66.92,53.1,60.1,46.9,44.1,46.9,45,59,48,62.1,57,48.9,44.1,48.92
55.94,57.2,62.06,62.6,59,66.92,78.98,62.06,53.1,57.9,46,45,45,46.9,57.9,44.1,57,53.1,46.9,44.1,46.94
55.04,53.6,60.98,62.6,55.94,66.02,75.92,57.02,53.1,54,46,43,44.1,44.1,57.9,43,51.1,48.9,46,37.9,46.04
55.04,53.6,60.98,60.8,55.94,64.94,73.04,55.94,54,50,45,43,43,43,55.9,43,48,46.9,44.1,36,44.06
54.68,51.8,60.98,60.8,53.96,60.98,71.06,55.04,53.1,48.9,45,43,45,39.9,55,42.1,45,44.1,42.1,35.1,44.06
54.14,51.8,60.98,60.8,53.06,60.98,68,55.04,53.1,46,44.1,43,44.1,41,52,39.9,45,43,42.1,34,42.98
52.52,55.4,60.98,59,51.98,55.94,66.02,55.94,53.1,46,44.1,44.1,44.1,37.9,52,39,39.9,42.1,41,33.1,42.98
51.98,55.4,60.98,59,50,57.02,64.94,55.04,53.1,44.1,44.1,44.1,44.1,35.1,52,36,37.9,39.9,39,32,44.06
51.44,53.6,60.98,57.2,50,55.94,64.04,53.96,53.1,44.1,44.1,42.1,45,32,53.1,35.1,37,39.9,39,32,44.96
51.8,53.6,60.98,59,51.98,59,62.96,55.94,54,48,44.1,42.1,46,39,50,37,37.9,43,39,33.1,46.04
50,57.2,62.06,60.8,55.04,62.96,64.04,62.06,55,52,45,43,46,45,51.1,41,39,48,41,37.9,46.94
51.8,60.8,62.06,62.6,60.08,66.02,66.02,66.02,55,55,45,43,48,48.9,52,46,45,51.1,46,42.1,48.92
53.42,60.8,62.96,66.2,64.04,68,69.98,69.98,55.9,62.1,46.9,45,50,53.1,55,52,48.9,54,48,45,51.08
55.76,66.2,64.94,69.8,68,71.96,73.04,73.04,55,66,48.9,46.9,52,55,55.9,54,48,57,50,50,53.06
56.3,69.8,69.08,73.4,71.06,73.94,75.02,75.02,55,72,52,50,51.1,55.9,55.9,57.9,51.1,60.1,52,51.1,55.04
56.12,71.6,68,75.2,73.94,75.92,78.08,75.02,55,73.9,51.1,53.1,54,57.9,54,62.1,52,64,50,55,55.04
57.02,71.6,68,75.2,77,78.08,80.06,77,55,78.1,51.1,54,55.9,60.1,50,62.1,54,66,48.9,55,53.96
55.76,66.2,66.92,77,77,78.98,84.02,78.98,59,81,53.1,57,59,61,54,64.9,54,68,52,55,55.04
55.76,66.2,66.02,75.2,75.92,82.04,84.02,77,60.1,82,54,54,59,60.1,59,64.9,52,72,50,54,55.04
55.58,64.4,66.02,75.2,73.94,82.94,86,78.08,60.1,81,57.9,55.9,57.9,57.9,59,66.9,48.9,72,48.9,54,55.94
55.04,64.4,64.94,73.4,68,82.94,86,78.98,57.9,78.1,57,57,52,57.9,55,66,48,73.9,52,55,55.94
55.58,62.6,62.96,71.6,66.02,80.96,86,75.02,55.9,79,57,55,55.9,54,54,63,45,71.1,54,53.1,55.94
53.78,60.8,62.96,69.8,60.98,78.98,82.94,66.92,55.9,72,54,52,54,52,54,63,42.1,68,51.1,51.1,55.04
52.52,59,62.96,66.2,57.92,75.02,80.06,60.98,55,64.9,52,50,48,51.1,55,61,39,64,48.9,48,53.06
51.98,55.4,62.06,66.2,55.94,73.04,77,60.08,54,62.1,50,48,46,48.9,53.1,57,37,61,46,45,50
51.8,53.6,62.96,66.2,55.04,71.96,73.94,57.92,54,60.1,46.9,48,46,48.9,53.1,54,37.9,57,45,43,48.02
51.8,55.4,62.06,64.4,53.06,69.08,71.96,57.02,54,55.9,46.9,46.9,44.1,45,52,53.1,37,54,46,42.1,48.02
51.62,55.4,62.06,64.4,51.08,66.92,69.08,53.06,54,55.9,48.9,46.9,42.1,46.9,52,52,35.1,52,43,39.9,46.94
51.26,55.4,62.06,62.6,48.92,66.02,69.08,50,53.1,53.1,48,46,43,43,51.1,52,33.1,52,44.1,37.9,46.04
51.08,55.4,62.06,60.8,48.02,62.96,68,55.04,53.1,53.1,48,46,41,45,50,48,32,50,44.1,39,46.04
50.9,53.6,62.06,62.6,48.02,62.96,68,53.06,53.1,51.1,46.9,46,39.9,46,50,42.1,30.9,51.1,41,41,46.04
50.9,55.4,62.06,60.8,48.92,62.06,66.02,51.08,52,46.9,46,46.9,39,39.9,48.9,41,30.9,51.1,41,39.9,44.96
50.36,55.4,62.06,59,51.08,60.98,64.94,50,52,46,46,46,39.9,36,50,46,28.9,48.9,41,39.9,44.96
50.36,53.6,62.96,60.8,55.04,64.04,64.04,53.96,52,48.9,46,46.9,44.1,44.1,48.9,45,34,54,42.1,39.9,46.04
51.44,60.8,64.04,66.2,53.96,68,66.02,57.92,54,54,48.9,46.9,46.9,50,50,48.9,36,57.9,43,42.1,44.96
52.16,60.8,66.92,69.8,60.08,71.96,69.98,62.06,55.9,60.1,51.1,48,52,54,52,53.1,39.9,61,46,44.1,46.04
53.6,62.6,69.08,73.4,62.06,73.94,73.04,66.02,57.9,64,53.1,51.1,55.9,57,55,55.9,44.1,64,50,51.1,48.92
54.32,64.4,69.08,77,66.92,77,78.08,68,61,68,55.9,55,57.9,59,55.9,59,46,68,53.1,52,51.08
55.76,69.8,69.08,82.4,68,80.96,82.04,71.06,63,72,54,57.9,60.1,60.1,57.9,63,52,72,55,53.1,53.06
56.12,73.4,69.08,86,69.08,82.94,82.04,71.06,61,75,57.9,57,63,61,60.1,64.9,57,75,57.9,55,53.96
54.5,77,69.08,87.8,60.08,86,86,75.02,57,77,59,57,64,63,61,64.9,61,79,59,57.9,53.96
54.68,75.2,69.08,89.6,64.94,87.98,84.92,75.92,57,80.1,60.1,57.9,62.1,64,63,68,64,81,57.9,57.9,53.96
53.42,73.4,69.08,89.6,62.06,89.96,87.08,77,57,82,62.1,57,64.9,64,63,69.1,66,82.9,61,61,53.96
52.88,71.6,66.92,91.4,60.08,89.96,87.98,78.98,57,82,62.1,57.9,64.9,64,63,69.1,66,82,60.1,60.1,53.96
53.06,69.8,66.92,91.4,60.08,89.96,87.98,75.92,55,82,61,57.9,64,63,63,69.1,64.9,79,61,59,53.96
51.98,64.4,64.94,89.6,60.08,87.98,87.98,75.02,52,80.1,61,57,62.1,61,62.1,64.9,64,78.1,57,57.9,53.96
51.26,62.6,64.04,82.4,57.92,84.02,87.08,69.98,51.1,75,59,55.9,59,57,61,62.1,62.1,75,57.9,57,51.98
50.72,59,62.96,80.6,57.02,78.98,84.02,66.92,50,66.9,55.9,54,55,54,59,59,57,72,55,53.1,51.08
50.54,60.8,62.96,73.4,57.02,78.08,80.96,64.94,48.9,64,54,53.1,54,51.1,55,55,54,69.1,48,50,50
50.54,57.2,62.06,71.6,57.02,75.92,80.96,62.06,50,60.1,52,51.1,46.9,48.9,55.9,48,48.9,66,46,44.1,50
50.36,55.4,62.06,71.6,55.94,73.94,71.06,55.94,48,60.1,50,50,50,43,50,43,48,64,44.1,41,48.92
50.18,55.4,60.98,69.8,53.96,71.96,71.06,57.02,48.9,55,48,48,44.1,39,48.9,42.1,45,62.1,39,37.9,46.94
50,55.4,60.98,69.8,53.96,69.98,69.08,59,48,52,48,48,45,37.9,48.9,41,44.1,60.1,37.9,37,48.92
49.82,55.4,60.08,66.2,51.98,66.02,69.98,55.94,48,52,48,46.9,44.1,36,48,42.1,41,59,36,37,46.04
48.92,55.4,59,66.2,50,66.92,66.02,55.04,48,51.1,46.9,46,44.1,37,48,37.9,39,57.9,36,37.9,44.96
48.92,55.4,57.92,64.4,51.08,64.04,64.94,53.96,48,50,46,46,39,39,45,41,39,55.9,34,33.1,44.06
48.56,55.4,57.02,64.4,51.98,64.94,64.04,53.06,48,46.9,44.1,46,42.1,39,45,37,37.9,52,34,34,44.96
48.74,55.4,57.02,66.2,51.08,66.92,64.04,57.02,48.9,50,46,46.9,45,41,45,37.9,39.9,55.9,35.1,34,44.96
49.82,60.8,59,71.6,51.08,71.96,64.94,60.98,50,55,48,48,51.1,46.9,50,46,43,64.9,41,37,46.04
50.9,62.6,62.96,73.4,51.08,78.08,71.06,64.04,52,60.1,51.1,51.1,57.9,48.9,54,51.1,45,68,48.9,44.1,48.02
52.34,66.2,66.92,78.8,53.96,80.96,75.02,68,54,66,53.1,54,62.1,53.1,57,55.9,48.9,69.1,54,48,48.92
51.98,68,68,80.6,59,82.94,78.98,69.08,57,71.1,57,57,64.9,57.9,60.1,62.1,52,70,57,53.1,51.08
53.24,71.6,69.98,84.2,57.92,84.92,82.94,71.96,57,75,59,59,66,60.1,63,64,54,72,61,57.9,51.98
53.24,77,71.96,87.8,64.04,87.98,86,73.94,57.9,79,62.1,61,69.1,62.1,66,64.9,60.1,75.9,64,61,53.06
55.94,78.8,71.96,89.6,59,91.04,88.16,75.02,57.9,81,64.9,62.1,71.1,64.9,66.9,66.9,64,78.1,64,66,53.96
57.74,78.8,69.98,89.6,53.96,93.92,89.96,75.02,57.9,84,66.9,63,69.1,68,68,66,70,82,66,68,55.04
57.38,78.8,69.98,86,59,93.92,89.96,73.94,57.9,86,68,64,72,69.1,70,68,72,82.9,62.1,69.1,55.04
56.48,75.2,68,86,60.08,95,91.94,73.94,57,86,68,64,71.1,69.1,69.1,68,73.9,86,63,66.9,57.02
55.4,69.8,68,84.2,60.98,93.92,91.04,73.04,55,84.9,68,62.1,71.1,70,69.1,66.9,75,84,64.9,68,57.02
54.32,66.2,66.92,82.4,57.02,93.02,91.04,71.06,55,81,66,63,71.1,69.1,69.1,69.1,73.9,75.9,62.1,64.9,55.94
52.88,64.4,64.04,78.8,53.96,89.96,89.96,66.02,52,77,63,57,68,68,68,66,72,73,62.1,64,53.96
50.54,62.6,62.96,75.2,51.98,86,82.94,62.96,50,72,59,54,63,57.9,66,63,71.1,68,55.9,61,53.06
48.92,60.8,62.96,73.4,51.08,84.02,78.98,60.08,48.9,69.1,55,51.1,59,54,62.1,60.1,66,64,50,53.1,48.92
48.38,60.8,62.96,73.4,51.08,80.06,75.02,57.92,48,66.9,53.1,50,57,53.1,57,57.9,64,61,48.9,48.9,46.94
49.28,60.8,62.06,71.6,50,78.08,75.02,57.02,46.9,60.1,51.1,48,53.1,53.1,54,55.9,61,59,42.1,45,46.94
50.54,59,62.06,69.8,50,75.02,75.02,55.04,46,57.9,50,48,50,53.1,54,51.1,57,57,42.1,44.1,46.94
50.54,57.2,60.98,68,50,73.04,71.96,50,45,55,48.9,45,48.9,48.9,52,50,57,55.9,39.9,39.9,46.04
48.02,60.8,60.08,68,51.08,69.98,69.98,48.92,44.1,48.9,48.9,44.1,48,48,51.1,48,55,55.9,39,42.1,44.96
45.68,60.8,60.08,64.4,51.08,69.08,71.06,48.92,42.1,48,48.9,44.1,48.9,46.9,53.1,46.9,57.9,54,39,37.9,44.96
42.8,59,60.08,64.4,50,68,71.96,48.02,44.1,50,48.9,44.1,48,45,53.1,48,55,53.1,39,36,44.06
41.72,60.8,59,62.6,50,66.92,69.98,46.94,43,46.9,48.9,42.1,48.9,45,53.1,44.1,52,52,44.1,39,42.98
43.52,60.8,60.08,66.2,51.08,71.96,69.98,51.98,45,51.1,48.9,45,52,43,53.1,44.1,51.1,53.1,44.1,37,46.04
49.82,66.2,62.96,71.6,51.98,78.08,73.94,59,46.9,55.9,50,46.9,55,52,53.1,51.1,53.1,55,48,43,48.92
50.54,69.8,66.02,75.2,55.04,80.96,73.04,62.06,53.1,61,51.1,48,59,55.9,55.9,57.9,55,55,52,48.9,53.06
52.16,71.6,66.92,80.6,57.92,84.92,75.92,64.94,53.1,64.9,54,50,64,61,55.9,61,60.1,55.9,57,53.1,53.96
53.96,75.2,69.08,84.2,59,87.08,78.08,66.92,50,71.1,53.1,53.1,68,64,59,64.9,63,57.9,62.1,59,55.94
57.38,78.8,71.96,87.8,62.06,89.06,78.98,69.98,55,75,55,55.9,73,66.9,59,69.1,66,59,66,63,55.04
58.28,84.2,71.06,89.6,62.96,93.92,82.04,69.98,55.9,75,57.9,55,75,68,62.1,71.1,68,60.1,69.1,70,57.92
63.86,87.8,69.98,89.6,64.94,96.08,82.94,73.04,55.9,77,57,57,75.9,69.1,62.1,73.9,69.1,59,71.1,73,57.02
65.3,91.4,71.06,91.4,66.02,98.96,84.92,73.94,55.9,75,57.9,60.1,79,71.1,64,75,71.1,55.9,72,75,57.02
64.76,86,69.98,91.4,68,100.04,86,75.02,55.9,69.1,59,61,80.1,72,64,75,73,53.1,73.9,75.9,57.02
64.04,82.4,69.08,89.6,68,102.02,87.98,71.96,57,66,59,61,81,72,66,73.9,70,48,75,78.1,57.92
62.6,84.2,68,89.6,66.92,100.94,87.98,69.08,53.1,64,57.9,60.1,80.1,70,63,75,69.1,48,75,78.1,57.02
60.26,78.8,64.94,86,64.94,98.06,87.98,68,54,63,57.9,60.1,79,69.1,60.1,73.9,66.9,48,73.9,77,57.02
56.3,75.2,64.04,80.6,62.06,91.94,87.08,66.02,51.1,62.1,57,57.9,75.9,64,61,71.1,64.9,46.9,72,75.9,55.94
54.32,69.8,62.06,78.8,57.92,89.06,84.92,64.04,48,60.1,57,55.9,69.1,60.1,60.1,69.1,59,46.9,64.9,66.9,55.94
52.52,66.2,62.06,78.8,55.04,87.08,78.98,60.98,48,57,55,55,69.1,57,59,66,59,46.9,57,62.1,55.94
50.54,64.4,62.06,75.2,53.06,84.02,78.98,59,46,55,55,53.1,66,55.9,55.9,64.9,55.9,46,50,53.1,55.04
47.12,62.6,62.06,75.2,51.98,82.04,75.02,59,46.9,53.1,53.1,51.1,61,55,55,64.9,55.9,43,48,54,50
44.96,62.6,60.98,71.6,51.08,78.08,73.94,57.92,42.1,52,52,51.1,61,55,55,62.1,55,39.9,43,46.9,48.92
44.6,62.6,60.98,69.8,51.08,77,71.06,53.06,41,51.1,52,51.1,59,53.1,52,62.1,53.1,37.9,43,48,48.02
43.16,62.6,60.08,69.8,50,75.02,69.08,51.08,41,50,52,50,60.1,51.1,50,57.9,51.1,35.1,43,48,46.94
42.8,60.8,60.08,66.2,48.02,69.98,66.02,51.08,42.1,48.9,51.1,50,57.9,48,50,55,50,33.1,43,45,46.94
42.08,60.8,59,66.2,48.02,69.08,64.04,48.92,44.1,46,51.1,48.9,57,50,51.1,57,50,32,42.1,45,44.96
41.18,57.2,59,66.2,44.96,69.08,62.96,48.02,42.1,43,50,48.9,57,50,50,54,50,30.9,39.9,41,44.96
44.42,60.8,60.08,66.2,48.92,73.04,62.96,51.98,42.1,46,51.1,50,59,51.1,51.1,54,52,30.9,50,41,50
51.62,66.2,62.06,69.8,53.96,78.98,66.02,57.02,48,46.9,53.1,51.1,62.1,54,52,60.1,55,30.9,53.1,48.9,53.06
55.4,66.2,64.04,78.8,57.92,84.92,71.06,60.98,52,48.9,54,52,66.9,57,55.9,62.1,55.9,30.9,57.9,55,55.94
57.38,73.4,68,82.4,62.06,87.08,75.92,64.94,48.9,54,55.9,55,72,57.9,57.9,64,55.9,32,62.1,59,57.92
63.68,73.4,68,84.2,64.04,89.96,78.08,68,51.1,54,57,55,77,60.1,59,66,59,33.1,66,64.9,59
64.22,78.8,69.98,87.8,68,93.02,80.96,71.06,55.9,57.9,60.1,57.9,82,63,61,68,59,34,71.1,70,60.08
70.52,82.4,69.08,87.8,69.08,93.92,84.92,73.04,55.9,54,59,59,86,63,64.9,69.1,62.1,36,75.9,75.9,59
77,80.6,69.08,89.6,71.96,96.98,86,75.92,57,55,61,61,87.1,64.9,64.9,73,63,34,79,81,60.08
71.06,73.4,69.98,91.4,73.04,100.94,87.98,75.92,57.9,57.9,64,61,87.1,68,64.9,77,64,34,81,84,60.08
73.76,77,69.98,91.4,73.94,102.02,89.06,77,57.9,45,64.9,60.1,86,69.1,69.1,80.1,66.9,33.1,84,87.1,60.08
63.68,75.2,66.92,89.6,71.96,102.02,89.96,78.98,59,43,64,60.1,82.9,69.1,62.1,77,68,32,86,88,60.98
68,73.4,66.02,84.2,71.96,100.94,91.04,78.08,57.9,45,64.9,62.1,82,66,60.1,78.1,69.1,33.1,86,88,62.06
63.5,71.6,64.94,82.4,69.98,98.06,91.04,77,57.9,46,62.1,59,77,68,62.1,77,68,32,84,87.1,62.06
57.38,66.2,62.96,78.8,66.02,93.02,89.06,71.06,55.9,44.1,60.1,57.9,73.9,64,60.1,75,64.9,30.9,82,84,62.06
54.32,64.4,62.06,71.6,60.98,89.96,87.08,68,55,42.1,50,55,68,59,59,70,62.1,30.9,70,73,60.08
52.34,64.4,62.06,71.6,57.92,87.08,80.06,62.96,54,42.1,48.9,55,66,52,55.9,64,60.1,30.9,63,71.1,53.96
52.16,62.6,60.98,69.8,55.04,82.94,78.08,60.98,54,39.9,48.9,53.1,66,51.1,54,61,59,30.9,57,72,51.98
49.64,62.6,60.08,66.2,51.08,78.98,75.02,57.02,50,39.9,50,53.1,62.1,50,51.1,61,57,30.9,55,69.1,51.08
48.56,62.6,60.08,66.2,51.98,75.92,73.94,51.08,50,39.9,48.9,50,59,54,50,57.9,55.9,30.9,62.1,63,51.08
48.02,60.8,59,64.4,48.92,75.02,75.92,53.06,50,41,48,48,55,50,48.9,55.9,55,30.9,60.1,60.1,51.08
48.38,62.6,59,62.6,48.02,75.02,75.02,48.02,48.9,37,48,48,50,48,50,54,52,30.9,55.9,57.9,46.94
48.38,64.4,59,62.6,46.94,73.94,73.94,42.98,48,36,46,46.9,45,48,48.9,54,51.1,30.9,71.1,64,46.94
48.38,64.4,57.92,62.6,50,71.96,71.06,41,46.9,35.1,46,46.9,43,46.9,46.9,54,50,30.9,64,59,46.04
48.74,64.4,57.92,62.6,48.02,71.96,71.96,42.98,48,37,46,46,42.1,46,45,53.1,50,30.9,57,61,46.94
48.92,64.4,60.98,62.6,51.98,75.02,71.06,51.08,48.9,39,48,46.9,45,46.9,46,55.9,52,32,59,61,50
48.92,69.8,62.96,62.6,60.08,80.96,68,59,52,41,50,48,48,48.9,46,57.9,53.1,32,60.1,62.1,51.98
49.82,73.4,66.02,66.2,62.96,86,75.02,64.04,55.9,43,52,48,50,53.1,48,61,57,34,59,64,55.04
49.82,73.4,68,71.6,66.02,86,78.08,69.08,60.1,44.1,54,50,54,53.1,46,63,61,36,66,66,57.02
50.54,78.8,69.08,73.4,69.98,87.98,82.94,73.04,59,48,53.1,53.1,55,55,48,69.1,64.9,37,69.1,68,57.92
52.16,78.8,71.96,78.8,73.94,93.02,86,77,59,48.9,55,55.9,57,55,51.1,72,64.9,39.9,69.1,70,60.98
53.24,80.6,71.06,78.8,75.92,96.08,91.04,80.06,59,54,55,52,60.1,59,54,73.9,66,41,73,73,62.06
53.96,80.6,71.96,78.8,80.06,98.96,93.02,80.06,60.1,46,57,57.9,63,57.9,57.9,75,71.1,44.1,73.9,75,62.96
53.78,76.28,71.06,80.6,82.04,96.98,96.08,80.96,57.9,48.9,55,59,66,55,59,75.9,73,46,75,77,64.94
55.58,71.6,71.96,78.8,82.04,96.98,96.98,82.94,57,46,54,55.9,66,55,60.1,75.9,75,46.9,75.9,79,64.94
54.86,66.2,69.98,78.8,82.04,98.06,98.06,82.04,57,50,53.1,51.1,66.9,57.9,62.1,75,73,48,75.9,79,64.94
53.42,62.6,68,75.2,80.96,91.94,96.98,80.06,57.9,45,50,46.9,66,57.9,61,75,71.1,46.9,75.9,79,64.04
52.88,60.8,66.92,73.4,78.98,89.96,96.08,77,59,46.9,48,48,64,53.1,55,73,64.9,48,75,77,62.96
52.52,60.8,64.94,69.8,75.02,87.98,96.08,71.06,54,45,46.9,48,61,52,50,71.1,61,46.9,73.9,75,60.08
52.34,60.8,64.04,68,69.98,84.92,91.94,66.92,55.9,45,46,46.9,57,51.1,51.1,66.9,57,46,68,71.1,57.92
51.98,60.8,62.96,64.4,64.94,82.04,86,64.04,55.9,44.1,46.9,46,54,46,48.9,64,55,45,64.9,66,53.06
51.8,60.8,62.06,62.6,62.06,80.96,82.04,62.06,54,43,46.9,45,53.1,46.9,48,61,54,45,53.1,63,51.98
51.98,59,62.06,62.6,62.06,77,78.98,57.92,55,43,46.9,45,46,45,46,55.9,55,44.1,51.1,60.1,53.96
52.16,59,60.98,62.6,62.96,77,78.98,53.96,53.1,44.1,46.9,46,51.1,44.1,46,53.1,54,44.1,51.1,57,50
51.98,59,60.08,62.6,57.92,75.02,80.06,51.08,53.1,43,46.9,46,51.1,42.1,45,55,53.1,43,50,57,50
51.8,59,57.92,62.6,55.04,73.04,78.98,51.08,53.1,43,46.9,46,51.1,39.9,43,48,53.1,39.9,48.9,50,51.08
51.8,60.8,59,62.6,53.06,73.04,77,48.92,53.1,42.1,46,46,50,34,43,46,54,37,48,50,51.08
51.8,60.8,59,62.6,51.08,71.06,73.04,46.04,53.1,41,46.9,46,48,32,42.1,46.9,53.1,37,46.9,50,50
51.26,60.8,57.92,62.6,50,69.98,71.06,42.98,54,41,46.9,46,48.9,33.1,41,46,52,35.1,51.1,54,51.98
51.26,60.8,60.08,62.6,53.96,69.98,71.96,50,55,42.1,46.9,46,48,37,42.1,48.9,52,39,48,52,51.98
51.26,62.6,62.06,62.6,62.06,71.96,73.04,59,57,45,48,48,48,44.1,43,54,53.1,43,52,57,53.06
50.72,62.6,64.94,64.4,68,75.92,75.02,62.96,57,46,48,50,48,48.9,44.1,59,53.1,46,57,60.1,53.96
51.26,64.4,66.02,66.2,73.04,78.08,81.86,66.02,60.1,48,50,53.1,48.9,52,48.9,62.1,53.1,48.9,53.1,61,55.94
52.52,66.2,68,71.6,75.92,80.06,87.98,69.98,63,50,51.1,53.1,52,55.9,53.1,64.9,53.1,52,48,62.1,57.92
53.24,66.2,68,73.4,80.06,80.96,89.96,73.04,64,52,54,55.9,55.9,57.9,57,66.9,55,54,46,57.9,57.92
54.5,66.2,69.98,77,82.94,82.94,93.92,78.08,68,51.1,55.9,57,59,62.1,59,71.1,54,55.9,48.9,59,59
55.58,66.2,69.98,77,84.92,87.08,96.98,78.08,68,51.1,57.9,59,60.1,63,60.1,72,55,55.9,50,62.1,59
55.4,66.2,69.08,77,89.06,91.94,98.96,78.98,66,53.1,53.1,59,60.1,63,62.1,73.9,55,57,50,64,59
56.12,64.4,69.08,77,87.98,91.94,100.94,78.98,64.9,54,57,60.1,62.1,64,63,75,55.9,59,51.1,64.9,57.02
54.68,62.6,68,75.2,87.98,91.04,100.94,80.96,66.9,51.1,55.9,61,64,62.1,64,75,55.9,57.9,51.1,64.9,57.02
53.24,62.6,66.92,73.4,87.08,91.04,100.94,78.98,64.9,52,54,60.1,62.1,62.1,64.9,73,54,59,53.1,64,55.04
52.52,59,64.94,71.6,84.92,87.98,100.94,71.96,64.9,51.1,55,55,61,60.1,64.9,73,54,57,53.1,63,53.96
51.98,57.2,62.96,68,78.98,84.02,98.96,68,64.9,48,53.1,54,59,55.9,64,70,53.1,55,52,61,53.96
52.16,57.2,62.06,66.2,75.92,80.06,96.08,68,64,46.9,52,53.1,55.9,52,61,64.9,52,52,51.1,57.9,53.96
51.8,55.4,62.06,62.6,69.98,75.92,87.98,66.02,64,46,51.1,51.1,54,48.9,55.9,61,52,48,48,54,53.96
52.16,55.4,62.06,62.6,66.02,71.96,84.02,62.96,63,45,51.1,51.1,51.1,46,53.1,61,53.1,46,46,52,53.06
53.06,55.4,60.98,62.6,64.04,69.98,82.04,59,62.1,45,50,48.9,50,43,54,48.9,53.1,45,43,48.9,53.06
51.62,55.4,60.98,62.6,60.08,66.92,82.94,59,62.1,46,50,46.9,48.9,39.9,52,48.9,53.1,42.1,41,44.1,51.98
51.8,55.4,60.98,60.8,57.92,64.94,80.96,53.96,60.1,45,48.9,48,48.9,43,50,48,53.1,42.1,41,41,51.98
51.44,53.6,60.08,60.8,55.94,62.96,80.06,53.06,62.1,45,48,48,46.9,39,48.9,48,52,41,39,42.1,51.98
51.8,53.6,57.92,60.8,55.04,62.06,78.98,48.02,61,45,48,46.9,45,39.9,48,51.1,46.9,39,39.9,39,51.98
52.16,53.6,57.92,60.8,53.96,60.98,77,48.02,60.1,45,48,46.9,46,35.1,46.9,46,46,41,39,39,51.98
51.26,53.6,57.92,60.8,53.96,60.08,75.92,44.96,60.1,45,48,46,46.9,36,46.9,45,46,39.9,36,39,51.98
51.8,53.6,60.08,60.8,57.92,62.96,71.96,51.08,60.1,46,48,48,48.9,42.1,46,46,46.9,46,37,41,51.98
52.88,55.4,60.98,62.6,66.92,64.94,73.94,59,62.1,46.9,50,51.1,51.1,50,50,53.1,48,50,39.9,45,53.06
54.5,55.4,64.04,62.6,68,68,82.04,62.96,64,48,51.1,54,55,55.9,53.1,61,50,54,45,50,53.06
53.96,59,64.94,66.2,73.04,71.06,87.98,68,64.9,53.1,54,55.9,61,59,54,63,52,55,53.1,55,55.04
53.24,60.8,66.02,69.8,78.98,75.02,91.04,69.98,64,53.1,57,57.9,64,61,57.9,61,54,57.9,55.9,59,55.04
56.12,62.6,66.02,75.2,82.94,77,95,71.96,70,52,55.9,59,66.9,63,61,64,55.9,60.1,59,63,55.04
56.3,62.6,69.08,80.6,87.08,78.98,96.98,75.02,71.1,55.9,59,60.1,70,64.9,64,68,57.9,62.1,63,66.9,57.02
56.66,64.4,69.08,80.6,87.98,80.06,98.06,69.98,71.1,57.9,59,61,70,68,66,69.1,59,63,63,73,57.92
56.12,64.4,69.08,80.6,89.06,82.04,98.96,69.98,73.9,52,59,62.1,71.1,68,69.1,68,59,63,68,73.9,57.92
56.12,64.4,66.92,80.6,89.06,82.94,100.94,71.06,69.1,57.9,63,62.1,72,68,69.1,71.1,60.1,64,70,77,60.08
56.12,64.4,66.02,78.8,87.98,82.94,102.02,68,66.9,52,64,59,72,68,70,66.9,59,64,72,78.1,59
55.04,64.4,64.94,73.4,84.02,82.04,102.02,64.04,64,54,59,59,72,64.9,70,62.1,57,62.1,72,78.1,59
53.96,62.6,62.96,69.8,80.96,80.06,100.94,62.96,64.9,51.1,57.9,57.9,71.1,63,69.1,63,55.9,57.9,73,75,57.92
51.98,62.6,60.98,68,75.02,75.92,100.04,60.98,66.9,51.1,57.9,55.9,66,61,68,63,55,57.9,71.1,72,57.92
49.82,60.8,60.98,64.4,69.98,73.94,91.94,57.92,61,50,55,54,60.1,59,64.9,59,53.1,55.9,64,69.1,55.94
47.48,57.2,60.98,62.6,66.92,71.96,89.06,51.98,59,50,51.1,53.1,57.9,57,60.1,52,52,55,59,66.9,55.94
48.92,57.2,60.98,62.6,62.96,69.08,86,48.92,59,48,52,51.1,57,54,59,54,52,53.1,54,62.1,55.04
50.36,55.4,60.08,60.8,60.08,66.92,84.92,50,59,46.9,52,51.1,53.1,54,55.9,55,50,53.1,50,63,55.04
50.18,55.4,60.08,60.8,57.02,66.02,80.96,44.96,59,46,52,51.1,55.9,53.1,55,55,50,51.1,52,64.9,55.04
49.82,55.4,59,59,57.02,64.94,80.06,44.06,59,45,51.1,50,54,46.9,55.9,55,50,51.1,50,62.1,53.96
49.82,53.6,59,57.2,55.94,64.94,78.98,46.04,57.9,45,51.1,50,51.1,45,57,52,50,51.1,48.9,60.1,51.08
49.28,53.6,57.92,57.2,53.96,62.96,75.92,41,57,44.1,51.1,50,48,45,57.9,50,48.9,50,45,54,51.98
48.74,53.6,57.02,57.2,51.98,60.98,77,39.02,57,44.1,50,50,46,44.1,55.9,48,48,48.9,43,48.9,50
48.74,53.6,57.92,57.2,51.98,60.08,75.02,42.08,57.9,43,50,50,46,44.1,55.9,46.9,46.9,48.9,39.9,51.1,50
49.28,53.6,57.92,57.2,55.94,62.96,71.96,48.02,57.9,44.1,50,51.1,51.1,45,53.1,46.9,48,50,43,51.1,53.06
49.28,55.4,60.98,59,60.08,64.94,78.08,57.02,57.9,46.9,51.1,51.1,55.9,51.1,53.1,50,48.9,53.1,50,55,55.04
50.18,57.2,62.96,60.8,64.94,69.08,80.96,64.04,57.9,48.9,54,53.1,59,55.9,54,53.1,51.1,57,57,59,55.94
50.72,60.8,64.94,66.2,69.08,71.06,84.92,66.92,57,51.1,55,52,62.1,57,55.9,55.9,54,59,62.1,63,55.94
51.8,60.8,66.02,71.6,73.04,73.94,87.98,71.96,57,53.1,55,55,64.9,61,57.9,60.1,55.9,62.1,66,69.1,57.92
57.2,62.6,68,75.2,77,78.98,91.94,75.02,57,55.9,55.9,55,66.9,64,61,63,57.9,62.1,70,71.1,57.92
54.5,62.6,68,78.8,80.06,82.04,95,78.08,57.9,57,57,55.9,69.1,63,62.1,64.9,54,64.9,72,75,60.08
55.76,62.6,68,78.8,82.94,84.92,96.98,80.06,57,59,57.9,54,71.1,66,63,69.1,53.1,66,72,78.1,60.98
55.58,66.2,68,77,82.94,87.08,100.04,78.98,57.9,60.1,60.1,57,72,66,64.9,69.1,53.1,66.9,73.9,79,64.04
56.48,64.4,68,75.2,84.02,87.08,100.04,80.96,59,62.1,57.9,55.9,73.9,66,64,55,52,64,75.9,79,62.96
56.48,64.4,66.92,75.2,80.06,87.98,100.94,82.94,57.9,62.1,55.9,55.9,75,66.9,63,64,52,64.9,75,82,62.06
54.86,62.6,66.02,71.6,77,87.08,100.94,80.96,57,63,55.9,54,73,64.9,68,64.9,52,66.9,75.9,80.1,62.96
53.42,60.8,66.02,69.8,73.94,86,100.94,78.98,57,61,55,54,72,63,66.9,66.9,51.1,69.1,73.9,75.9,62.96
52.16,59,62.96,68,66.92,82.94,95,75.92,55,57.9,55,53.1,68,61,61,64,50,64.9,70,73.9,62.06
49.82,57.2,62.96,62.6,62.96,80.06,89.06,73.94,54,55,54,53.1,63,57.9,61,60.1,48,61,64.9,69.1,60.98
47.66,57.2,62.96,62.6,60.08,78.08,84.02,73.04,54,55,54,52,63,57,57,55.9,46.9,55.9,60.1,64.9,55.94
47.84,57.2,62.06,59,59,73.94,82.94,69.08,54,55,54,52,63,55.9,57.9,55.9,46,54,54,62.1,55.94
49.64,55.4,62.06,59,59,71.06,80.96,60.98,53.1,52,55,50,61,55,57,52,44.1,51.1,51.1,61,55.04
50.36,55.4,62.06,57.2,57.02,69.98,77,57.92,53.1,51.1,54,48.9,59,53.1,57,46,44.1,50,48.9,63,51.98
50.18,55.4,62.06,59,57.02,68,75.02,57.92,53.1,48,50,46,55.9,52,57,45,43,46.9,48,61,50
50.18,55.4,62.06,57.2,57.02,66.02,73.94,53.06,52,46.9,48.9,46,55,52,57,45,43,46.9,48.9,59,53.06
50.54,55.4,62.06,57.2,55.94,64.04,73.04,53.96,52,43,48,46,54,53.1,55.9,41,43,46.9,50,55.9,50
50.18,55.4,60.98,59,53.96,62.96,71.06,50,52,43,48,46,53.1,52,55.9,39,43,46,51.1,59,50
50,55.4,60.98,59,53.96,62.06,69.08,46.04,52,42.1,48,46,52,51.1,54,39.9,43,48.9,52,55,48.02
50,55.4,60.98,59,57.92,64.94,66.92,53.96,52,44.1,46.9,46,53.1,48.9,53.1,42.1,43,53.1,51.1,53.1,53.06
50.18,55.4,60.98,60.8,64.04,69.08,69.08,64.04,53.1,48,50,46,54,46.9,59,48,44.1,57,53.1,55,53.96
50.54,57.2,60.98,60.8,66.92,73.94,75.92,69.08,54,53.1,51.1,46.9,55.9,46.9,60.1,55.9,44.1,61,54,55.9,55.04
50.9,60.8,62.06,64.4,71.06,78.08,80.96,73.94,55,55,55,48.9,61,51.1,61,61,46,64,57,55.9,55.04
51.8,60.8,62.96,68,73.04,80.06,82.94,80.06,55.9,60.1,55,50,61,55,64.9,66,46.9,66,59,55.9,57.02
52.88,64.4,64.04,69.8,77,82.94,86,82.04,59,62.1,48,51.1,60.1,57,66,70,48,69.1,62.1,57.9,57.92
53.78,66.2,64.94,69.8,80.06,87.98,87.98,86,61,64,55.9,55,62.1,57.9,66.9,72,51.1,70,60.1,57.9,59
55.4,66.2,64.94,73.4,80.06,89.06,89.96,86,62.1,66,52,57,64.9,60.1,66.9,75,55,70,62.1,62.1,60.98
54.68,68,64.94,77,82.04,89.96,91.04,91.04,63,66.9,51.1,57,66,63,57,77,55,73,62.1,64,60.98
54.86,68,64.94,75.2,80.96,91.94,93.02,87.08,62.1,69.1,53.1,57.9,66,62.1,57.9,77,57,73.9,62.1,62.1,62.06
55.76,66.2,64.04,73.4,78.98,93.02,93.92,84.02,61,69.1,50,57.9,66,61,57,75,55.9,73,62.1,64.9,62.96
54.68,64.4,64.04,69.8,75.02,91.94,93.92,84.02,60.1,66.9,51.1,55,66,57.9,57.9,75,55.9,73,64,64.9,62.96
53.78,64.4,62.06,66.2,73.94,91.04,95,82.04,57.9,64.9,53.1,54,66,57,59,73,55.9,71.1,63,63,62.06
51.98,60.8,60.08,64.4,69.98,87.08,89.96,78.98,55.9,64.9,50,52,64.9,57,60.1,69.1,53.1,71.1,62.1,64,60.98
51.26,59,60.08,62.6,66.02,84.02,84.92,75.92,52,60.1,48.9,51.1,60.1,48.9,59,66,52,64,59,60.1,59
51.26,57.2,59,60.8,64.04,80.96,80.96,73.04,51.1,57,48.9,50,57.9,46.9,57.9,62.1,48.9,60.1,54,55.9,57.92
51.44,57.2,59,60.8,62.96,78.98,78.08,69.98,48,54,48,50,57,46.9,59,59,46.9,57,50,52,53.06
50.72,57.2,60.08,60.8,60.98,77,75.92,69.08,48,53.1,46.9,48.9,55,43,55,59,46.9,54,48,46.9,51.98
50.72,59,60.08,60.8,60.08,73.94,73.94,66.02,48,51.1,46,46.9,55,41,54,53.1,46,53.1,43,45,53.06
50.54,57.2,60.08,60.8,57.92,71.96,73.04,66.92,46,52,46,46.9,55,39,55,50,45,50,39.9,44.1,51.08
50.18,57.2,60.08,60.8,57.92,69.98,71.96,64.94,45,53.1,45,46.9,53.1,41,55,53.1,43,50,39.9,43,48.02
50,57.2,60.08,60.8,57.02,69.08,71.06,62.06,45,52,44.1,46.9,52,39,55,54,41,51.1,39,41,48.92
50,57.2,60.08,60.8,55.94,66.02,69.08,60.08,48,52,43,46.9,51.1,37.9,55,55.9,42.1,50,37.9,42.1,48.02
50,57.2,60.08,60.8,55.94,64.94,68,57.92,51.1,51.1,45,46.9,52,36,53.1,55,42.1,54,39.9,39.9,51.98
50.36,55.4,60.08,60.8,57.92,64.94,64.94,62.96,52,51.1,46.9,46.9,51.1,44.1,51.1,53.1,43,54,43,44.1,55.04
50.18,57.2,60.98,60.8,62.06,69.08,66.02,69.98,53.1,52,48.9,46.9,51.1,52,51.1,57,45,55,50,44.1,57.92
50.36,59,62.06,62.6,66.92,73.94,71.96,60.98,55.9,54,51.1,46.9,52,53.1,51.1,62.1,48.9,61,52,50,59
50.9,60.8,62.96,66.2,71.06,78.08,77,64.76,57,59,52,50,51.1,57.9,51.1,66,54,66,57.9,52,60.08
51.8,62.6,64.94,66.2,73.04,82.04,82.94,68.9,60.1,62.1,55,50,50,59,51.8,69.1,55.9,66.9,62.1,57.9,62.06
51.44,66.2,66.02,69.8,77,84.92,87.08,71.24,62.1,66,55,51.1,50,61,52,71.1,60.1,71.1,63,64,62.96
53.24,68,66.02,69.8,80.96,89.06,89.06,74.12,64.9,69.1,57.9,51.1,50,63,57,73.9,61,66,64,72,64.94
54.14,69.8,64.94,71.6,82.94,91.94,91.94,74.66,64.9,72,60.1,51.1,50,62.1,55.9,75.9,64,69.1,68,73,66.92
54.32,69.8,64.94,73.4,84.02,93.92,93.92,77.18,66,70,62.1,52,50,61,59,75.9,64.9,66.9,71.1,73,69.98
53.78,69.8,64.04,73.4,84.02,95,93.02,75.2,64.9,70,63,52,50,60.1,57.9,75,61,66,72,73.9,69.08
53.6,68,64.94,71.6,84.02,93.02,93.92,74.12,64,70,62.1,51.1,50,62.1,60.1,75,62.1,68,72,72,68
52.34,66.2,62.06,69.8,82.94,93.92,93.92,73.94,62.1,69.1,62.1,50,48.9,60.1,55.9,73,61,70,59,68,66.92
51.8,66.2,62.06,66.2,78.98,91.94,93.92,71.06,61,68,60.1,50,48,57.9,55,73,61,68,59,68,64.94
51.26,62.6,62.06,64.4,73.94,87.08,91.94,66.92,57.9,63,57.9,48.9,48,55,55,66.9,60.1,66,57,66.9,62.96
50.9,60.8,62.06,62.6,69.98,84.02,89.96,62.96,55.9,59,55.9,48.9,46.9,53.1,51.1,68,57.9,63,55.9,64.9,57.92
50.54,57.2,62.06,60.8,66.92,80.96,82.94,60.98,53.1,59,54,48.9,46,51.1,50,64.9,55.9,57.9,54,61,57.02
49.28,57.2,62.06,60.8,64.94,77,77,57.92,51.1,55.9,53.1,48.9,46,50,48,64,52,55.9,53.1,57.9,55.04
49.82,55.4,62.06,60.8,62.96,73.94,75.02,59,48,53.1,53.1,48.9,46.9,50,46.9,63,52,55,50,55.9,53.06
50.18,57.2,62.06,60.8,62.06,71.06,75.92,55.94,48,51.1,53.1,48.9,46,50,45,59,50,53.1,48.9,54,51.08
50,55.4,62.06,62.6,60.98,69.98,75.02,55.04,46,50,52,48.9,46,50,44.1,66.9,48.9,54,48,51.1,51.98
49.64,51.8,62.06,62.6,59,69.08,71.96,55.04,45,46.9,51.1,48.9,45,48.9,43,60.1,46.9,60.1,46.9,48.9,51.08
48.56,51.8,62.06,62.6,57.92,66.02,69.98,53.06,45,44.1,52,48.9,45,48.9,41,57,46,60.1,48,46.9,50
47.12,51.8,62.06,62.6,57.02,64.04,66.92,51.98,44.1,44.1,51.1,48.9,45,48,41,51.1,44.1,61,48,46,50
44.42,50,62.06,60.8,57.02,62.96,66.02,48.92,45,41,51.1,48.9,44.1,48.9,39.9,54,44.1,59,48,46,51.08
46.04,53.6,62.06,60.8,62.06,64.04,68,53.96,46.9,48,51.1,50,44.1,48.9,41,55,46.9,60.1,46.9,45,51.08
50,55.4,62.06,60.8,66.02,69.08,71.96,57.92,53.1,52,51.1,50,45,50,44.1,57,50,61,46.9,45,51.98
51.98,57.2,62.96,60.8,71.06,73.04,75.92,62.06,57.9,55,52,51.1,45,50,45,60.1,54,63,46.9,44.1,51.98
53.96,60.8,64.04,62.6,75.02,77,78.98,66.02,63,60.1,54,51.1,46.9,51.1,48.9,62.1,57,64,46.9,44.1,51.98
55.94,62.6,64.94,60.8,80.06,80.06,82.94,69.08,66,64,54,51.1,46.9,55,51.1,64,60.1,66.9,48,45,51.08
57.38,62.6,66.02,62.6,84.02,82.04,86.18,73.04,66.9,68,54,52,48.9,57,53.1,66.9,63,68,48,46,51.98
61.34,64.4,66.02,68,87.98,86,89.06,75.92,66.9,70,54,55.9,48,59,53.1,68,64,72,48.9,46.9,51.98
61.16,66.2,66.02,69.8,89.06,87.98,91.94,78.08,66.9,72,55,59,50,63,55.9,71.1,66,73.9,48,46.9,53.96
60.8,66.2,66.02,71.6,91.04,89.06,93.02,78.98,68,73.9,55.9,57.9,53.1,62.1,55,72,68,73.9,48,48,55.94
61.34,66.2,64.94,71.6,93.02,91.04,95,80.06,66.9,75,57,60.1,55,64.9,55.9,73.9,69.1,78.1,48,48.9,57.92
60.08,66.2,64.94,71.6,93.02,91.04,96.08,82.04,64.9,75.9,55.9,61,54,66,57,73.9,68,72,46.9,48,59
57.92,64.4,64.94,69.8,91.04,89.96,96.08,82.94,64,75.9,57,62.1,55,64,57,70,68,73,46.9,48,57.92
56.66,62.6,64.94,66.2,89.06,87.98,95,78.98,63,70,57,61,54,64,57,69.1,66,73.9,46.9,46,57.02
54.5,59,62.06,64.4,84.92,84.02,91.04,75.02,60.1,66,55.9,60.1,54,63,57.9,68,60.8,71.1,48,46,55.04
50.9,57.2,60.98,62.6,80.06,80.06,84.92,69.98,57.9,61,55,55,53.1,57.9,55,62.1,62.1,69.1,48,45,53.96
50.54,57.2,60.98,62.6,78.98,75.02,82.04,68,57,57.9,55,52,52,55.9,51.1,60.1,57.9,66,46.9,44.1,53.06
48.74,55.4,60.98,62.6,75.92,71.06,78.98,62.96,55.9,55.9,54,52,51.1,54,50,53.1,57,62.1,46.9,44.1,53.96
46.22,51.8,60.08,59,73.94,69.08,77,64.04,55,55,54,52,48.9,51.1,50,48.9,57,61,46.9,42.1,51.98
44.42,53.6,60.08,57.2,71.06,66.92,77,60.08,55,52,54,51.1,46,45,48,44.1,55,59,46,41,51.08
44.06,51.8,60.08,57.2,69.98,64.04,77,60.08,55,48,52,51.1,45,45,46.9,42.1,53.1,57,46,39.9,51.08
43.16,51.8,60.08,57.2,66.92,62.06,75.02,59,54,48,52,51.1,41,43,44.1,39.9,51.1,52,46,39,50
42.44,50,60.98,57.2,66.92,60.98,69.98,53.96,54,43,51.1,51.1,41,41,42.1,39,48,60.1,45,39,50
41.72,48.2,60.08,55.4,66.02,59,69.98,50,54,43,51.1,51.1,42.1,39,42.1,37,48,60.1,45,39,50
41.9,53.6,60.08,55.4,64.94,57.02,69.08,42.08,50,44.1,48.9,51.1,43,39.9,41,36,46.9,60.1,45,39,50
43.52,51.8,60.98,57.2,69.98,59,69.08,53.96,53.1,46,51.1,51.1,44.1,46,42.1,39,48.9,60.1,45,39.9,50
49.28,55.4,60.98,59,77,62.06,69.98,60.98,59,52,53.1,52,44.1,53.1,46,46.9,53.1,59,45,39.9,50
50.54,57.2,62.06,60.8,80.96,66.92,75.02,66.92,63,57,55,54,43,57.9,51.1,51.1,59,59,45,39,51.08
52.88,60.8,64.94,66.2,82.94,71.06,78.08,71.06,66.9,61,59,55.9,50,61,54,54,64,62.1,46,39.9,51.98
54.32,60.8,66.02,69.8,89.06,75.02,82.04,75.92,70,63,62.1,59,55,64,55.9,60.1,69.1,66,46.9,39,51.08
56.84,62.6,66.92,69.8,89.96,78.08,86,80.06,73,66,61,62.1,57.9,66.9,59,64,72,64.9,46,39.9,51.98
59.72,64.4,66.92,73.4,93.92,80.96,89.06,84.02,73.9,69.1,63,61,61,69.1,59,68,75.9,64.9,46,39.9,53.96
61.7,66.2,66.02,75.2,96.08,82.94,91.94,87.08,77,71.1,64.9,62.1,61,72,61,71.1,77,66,46.9,39.9,55.94
62.42,66.2,66.02,75.2,98.06,84.92,93.92,87.98,75.9,72,64.9,61,62.1,73,64,73,77,66,46.9,42.1,57.92
67.1,68,66.92,75.2,98.96,86,93.74,89.06,75,73.9,68,63,62.1,73.9,64.9,75,77,66.9,46.9,42.1,57.02
66.02,66.2,64.94,71.6,98.06,86,93.02,89.96,75,73,68,63,62.1,73.9,66.9,75,78.1,66.9,46.9,42.1,57.02
65.66,66.2,64.94,69.8,95,84.92,91.04,89.06,75.9,70,68,63,62.1,75,68,75,77,68,46,41,57.02
62.42,64.4,64.04,68,91.04,82.04,87.98,87.98,73,68,69.1,63,59,73.9,66.9,73,77,66,44.1,39.9,57.02
60.44,60.8,62.06,66.2,87.08,78.08,82.04,80.96,69.1,64,66,62.1,57,71.1,66.9,70,75,64.9,44.1,37.9,55.94
55.22,57.2,62.06,64.4,80.96,75.02,73.94,75.92,64.9,60.1,63,59,52,64.9,64.9,61,68,64,42.1,37,55.94
52.7,53.6,62.06,62.6,78.08,73.04,71.96,71.96,63,57,57.9,57,50,55,62.1,57,70,62.1,41,37,55.04
50.18,55.4,60.98,62.6,73.94,69.98,69.98,69.98,62.1,55,57,57,48.9,54,57.9,53.1,68,55,42.1,35.1,53.96
48.56,51.8,60.98,62.6,73.94,66.92,69.98,71.06,57,51.1,55.9,57.9,48.9,52,57.9,55,63,55.9,41,35.1,53.06
47.48,50,60.98,62.6,68,64.04,68,69.08,57.9,51.1,54,54,46,51.1,54,52,61,53.1,39.9,35.1,53.06
45.86,51.8,60.08,60.8,66.92,62.06,66.02,64.04,54,48,53.1,55,45,54,51.1,50,62.1,52,39.9,35.1,51.98
45.68,50,60.08,60.8,64.94,60.08,64.04,60.98,55.9,46.9,53.1,54,43,48,51.1,46.9,61,46.9,39.9,36,51.98
44.42,51.8,60.08,59,62.06,59,62.96,57.02,55,46,52,52,42.1,46,46.9,45,57,48,39.9,35.1,53.06
43.88,51.8,60.08,59,59,57.92,62.06,53.96,53.1,44.1,52,53.1,42.1,44.1,48,43,59,46,41,33.1,53.06
44.06,50,60.08,57.2,60.98,57.02,60.08,51.98,52,43,50,53.1,42.1,45,46.9,41,57,48.9,41,32,51.98
46.4,53.6,62.06,59,64.04,59,60.08,57.92,55.9,46,52,54,44.1,51.1,46,42.1,59,52,41,32,51.98
52.52,59,62.06,60.8,69.98,60.08,62.06,66.92,60.1,51.1,54,55,46.9,57.9,50,43,64,59,42.1,33.1,53.06
51.08,60.8,62.96,62.6,75.02,64.04,62.96,75.02,62.1,57,55,57,51.1,63,52,46,70,62.1,43,33.1,53.96
50.72,62.6,64.94,64.4,80.96,69.08,68,78.98,64,61,57.9,61,51.1,66,55.9,48,73.9,64,43,34,55.04
53.78,64.4,64.94,69.8,84.92,71.06,71.96,84.02,64,64.9,61,64.9,55,71.1,59,50,80.1,66,43,35.1,55.94
56.48,69.8,66.02,73.4,87.08,75.92,75.92,86,64.9,66.9,64.9,66,57.9,75.9,61,55,82.9,69.1,44.1,39,57.02
57.56,71.6,66.02,75.2,91.94,78.08,78.98,89.06,66,70,69.1,68,59,78.1,62.1,57,84,70,46.9,42.1,57.92
58.1,73.4,64.94,77,93.02,80.96,80.96,91.94,66,73.9,71.1,69.1,60.1,80.1,64.9,59,84,72,50,44.1,59
57.56,73.4,64.04,78.8,93.02,82.94,80.96,89.96,63,75.9,73.9,69.1,57,82,66,59,86,73,52,48.9,60.08
59.54,71.6,66.02,78.8,96.08,84.92,82.94,91.04,63,78.1,77,72,59,82.9,68,60.1,84.9,73.9,53.1,52,60.98
58.1,71.6,66.92,75.74,93.92,84.02,84.92,91.94,60.1,77,77,72,55,86,69.1,61,88,77,54,54,60.98
56.3,69.8,64.04,71.6,91.04,84.02,84.02,89.96,60.1,75,77,71.1,50,84.9,71.1,60.1,84,77,55,55.9,62.06
56.12,69.8,60.98,69.8,87.08,82.04,84.92,86,59,71.1,75,69.1,50,84.9,71.1,59,73.9,75,55,57,60.08
54.14,66.2,60.08,64.4,80.06,78.98,82.94,84.02,57.9,68,72,66.9,48.9,80.1,70,57,73,71.1,52,54,59
53.06,62.6,60.08,62.6,71.96,73.94,80.96,78.08,57,63,69.1,64,48,75,66,53.1,60.1,68,52,52,57.92
52.88,57.2,60.08,60.8,68,69.98,78.08,77,55,62.1,66,61,48,66,64,51.1,59,63,50,43,56.84
52.34,56.48,60.44,60.62,65.66,68.72,76.64,72.68,54.5,59.5,64.6,59.2,48.4,64,64,52.2,58.8,61.9,48.4,44.1,55.94
51.8,55.58,60.62,60.26,63.14,67.46,75.2,68.36,54,56.8,63.1,57.2,48.9,62.1,64,53.4,58.6,61,46.6,45,55.22
51.26,54.86,60.98,60.08,60.8,66.2,73.76,64.04,53.4,54.3,61.7,55.4,49.3,60.1,64,54.5,58.5,59.9,45,46,54.68
50.54,54.14,61.16,59.72,58.28,64.76,72.32,59.9,52.7,51.8,60.3,53.6,49.8,57.9,64,55.6,58.5,59,43.3,46.9,54.5
50,53.42,61.52,59.54,55.94,63.5,70.88,55.58,52.2,49.3,58.8,51.8,50.2,55.9,64,56.7,58.3,57.9,41.7,48,54.32
49.46,52.52,61.7,59.18,53.42,62.24,69.44,51.26,51.6,46.6,57.4,49.8,50.7,54,64,57.9,58.1,57,39.9,48.9,54.32
48.92,51.8,62.06,59,51.08,60.98,68,46.94,51.1,44.1,55.9,48,51.1,52,64,59,57.9,55.9,38.3,50,54.32
48.92,55.4,62.06,59,50,60.08,69.08,42.98,51.4,43,55,48,51.1,53.1,63,57.2,57,54,37.9,50,54.14
50,57.2,62.96,57.2,55.94,60.98,68,51.98,51.6,43,57.9,50,51.1,54,64.9,53.6,60.1,54,41.4,50,54.14
50,59,64.94,60.8,62.96,62.96,68,59,52,44.1,60.1,52,52,57.9,70,60.8,55.9,53.1,44.6,51.1,55.94
51.08,60.8,68,62.6,71.06,66.92,69.98,64.94,56.3,46.9,64,54,54,61,73,69.8,61,53.1,48,55,57.92
51.98,62.6,69.98,64.4,77,71.06,73.04,68,60.6,50,66.9,55.9,55.9,64,78.1,71.6,62.1,54,51.6,55.9,60.08
53.06,64.4,69.98,69.8,82.04,75.02,73.94,73.94,64.9,54,69.1,57.9,59,66.9,86,73.4,62.1,55,55.4,61,60.98
53.96,69.8,71.96,73.4,84.02,78.08,77,78.08,63,57.9,72,60.1,61,71.1,90,75.2,66,57,59,63,64.04
53.06,69.8,71.96,73.4,86,82.04,80.06,80.96,61,59,75,62.1,64,73,91.9,82.4,68,59,60.6,68,64.94
51.98,69.8,71.06,73.4,87.08,84.02,82.94,82.04,59,63,78.1,63,66,75.9,93,80.6,73.9,60.1,62.4,72,66.02
55.04,69.8,73.94,75.2,89.96,86,84.02,82.04,58.6,62.1,81,64,66.9,77,96.1,82.4,75,61,64,73.9,66.92
55.94,69.8,73.04,75.2,91.04,87.98,84.92,80.96,58.3,63,82.9,64.9,66.9,79,96.1,80.6,72,64.9,65.3,72,66.02
55.04,68,73.94,73.4,89.96,89.06,89.06,82.04,57.9,62.1,82.9,63,66.9,78.1,96.1,75.2,73,64,66.7,72,66.92
53.96,66.2,73.04,71.6,89.96,87.98,87.08,77,55.9,61,82,64,66.9,75.9,93,69.8,72,54,68,73.9,66.02
53.96,64.4,71.96,66.2,87.98,87.08,86,73.94,54,57.9,80.1,64,64.9,73,91.9,62.6,71.1,55,66.9,73,64.94
53.06,60.8,69.08,62.6,80.96,82.94,84.92,71.96,52,54,78.1,63,61,70,89.1,62.6,70,55.9,66,72,64.94
51.98,60.8,68,60.8,75.02,80.06,80.96,69.98,50.7,53.1,73.9,59,55.9,66.9,82,62.6,64,54,64.9,70,62.96
51.08,59,68,59,71.96,77,78.08,69.98,49.3,52,72,57,54,64,70,59,57.9,50,59,64.9,62.06
50,57.2,68,59,68,73.94,75.92,64.94,48,52,69.1,57,53.1,62.1,66.9,60.8,57,48,52.9,62.1,60.08
48.92,55.4,68,57.2,66.02,71.96,73.94,62.06,46.8,51.1,68,55.9,51.1,59,64.9,55.4,54,46.9,46.9,63,55.94
46.04,53.6,66.92,59,62.96,69.08,73.94,60.98,45.3,51.1,64,54,48,59,63,55.4,53.1,46.9,45,57.9,55.04
44.96,55.4,66.92,59,60.08,66.92,73.94,62.06,44.1,51.1,63,53.1,46,55,61,55.4,51.1,46.9,43,57,55.04
42.98,55.4,66.02,59,57.92,64.94,73.94,60.08,44.8,51.1,59,52,45,57,59,53.6,50,46,41,53.1,53.96
42.98,53.6,64.94,60.8,57.02,62.96,73.94,59,45.3,50,59,51.1,45,57,57,53.6,50,44.1,40.6,51.1,55.04
42.98,51.8,64.94,60.8,55.94,62.06,73.04,57.92,46,50,59,50,44.1,55.9,55,53.6,50,43,40.3,52,53.96
41,55.4,64.04,60.8,55.04,60.98,69.98,53.96,48,48.9,57,50,45,55.9,54,53.6,50,42.1,39.9,54,53.96
44.96,55.4,66.92,60.8,60.08,64.04,71.06,59,50,51.1,57.9,52,50,59,53.1,53.6,52,46,44.6,55,55.04
50,59,71.96,60.8,64.04,68,73.94,62.06,52,53.1,59,53.1,54,63,53.1,51.8,55.9,51.1,49.3,55,55.94
53.06,59,73.04,60.8,69.98,73.04,75.92,62.96,53.2,55,63,57,57.9,66,55,51.8,57,54,54,57.9,57.92
53.96,60.8,78.98,62.6,73.04,77,78.98,64.94,54.7,57.9,64.9,59,62.1,69.1,57,53.6,59,57,57.6,61,62.06
57.02,64.4,78.08,64.4,77,80.96,84.92,62.96,55.9,62.1,68,63,64.9,72,57.9,53.6,59,60.1,61.3,60.1,62.96
57.02,64.4,75.02,66.2,82.04,84.02,86,66.02,57.4,68,71.1,64,68,72,63,53.6,57,62.1,64.9,60.1,64.94
55.94,66.56,77,69.8,84.92,87.08,87.98,69.08,58.6,71.1,75,66.9,70,75,64.9,51.8,54,62.1,68.4,63,66.02
57.92,68,73.04,69.8,86,89.96,89.06,69.08,60.1,73.9,77,66.9,71.1,75.9,66,53.6,53.1,63,71.6,66.9,69.08
57.92,66.2,75.02,69.8,87.08,91.04,91.04,69.98,58.6,75.9,80.1,68,73,78.1,66.9,53.6,54,64.9,75,64,69.98
57.92,66.2,80.96,71.6,87.98,91.94,93.02,69.98,57.4,78.1,80.1,68,73,79,68,57.2,55,66.9,75.7,66,69.98
59,64.4,75.02,69.8,87.08,91.94,93.02,64.94,55.9,75.9,82,68,73,78.1,70,50,57,68,76.3,64.9,69.98
57.02,62.6,77,66.2,84.92,91.04,93.02,64.94,55.2,75,81,66.9,71.1,77,70,51.8,57.9,68,77,66.9,68
55.04,60.8,77,64.4,80.06,89.06,91.94,62.96,54.7,70,80.1,68,69.1,73.9,70,51.8,59,66,73.4,64.9,69.08
53.06,57.2,77,62.6,75.02,84.92,91.04,59,54,66.9,77,62.1,66,70,68,51.8,59,64,69.6,64.9,68
51.98,57.2,75.02,60.8,69.98,80.96,87.08,53.06,52.7,64.9,71.1,61,62.1,66,64.9,51.8,55.9,60.1,66,59,66.02
48.02,55.4,75.02,60.8,66.92,75.92,82.04,51.08,51.3,61,68,57,57.9,62.1,60.1,44.6,54,57.9,62.1,55.9,62.96
48.92,55.4,71.96,59,64.04,71.96,80.06,51.98,50,57,64,57.9,54,62.1,57,44.6,54,55.9,57.9,55.9,60.98
50,55.4,69.98,57.2,60.98,69.08,78.08,50,49.6,57.9,63,59,52,60.1,57,42.8,54,55.9,54,55,60.08
50,55.4,71.06,57.2,57.92,66.92,77,46.94,49.3,57.9,60.1,57.9,53.1,57,52,41,51.1,55,52.3,53.1,59
48.02,55.4,69.08,57.2,53.06,64.94,77,44.06,48.9,57,59,55,53.1,57,50,42.8,51.1,53.1,50.5,50,57.92
46.94,55.4,66.92,57.2,51.98,64.04,77,39.92,48.9,55.9,57,55.9,55,57,46,41,50,50,48.9,48.9,57.02
44.06,55.4,66.92,57.92,51.08,62.06,77,39.02,48.9,55.9,55.9,55,52,57,45,41,48.9,51.1,48.2,48,55.94
42.98,55.4,66.02,59,50,60.08,75.92,37.04,48.9,55,55,54,48.9,55,43,39.2,46.9,51.1,47.7,46.9,55.94
44.06,53.6,66.02,59,48.92,59,73.94,33.98,49.6,54,55,54,52,51.1,44.1,39.2,48,46,46.9,46,57.02
44.96,53.6,66.92,59,55.04,60.08,73.04,44.06,50.4,54,55.9,53.1,55.9,57,44.1,40.5,52,46.9,50.9,46,55.94
51.98,55.4,69.98,59,60.98,64.04,77,48.92,51.1,55,59,55.9,61,60.1,44.1,44.6,53.1,54,55,46.9,57.02
59,53.6,71.96,60.8,66.02,69.08,82.04,51.08,52.7,57,63,57.9,64,63,48,50,55,60.1,59,50,57.02
60.08,55.4,73.04,60.8,71.06,73.94,82.04,53.96,54.3,60.1,66.9,60.1,68,66.9,50,53.6,57,63,63.3,55.9,57.92
60.98,57.2,75.92,64.4,75.02,78.98,86,53.96,55.9,62.1,71.1,63,71.1,71.1,51.1,57.2,59,66,67.6,59,59
59,59,77,66.2,78.98,82.04,89.96,57.92,54.7,63,73.9,64.9,73.9,73.9,52,59,62.1,71.1,72,60.1,59
60.08,60.8,73.94,68,82.94,86,91.94,59,53.2,63,79,69.1,75,75.9,53.1,60.8,64,73,73.9,64.9,60.98
60.98,62.6,73.04,69.8,86,87.98,93.92,60.98,52,66,82.9,69.1,78.1,78.1,57,62.6,63,75,76.1,63,62.06
64.04,64.4,73.94,69.8,87.98,89.06,96.08,57.92,52,70,80.1,70,78.1,78.1,57,64.4,64.9,75,78.1,64,62.06
62.06,64.4,73.94,69.8,89.06,91.04,96.98,60.98,52,72,75.9,69.1,78.1,78.1,55.9,66.2,62.1,78.1,79,62.1,60.98
59,62.6,73.04,69.8,89.06,91.04,96.98,57.02,52,69.1,80.1,69.1,78.1,79,60.1,66.2,64,78.1,80.1,60.1,62.06
60.08,62.6,71.96,68,87.98,89.96,98.06,55.04,53.1,66.9,81,69.1,75.9,78.1,59,66.2,63,73.9,81,66,62.06
60.08,60.8,71.06,66.2,84.92,89.06,98.06,53.06,54,64.9,80.1,66.9,73.9,78.1,55.9,64.4,57.9,64,77.7,62.1,60.98
59,59,69.08,64.4,80.96,84.02,96.08,48.02,55,62.1,77,64.9,72,73,57,60.8,60.1,64.9,74.3,61,60.08
57.02,57.2,66.92,62.6,73.04,78.98,91.94,46.04,55,57.9,72,63,69.1,68,53.1,59,57,64.9,71.1,60.1,59
57.02,55.4,66.02,62.6,68,75.02,87.08,46.04,55,55.9,68,61,64,66.9,51.1,57.2,57,57.9,65.3,57,57.92
57.02,55.4,66.02,60.8,64.94,71.06,84.92,44.06,55,54,68,60.1,57,66.9,48.9,53.6,54,54,59.7,53.1,57.02
57.02,55.4,64.94,60.8,60.08,69.08,82.04,44.06,55,52,63,57.9,57,66,48.9,55.4,52,53.1,54,55,55.94
57.02,55.4,64.94,60.8,57.92,66.92,80.06,44.96,55,50,61,57.9,57,63,46,48.2,51.1,51.1,53.2,50,53.96
55.04,55.4,64.04,59,55.94,64.94,80.06,44.96,55,48,61,57,54,59,45,44.6,50,51.1,52.7,45,51.98
55.04,55.4,64.04,57.2,55.04,62.96,80.06,42.08,55.4,45,60.1,55.9,52,62.1,43,44.6,50,51.1,52,44.1,51.08
55.04,53.6,64.04,57.2,53.06,62.06,78.08,42.98,55.6,45,57.9,55,51.1,59,42.8,42.8,48.9,52,51.3,43,51.08
55.04,53.6,64.04,57.2,53.06,60.08,75.92,44.06,55.9,41,55.9,53.1,51.1,55.9,44.1,41,48.9,53.1,50.7,43,48.02
55.04,53.6,64.04,57.2,51.98,59,75.92,46.04,55.9,39.9,57.9,52,50,55,45,39.2,46,48.9,50,39.9,48.02
55.04,53.6,64.94,57.2,57.92,60.08,73.04,46.94,55.9,45,60.1,52,48.9,60.1,46.9,42.8,46.9,54,53.6,44.1,53.06
55.04,55.4,64.94,60.8,60.98,62.96,75.02,48.92,55.9,50,64,53.1,53.1,64,48.9,46.4,50,55.9,57.4,48,55.94
55.94,55.4,66.02,64.4,66.02,66.02,78.08,55.04,56.7,55,70,54,55.9,66,50,51.8,52,61,61,53.1,59
55.94,55.4,68,69.8,71.06,69.08,82.94,57.02,57.2,60.1,73,55.9,57,68,53.1,55.4,55.9,66,64.6,57.9,60.08
57.92,57.2,69.98,73.4,73.94,73.04,87.08,60.98,57.9,62.1,79,60.1,59,72,55,60.8,60.1,69.1,68.4,63,60.98
57.92,59,71.06,77,77,75.02,89.06,64.04,59.5,64,80.1,60.1,62.1,75,57,64.4,62.1,72,72,66,60.08
59,60.8,71.06,78.8,80.06,78.08,93.92,66.02,61.3,66.9,82,60.1,63,78.1,59,68,64,73.9,74.3,69.1,60.98
59,62.6,69.98,80.6,84.92,80.96,93.02,68,63,68,84,61,66.9,78.1,59,69.8,68,72,76.6,71.1,62.06
57.92,62.6,71.06,80.6,86,84.02,96.08,66.02,63.3,69.1,86,63,68,80.1,64,69.8,69.1,57.9,79,73.9,60.98
57.92,64.4,69.98,78.8,87.98,86,98.06,66.02,63.7,71.1,88,63,68,80.1,64.9,71.6,70,66,80.1,75.9,62.06
57.92,64.4,69.08,78.8,87.98,84.92,98.96,64.04,64,73,86,62.1,68,81,66.9,71.6,72,66.9,81,77,62.06
57.02,62.6,68,78.8,80.96,84.92,96.98,64.04,62.4,73,86,61,69.1,81,68,69.8,70,70,82,77,60.98
57.02,60.8,68,75.2,73.94,86,96.98,64.04,60.6,72,84.9,60.1,68,78.1,68,69.8,69.1,68,78.4,77,60.08
55.94,60.8,66.02,71.6,69.08,82.04,93.92,59,59,70,84,59,66,73,68,66.2,68,64.9,74.7,73.9,60.08
55.94,57.2,64.94,66.2,64.94,78.08,89.06,55.94,57,66,79,59,61,70,64,66.2,64,60.1,71.1,70,59
55.04,57.2,64.94,64.4,62.96,77,86,55.04,55,60.1,72,57.9,57,68,62.1,62.6,64,55,65.7,64.9,57.02
55.04,57.2,64.04,64.4,59,71.96,82.04,57.02,53.1,55,71.1,55.9,57,66,61,55.4,61,52,60.4,60.1,57.92
55.04,57.2,64.04,64.4,55.94,69.98,78.98,55.04,52.7,53.1,66,55,52,64,61,51.8,57.9,50,55,59,57.92
55.04,55.4,64.94,64.4,55.94,66.92,78.08,50,52.3,52,64,54,48.9,61,60.1,48.2,59,50,53.4,54,57.02
53.96,55.4,64.04,62.6,53.96,64.94,78.98,53.96,52,51.1,62.1,53.1,48.9,60.1,59,48.2,57,52,51.6,50,57.02
55.04,55.4,64.04,62.6,53.06,62.06,77,53.06,52.3,51.1,59,52,48,54,55.9,46.4,55.9,52,50,50,55.94
55.04,55.4,64.04,62.6,50,60.98,77,53.06,52.7,48,57.9,52,48,51.1,57,42.8,52,48,48.9,46.9,55.04
53.96,55.4,64.04,60.8,51.98,59,75.92,53.06,53.1,45,57.9,51.1,46,48.9,57,46.4,53.1,45,48,46,55.04
55.04,55.4,64.04,60.8,51.98,59,75.02,51.98,55,45,57.9,51.1,48.9,51.1,54,42.8,55,51.1,46.9,46,55.04
55.04,55.4,64.04,62.6,55.04,60.08,73.94,53.96,57,46.9,60.1,52,51.1,55,55,48.2,52,55,50.9,46,55.94
57.02,57.2,64.94,64.4,60.08,62.96,75.92,59,59,50,63,53.1,55,63,54,53.6,53.1,57,55,53.1,57.92
57.92,57.2,64.94,69.8,64.04,66.02,78.98,66.02,62.4,55.9,66.9,55.9,57.9,69.1,57,59,57.9,61,59,55.9,57.92
60.98,62.6,64.94,75.2,66.92,69.98,82.04,69.98,65.7,61,71.1,57,61,72,60.1,62.6,66,64.9,63,61,60.98
60.98,64.4,66.02,82.4,71.96,71.96,87.08,71.06,69.1,64,73.9,57.9,64,73,62.1,66.2,72,68,67.1,64,62.96
60.98,66.2,66.92,87.8,75.02,75.92,87.98,73.94,71.4,66.9,77,60.1,66,73.9,63,69.8,73.9,71.1,71.1,69.1,62.06
62.06,69.8,66.92,91.4,78.08,77,91.04,75.02,73.6,71.1,82,62.1,70,75,62.1,71.6,78.1,72,73.4,73.9,62.96
64.04,69.8,69.08,93.2,80.06,80.06,93.02,75.92,75.9,70,84,62.1,70,75,60.1,73.4,78.1,73,75.7,78.1,64.94
60.08,69.8,69.08,95,82.04,82.04,96.08,78.98,75.9,70,84.9,59,72,73,59,75.2,79,75,78.1,81,64.94
60.08,69.8,69.08,93.2,82.94,82.94,96.08,78.08,75.9,71.1,84.9,57,72,73.9,59,75.2,80.1,73.9,79.7,82.9,66.02
60.08,68,69.08,93.2,80.96,78.98,96.98,80.06,75.9,72,86,55.9,71.1,73.9,62.1,78.8,82,75,81.3,84,68
60.08,68,66.92,93.2,80.06,73.94,96.98,78.98,73.6,69.1,82.9,55.9,69.1,71.1,64.9,77,80.1,72,82.9,82.9,69.08
57.92,64.4,66.02,84.2,77,75.92,96.08,77,71.4,66.9,78.1,55.9,68,68,64.9,75.2,79,75,79.9,82,69.08
57.02,62.6,64.04,75.2,73.04,75.02,93.92,71.96,69.1,64,70,55.9,66,64.9,64,73.4,73,73,77,82,66.02
55.94,62.6,64.04,69.8,68,69.98,89.06,71.06,66,62.1,64,54,64,62.1,62.1,69.8,68,69.1,73.9,75.9,62.96
57.02,60.8,64.04,69.8,64.04,66.92,84.02,69.08,63.1,60.1,59,53.1,59,59,60.1,66.2,68,68,68.9,72,62.96
60.08,57.2,64.04,66.2,60.98,64.04,80.06,68,60.1,60.1,57,54,59,55.9,57.2,64.4,70,63,64,63,60.98
60.08,60.8,64.04,64.4,60.08,62.06,78.08,64.04,58.1,59,55.9,53.1,57,54,57,62.6,66,62.1,59,57.9,59
62.96,57.2,62.96,62.6,57.92,60.98,77,60.08,55.9,55.9,55.9,53.1,55,53.1,53.1,57.2,66.9,63,56.3,55,57.02
59,55.4,62.96,62.6,55.04,60.08,75.92,59,54,57,57,53.1,55,51.1,52,53.6,64.9,62.1,53.8,53.1,55.04
59,55.4,62.96,62.6,55.04,57.92,75.92,53.96,54.3,57,55.9,53.1,52,48.9,51.1,55.4,63,57,51.1,52,53.96
60.08,53.6,62.96,60.8,53.06,57.02,73.94,48.92,54.7,55.9,55.9,53.1,51.1,50,48,53.6,61,55.9,50,50,53.96
59,51.8,62.96,60.8,53.96,55.94,73.04,46.04,55,54,55.9,52,50,43,46.9,51.8,57,55,49.1,48,53.06
55.94,50,62.06,61.34,53.96,55.94,71.96,48.92,57.4,55.9,55.9,52,50,44.1,46.9,53.6,57,55,48,51.1,53.06
57.02,57.2,62.06,63.32,57.92,57.92,71.06,55.04,59.7,55.9,55.9,52,48.9,48.9,48,55.8,57,57.9,52.7,51.1,53.96
57.92,60.8,62.96,66.2,62.96,59,75.92,62.06,62.1,59,57,53.1,50,53.1,52,60.8,61,60.1,57.4,55,55.04
57.92,62.6,64.04,71.6,68,62.96,78.08,68,63.7,61,57.9,54,48.9,57,55.9,60.8,66.9,63,62.1,60.1,55.94
59,64.4,64.94,75.2,71.96,66.92,82.94,73.04,65.3,64,59,55.9,48.9,59,61,62.6,71.1,66,66,63,57.02
62.06,68,66.02,82.4,75.02,68,87.08,75.02,66.9,68,61,57,48.9,60.1,62.1,66.2,72,66.9,70,70,57.92
62.06,71.6,66.92,86,78.08,69.98,89.96,78.08,68,66.9,64,60.1,48.9,61,64.9,69.8,73.9,66.9,73.9,73.9,59
64.04,71.6,69.08,87.8,80.96,73.94,93.02,80.06,68.9,72,64.9,57,48.9,63,66.9,71.6,75.9,68,75.6,78.1,60.08
64.04,71.6,68,86,84.02,73.94,96.98,82.04,70,70,66.9,54,48.9,66,69.1,75.2,75.9,69.1,77.4,82,60.08
64.94,71.6,69.08,82.4,86,75.92,96.98,82.04,69.3,68,69.1,55,50,66.9,70,75.2,77,75,79,82.9,60.98
64.94,71.6,66.92,82.4,86,77,98.96,82.94,68.7,68,69.1,59,51.1,66,71.6,75.2,78.1,77,75.9,84.9,62.06
64.94,69.8,66.92,80.6,84.92,77,98.96,82.04,68,71.1,70,54,50,64.9,72,77,78.1,75,73,84,62.06
66.02,68,66.02,78.8,82.94,75.92,98.96,78.98,64.4,70,70,57,55.9,64.9,73,73.4,77,57,70,82.9,60.98
64.04,64.4,64.94,73.4,78.98,75.92,100.04,77,60.6,66.9,70,51.1,53.1,61,73,73.4,75,63,67.6,82,60.98
62.96,62.6,64.04,73.4,75.02,73.04,98.96,73.04,57,64.9,68,53.1,50,60.1,73,71.6,70,61,65.3,80.1,60.08
62.06,60.8,62.96,69.8,69.98,69.98,93.02,69.08,55.9,61,63,52,48.9,57,70,66.2,66.9,57.9,63,75,57.92
59,60.8,62.96,66.2,66.02,68,87.98,64.94,55,57.9,60.1,51.1,46.9,53.1,68,62.6,64,55.9,61.3,66.9,57.02
57.92,60.8,64.04,66.2,62.96,64.94,84.02,60.08,54,55,57,51.1,44.1,51.1,64,55.4,61,53.1,59.5,68,57.02
57.92,57.2,62.96,64.4,60.98,62.06,82.04,57.02,54.3,55,55,51.1,45,46,64,51.8,57.9,53.1,57.9,62.1,55.94
62.96,59,62.96,64.4,60.08,60.08,82.94,51.98,54.7,54,54,50,45,44.1,64,51.8,55.9,51.1,57,55.9,55.04
59,57.2,62.96,62.6,57.92,59,80.06,53.06,55,48.9,53.1,50,43,42.1,63,48.2,54,51.1,55.9,55,55.04
60.08,57.2,62.96,62.6,57.92,57.02,78.98,50,54.7,50,52,50,42.1,41,63,48.2,53.1,51.1,55,52,55.04
60.08,55.4,64.04,62.6,57.02,55.94,75.92,48.92,54.3,48,51.1,50,41,35.1,61,48.2,52,51.1,54.3,51.1,53.96
64.04,55.4,64.04,60.8,57.02,55.04,75.92,46.04,54,48,50,50,42.1,37,55.9,50,51.1,50,53.8,53.1,53.06
60.98,55.4,64.04,60.8,57.02,53.96,75.02,42.98,54,46,50,50,41,37.9,55.9,44.6,51.1,48,53.1,48,53.06
60.98,55.4,64.04,60.8,59,55.94,73.94,51.08,54,48,52,50,44.1,43,57.9,48.2,52,48,54.7,52,53.96
57.92,57.2,64.94,62.6,62.96,59,78.08,57.02,54,54,55,51.1,46,48,63,50,55,48.9,56.3,55,55.04
59,60.8,64.04,62.6,66.02,62.06,80.96,64.94,55,57.9,55.9,53.1,46.9,52,66,51.8,57.9,52,57.9,60.1,55.94
59,62.6,64.94,64.4,69.08,66.02,84.92,69.98,55.9,63,57,55,50,54,69.1,53.6,61,52,61.9,63,55.94
60.08,62.6,66.02,66.2,71.06,69.08,89.96,73.94,57,66.9,59,55.9,53.1,57,72,57.2,62.1,59,66,68,57.92
57.02,64.4,68,68,73.04,71.96,93.92,78.08,58.1,70,60.1,57,53.1,60.1,77,59,66,57,70,73,59
57.92,68,69.08,69.8,77,75.02,98.06,77,59,71.1,63,60.1,57.9,62.1,79,62.6,69.1,57.9,72.7,78.1,60.08
57.92,69.8,69.08,71.6,78.08,77,98.96,80.06,60.1,75,66,61,55.9,61,81,64.4,70,60.1,75.4,80.1,59
60.98,69.8,69.98,73.4,78.98,80.96,100.94,82.04,59.4,75.9,68,62.1,57,62.1,82.9,64.4,72,62.1,78.1,81,59
62.96,68,69.98,73.4,78.08,82.04,100.94,82.94,58.6,79,70,61,54,63,82.9,66.2,72,63,78.4,82,60.98
62.06,66.2,69.08,75.2,75.92,82.04,102.02,82.04,57.9,78.1,72,59,57,55.9,84.9,69.8,73,63,78.6,82.9,60.98
60.98,64.4,69.08,73.4,73.04,82.04,102.92,80.06,57,79,73,57.9,53.1,51.1,84.9,69.8,72,64,79,82.9,60.98
60.08,64.4,68,69.8,71.96,80.96,102.92,77,55.9,78.1,73.9,59,57,51.1,84.9,69.8,71.1,62.1,75.7,82,60.98
59,60.8,66.92,66.2,69.08,78.08,100.94,73.04,55,75.9,71.1,57.9,54,50,82.9,66.2,70,60.1,72.3,81,60.08
57.02,60.8,66.92,64.4,64.94,75.02,98.96,66.02,54.3,72,70,57,48.9,48.9,79,64.4,66.9,54,69.1,75.9,57.92
55.04,57.2,66.02,62.6,64.04,73.04,95,60.98,53.8,64.9,64.9,57,46.9,48,73,60.8,63,48,64.8,70,55.94
55.94,57.2,66.02,62.6,62.96,69.98,86,60.08,53.1,60.1,63,55,46.9,45,68,59,64,46.9,60.3,64.9,55.94
53.96,57.2,66.02,62.6,62.96,68,82.94,55.94,53.1,61,60.1,54,46,46.9,66,55.4,63,45,55.9,59,51.08
53.96,57.2,64.94,62.6,62.96,66.02,84.02,53.96,53.1,57.9,55.9,53.1,45,46.9,64,50,59,45,54.3,57.9,51.08
53.06,55.4,64.94,62.6,60.98,64.04,80.06,53.96,53.1,55.9,55.9,52,46,39,64,48.2,57,44.1,52.7,54,50
53.96,55.4,64.94,62.6,60.08,62.96,78.98,53.96,52.7,53.1,55,51.1,45,39,60.1,53.6,55.9,45,51.1,53.1,50
51.98,55.4,64.94,62.6,57.92,60.98,75.92,51.98,52.3,51.1,53.1,51.1,45,42.1,57.9,51.8,53.1,46.9,49.6,51.1,48.92
51.98,53.6,66.02,62.6,57.02,57.92,75.02,51.98,52,51.1,53.1,51.1,45,37,57,51.8,53.1,48,48.4,51.1,50
51.98,53.6,66.02,60.8,55.94,57.02,77,50,52.3,50,52,50,45,41,55.9,48.2,53.1,46.9,46.9,48,48.92
51.98,55.4,66.92,60.8,55.94,60.08,75.92,55.94,52.7,53.1,54,52,46,48,57.9,44.6,55,46,50.9,51.1,53.06
53.06,57.2,66.92,60.8,55.94,64.04,78.98,62.96,53.1,59,55.9,54,48.9,48.9,61,41,57,48,55,55,55.94
53.96,59,69.08,60.8,59,69.08,84.92,69.08,55.4,63,57.9,57,51.1,51.1,66.9,42.8,57.9,48.9,59,60.1,57.02
57.02,60.8,71.96,60.8,64.04,73.04,87.08,73.04,57.7,70,57,57.9,55,55,73.9,44.6,61,51.1,63.7,66,57.92
59,62.6,71.96,62.6,64.04,75.92,91.04,75.02,60.1,73,60.1,61,57.9,59,79,48.2,52,55,68.4,70,59
59,64.4,71.06,62.6,68,80.06,93.92,75.92,60.1,75.9,60.1,62.1,57.9,59,82,50,48.9,55,73,73.9,60.08
59,64.4,73.04,66.2,66.02,82.94,96.98,78.08,60.1,78.1,62.1,63,57.9,59,82.9,53.6,55,59,74.3,80.1,62.06
62.06,66.2,73.04,71.6,68,86,98.96,80.06,60.1,80.1,64.9,64,59,63,84,53.6,57,60.1,75.7,82.9,62.96
62.06,64.4,73.04,71.6,68,89.06,100.04,80.96,59.7,82,66.9,66,63,63,86,55.4,60.1,63,77,84.9,64.04
62.06,64.4,71.96,73.4,69.08,89.06,100.94,80.96,59.4,82.9,69.1,68,64,64,90,57.2,61,61,77.7,84.9,64.04
60.98,62.6,71.96,71.6,73.04,89.96,102.02,82.04,59,84.9,72,66.9,64,57.9,89.1,55.4,63,60.1,78.3,87.1,64.04
60.08,62.6,71.96,69.8,69.98,89.96,102.02,80.06,57.7,84,73.9,68,64.9,57.9,90,53.6,64,55.9,79,87.1,64.94
57.92,62.6,69.08,66.2,66.02,87.98,100.94,75.92,56.3,80.1,69.1,66,63,52,89.1,53.6,63,57.9,75.7,84.9,64.04
57.02,59,68,64.4,64.04,86,100.04,71.06,55,78.1,66.9,64,61,51.1,87.1,51.8,62.1,57.9,72.3,82.9,62.96
53.06,57.2,66.92,64.4,60.98,80.96,96.08,64.94,54,73,63,64,57,50,82.9,50,57,54,69.1,78.1,60.08
51.98,57.2,66.02,62.6,59,78.98,89.96,62.96,53.1,69.1,60.1,62.1,53.1,48.9,80.1,48.2,55,48,67.5,75.9,60.08
51.98,55.4,64.94,62.6,57.92,75.02,84.02,60.08,52,64.9,57,57.9,52,48.9,75.9,48.2,54,45,65.7,73,59
51.98,55.4,64.94,60.8,57.02,71.96,80.06,59,50,64,55,55,51.1,48.9,69.1,46.4,53.1,45,64,73,57.92
51.08,55.4,64.04,59,55.04,69.98,80.96,55.94,48,62.1,54,55,50,50,72,44.6,52,39,59.7,61,57.02
53.06,53.6,64.04,59,55.04,66.92,78.98,50,46,62.1,53.1,55.9,48,48,64,42.8,50,39.9,55.4,62.1,55.94
53.06,55.4,64.04,57.2,55.04,66.02,78.98,46.94,44.8,61,53.1,57,46.9,48,59,42.8,50,41,51.1,59,55.04
53.06,55.4,64.04,57.2,53.96,60.98,75.92,48.92,43.3,57,52,52,45,51.1,61,41,48,41,54.1,57,53.96
53.06,54.5,62.96,55.4,53.96,62.06,73.94,44.06,42.1,57,52,52,45,53.1,60.1,39.2,48,39.9,57,51.1,51.98
53.06,53.6,64.04,55.4,53.96,60.08,73.94,42.98,45.3,55.9,53.1,52,46.9,53.1,57.9,39.2,46.9,41,60.1,52,53.96
51.98,53.6,62.96,55.4,55.04,64.94,73.04,51.98,48.7,59,53.1,54,50,57.9,57.9,39.2,48,46,60.1,52,55.94
53.06,55.4,64.94,55.4,59,71.96,73.04,60.08,52,62.1,54,57,54,57,62.1,39.2,48,52,60.1,59,59
53.96,57.2,68,57.2,62.96,77,77,64.94,55.4,63,55.9,57.9,57.9,63,66,39.2,48.9,57,60.1,62.1,60.98
55.94,62.6,69.98,60.8,66.02,80.96,84.02,66.92,58.6,66.9,57,61,62.1,63,68,41,48.9,60.1,60.4,64,60.08
57.92,64.4,71.96,64.4,68,82.94,89.06,71.06,62.1,73,59,64,64,64.9,73,39.2,48,59,60.6,66.9,62.96
57.92,62.6,73.04,66.2,71.06,87.08,89.96,71.96,62.8,75,60.1,66,66.9,66,77,39.2,48,60.1,61,71.1,62.96
57.92,64.4,73.94,68,73.04,91.94,93.92,75.92,63.3,79,62.1,69.1,66.9,70,79,44.6,50,62.1,62.6,78.1,64.94
59,64.4,73.94,71.6,75.02,93.92,96.08,80.06,64,77,63,71.1,66.9,73,80.1,44.6,50,66,64.4,81,68
57.92,64.4,71.96,71.6,75.92,95,100.04,80.96,63.7,78.1,64.9,72,68,71.1,82,46.4,52,64,66,81,68
60.08,64.4,71.06,69.8,75.92,96.98,98.96,80.96,63.3,75.9,63,73,71.1,63,82,46.4,52,68,65.3,82.9,68
59,62.6,71.06,69.8,75.92,98.06,98.96,80.96,63,73,64,73.9,69.1,63,82,46.4,52,66,64.8,81,64.94
57.92,62.6,69.98,68,73.94,96.98,98.06,80.96,61.3,71.1,64.9,73,68,63,84,50,51.1,68,64,80.1,68
57.92,60.8,69.08,66.2,69.08,96.08,100.04,80.06,59.5,68,64,73,70,61,82.9,48.2,50,64,61,70,66.92
55.04,60.8,66.92,64.4,64.94,91.94,98.06,75.92,57.9,66,64,72,68,59,82,46.4,48.9,64,58.1,71.1,66.02
53.96,59,66.02,62.6,60.98,86,95,69.98,56.3,64.9,62.1,68,63,57.9,78.1,41,48.9,59,55,68,62.96
50,57.2,66.02,62.6,60.08,84.02,87.08,68,54.7,62.1,57.9,62.1,57.9,57.9,73,42.8,48.9,53.1,53.1,64.9,60.08
50,57.2,66.02,62.6,59,78.98,82.94,68,53.1,61,57,62.1,57,55,73,42.8,48.9,50,50.9,64,57.92
48.02,57.2,66.02,60.8,57.92,77,80.06,66.02,50.7,60.1,55,59,55.9,55,69.1,42.8,48,46,48.9,62.1,57.02
46.04,57.2,66.02,60.8,57.02,73.94,78.98,59,48.4,59,54,57,53.1,53.1,64.9,39.2,48.9,44.1,48,61,57.02
51.98,57.2,66.02,60.8,55.94,71.06,75.92,57.92,46,57.9,53.1,57,52,54,64.9,37.4,46.9,44.1,46.9,59,55.04
51.98,57.2,66.02,60.8,55.94,69.08,75.02,51.08,47.7,57,52,59,50,52,59,37.4,45,43,46,55.9,55.04
51.98,57.2,64.94,60.8,53.96,66.92,71.96,53.06,49.5,55,52,57.9,48,51.1,55,37.4,45,43,43.3,55.9,55.04
51.08,57.2,64.94,60.8,53.06,66.02,73.04,50,51.1,53.1,51.1,57,48,48.9,55,37.4,44.1,39.9,40.6,55,53.06
51.08,55.4,64.94,60.8,53.06,66.02,71.06,55.04,52.3,52,51.1,55.9,50,50,53.1,30.2,43,39.9,37.9,54,53.06
51.08,55.4,64.04,60.8,55.04,69.98,71.96,57.92,53.8,54,53.1,57,52,54,54,35.6,45,48,42.6,53.1,57.02
51.08,55.4,64.94,60.8,57.92,75.02,73.04,64.04,55,55,54,60.1,55.9,57,57.9,39.2,46,54,47.3,54,60.08
51.98,57.2,66.02,64.4,62.06,80.96,77,69.98,55.9,55.9,55.9,63,60.1,62.1,66.9,42.8,48.9,57.9,52,57,62.96
53.96,57.2,68,64.4,64.94,86,82.04,71.06,57,59,61,64.9,66,64.9,70,44.6,52,61,54.3,60.1,62.96
53.96,59,69.08,66.2,68,89.96,87.98,73.94,57.9,60.1,61,66.9,69.1,69.1,71.1,48.2,53.1,63,56.7,60.1,62.96
55.04,59,69.08,69.8,71.06,93.92,93.02,78.08,59.4,64,63,69.1,73.9,72,73,51.8,55.9,66,59,57.9,64.04
55.94,59,69.08,71.6,73.94,98.06,96.08,80.06,60.6,66,66.9,72,75,73.9,75.9,51.8,57.9,66.9,59.4,60.1,66.02
59,60.8,69.08,73.4,75.92,100.04,98.96,80.96,62.1,66.9,70,73.9,75.9,75,78.1,55.4,59,69.1,59.7,55.9,66.02
62.06,60.8,68,73.4,78.08,104,102.02,82.94,60.6,68,72,75,77,77,78.1,55.4,57.9,71.1,60.1,54,64.94
60.98,64.4,66.92,73.4,80.06,104,100.94,84.02,59.4,68,77,75,78.1,73,80.1,57.2,57,71.1,59,60.1,66.92
62.06,62.6,66.02,71.6,78.98,105.08,100.94,82.94,57.9,69.1,77,73.9,75.9,73,80.1,57.2,55.9,72,58.1,60.1,64.94
60.98,62.6,66.02,66.2,78.08,104,100.94,82.94,57,68,77,73,75.9,70,80.1,59,53.1,71.1,57,63,62.96
60.08,60.8,64.94,64.4,73.04,102.02,98.06,82.94,55.9,66.9,75,73,75,66,79,57.2,53.1,71.1,55,62.1,62.96
57.92,57.2,64.94,62.6,68,96.98,95,80.06,55,64.9,73.9,68,73,63,75,53.6,51.1,68,53.1,60.1,64.04
55.94,57.2,64.04,62.6,62.96,91.04,93.02,73.94,54.7,60.1,70,64.9,66.9,62.1,66.9,51.8,48,64,51.1,57,64.04
53.06,55.4,64.04,62.6,60.08,89.06,89.06,69.98,54.3,55.9,66,64.9,64.9,55.9,64.9,46.4,46.9,62.1,50.4,54,62.96
51.98,55.4,62.96,60.8,57.92,84.02,91.04,64.04,54,53.1,62.1,64,60.1,55,64,46.4,46.9,62.1,49.6,54,60.98
53.06,55.4,64.04,60.8,57.02,82.94,87.08,60.08,53.6,55,61,63,57,55,64.9,44.6,46,57.9,48.9,53.1,60.98
51.08,55.4,64.04,60.8,53.96,80.96,86,59,53.4,52,61,61,57,52,61,39.2,44.1,48,48.2,54,59
48.92,53.6,64.04,60.8,53.96,77,84.92,55.94,53.1,52,60.1,59,57,48,59,41,45,46.9,47.7,54,59
46.94,55.4,62.96,60.8,51.08,73.94,82.94,51.98,52.7,52,57,59,57.9,48,55,37.4,45,48.9,46.9,54,55.94
46.94,55.4,62.96,60.8,53.06,71.06,82.94,53.06,52.3,50,57,55.9,55.9,46.9,54,37.4,45,46,46.9,53.1,53.96
46.04,53.6,62.96,59,50,69.98,80.06,51.98,52,50,54,55.9,57,46,53.1,37.4,44.1,46,46.9,50,51.98
44.96,53.6,64.04,59,51.08,69.08,78.98,46.04,52.3,48.9,55,57,54,46,53.1,33.8,44.1,48,46.9,51.1,53.06
51.08,55.4,64.04,59,57.02,71.96,80.06,55.04,52.7,51.1,57.9,59,59,52,53.1,39.2,46.9,50,48.4,50,53.96
57.02,55.4,64.94,59,62.06,78.08,80.06,64.94,53.1,55.9,60.1,55,64.9,57,55,44.6,48.9,55,49.6,50,55.94
57.92,57.2,66.02,59,66.02,82.94,82.94,69.98,54.3,57.9,63,57,68,61,57.9,46.4,54,61,51.1,54,57.92
60.98,60.8,66.02,60.8,71.06,86,84.92,73.94,55.8,60.1,66.9,59,71.1,64,60.1,50,57,66,53.4,60.1,60.98
57.92,62.6,68,62.6,73.94,89.06,87.98,77,57,63,70,64.9,73,68,64.9,53.6,59,71.1,55.6,64,62.96
60.08,60.8,69.08,64.4,77,93.02,91.04,82.04,57.4,64.9,75,69.1,75,71.1,68,57.2,61,73.9,57.9,64.9,64.94
62.96,64.4,68,69.8,80.06,96.98,95,86,57.6,66,77,71.1,77,72,71.1,60.8,61,75,56.3,70,66.92
64.94,64.4,69.98,71.6,82.94,100.04,98.06,87.08,57.9,68,79,71.1,78.1,75,71.1,59,62.1,79,54.7,72,68
64.04,66.2,69.98,73.4,82.94,102.02,98.96,86,57.2,72,82,72,77,77,72,62.6,62.1,75.9,53.1,73.9,68
62.96,64.4,69.98,73.4,84.92,104,100.94,87.98,56.7,72,84,73,78.1,78.1,66,62.6,61,77,55.4,73,68
62.96,64.4,69.98,71.6,86,104,100.04,87.08,55.9,71.1,84,71.1,79,79,62.1,64.4,63,75,57.7,73.9,66.92
62.96,60.8,69.98,71.6,82.04,102.92,100.04,86,55.6,73,84,71.1,77,79,55.9,64.4,60.1,75,60.1,73.9,68
60.08,60.8,69.08,68,78.98,100.04,98.96,84.92,55.4,71.1,81,70,73,78.1,55.9,64.4,60.1,73,59.7,73.9,66.92
59,57.2,68,64.4,73.94,93.92,95,80.06,55,66.9,75.9,69.1,71.1,75.9,57.9,64.4,55.9,71.1,59.4,71.1,66.02
55.94,57.2,68,62.6,69.08,89.06,91.94,73.94,54.3,62.1,71.1,64.9,66.9,70,57.9,60.8,53.1,62.1,59,68,64.04
53.06,55.4,68,60.8,66.92,82.94,89.96,69.98,53.8,59,64.9,59,66,60.1,57.9,48.2,52,60.1,54.7,66,60.08
51.08,55.4,66.92,60.8,66.02,78.98,87.98,69.08,53.1,57,61,59,64,57,57,53.6,52,57.9,50.4,64,59
50,55.4,66.92,59,66.02,77,84.02,64.94,52.7,57,57.9,59,61,55,55.9,42.8,51.1,55.9,46,59,57.02
48.02,55.4,66.02,59,66.02,73.94,80.96,53.96,52.3,54,55.9,60.1,60.1,54,55.9,43.7,50,57.9,44.8,57.9,57.02
48.02,55.4,66.02,59,66.02,69.98,80.06,51.98,52,54,55.9,60.1,60.1,51.1,55.9,44.6,50,55,43.3,55,53.96
46.04,53.6,66.02,59,64.04,69.08,78.98,50,52,53.1,54,60.1,57,50,55,42.8,48.9,55.9,42.1,52,53.96
46.94,53.6,64.94,57.2,62.06,69.08,80.06,53.06,52,53.1,53.1,59,57,48,53.1,42.8,48,54,41.7,50,53.96
46.04,51.8,64.04,57.2,62.06,66.92,80.06,50,52,53.1,54,59,55,53.1,54,42.8,46.9,53.1,41.4,50,53.06
46.94,53.6,64.04,57.2,60.08,64.94,78.98,50,53.1,53.1,55,57.9,57,50,48,35.6,46.9,53.1,41,48.9,53.06
51.98,55.4,64.04,57.2,64.94,66.92,78.08,57.92,54,53.1,55.9,57.9,59,57,46.9,39.2,52,55,44.6,51.1,55.94
53.06,55.4,66.02,57.2,69.08,71.96,78.98,64.94,55,55,55.9,60.1,63,62.1,48,42.8,52,55.9,48.4,55,59
55.04,57.2,66.02,60.8,73.94,78.08,87.08,71.06,55.8,59,57.9,59,64,66.9,48,51.8,55.9,64,52,60.1,60.98
57.02,60.8,66.92,64.4,77,82.04,89.96,78.08,56.3,57.9,57.9,62.1,66,72,48.9,57.2,63,66.9,55.4,64,60.98
57.02,62.6,66.92,69.8,80.06,84.92,89.96,82.04,57,60.1,59,62.1,68,75.9,51.1,60.8,64,66.9,58.6,69.1,62.06
57.02,64.4,68,73.4,82.94,89.06,95,87.08,58.3,64,61,64,70,80.1,54,64.4,66.9,69.1,62.1,71.1,62.96
60.98,68,68,75.2,87.08,91.04,96.98,89.06,59.7,64.9,62.1,64,70,82,57,66.2,66,72,64.8,75.9,64.94
60.08,69.8,69.08,75.2,87.08,93.92,98.96,89.96,61,66.9,63,62.1,72,82.9,57.9,66.2,64.9,73.9,67.3,78.1,64.94
60.08,71.6,68,78.8,89.96,93.92,100.94,89.96,61.3,68,64,62.1,73.9,84,57.9,66.2,68,72,70,80.1,66.02
60.08,69.8,68,78.8,91.04,95,102.02,91.04,61.7,69.1,64,62.1,73.9,84.9,60.1,68,69.1,73.9,70.3,81,71.06
57.92,69.8,68,77,91.04,93.02,98.96,91.04,62.1,64.9,64,63,72,84.9,61,71.6,69.1,72,70.7,81,69.98
57.92,66.2,66.02,75.2,91.04,89.96,98.06,89.96,59.7,66,63,60.1,64.9,86,59,69.8,68,72,71.1,81,66.92
57.02,64.4,66.02,71.6,87.08,89.06,98.06,87.98,57.4,64,63,59,60.1,84.9,55.9,69.8,66,71.1,68.7,79,64.94
55.04,62.6,64.94,66.2,84.02,86,96.98,82.04,55,61,63,60.1,59,81,51.1,66.2,63,70,66.4,78.1,66.02
53.06,62.6,64.94,64.4,78.98,82.04,93.02,78.98,54.7,55.9,63,59,55,73.9,50,62.6,59,64.9,64,73.9,64.04
53.96,60.8,64.94,62.6,75.02,75.92,91.04,77,54.3,54,63,59,54,64.9,48,55.4,55.9,64.9,63,70,60.98
53.96,57.2,64.94,62.6,73.04,73.04,84.92,75.02,54,53.1,61,59,54,61,46.9,57.2,54,64.9,62.1,66.9,60.98
53.06,59,64.94,60.8,71.96,71.96,82.94,68,54,53.1,60.1,59,53.1,60.1,45,46.4,52,64,61,66,60.08
53.06,55.4,64.94,60.8,71.06,69.98,80.96,64.94,54,52,59,55,52,57.9,45,48.2,54,61,59,64,57.92
53.06,57.2,66.02,60.8,69.98,66.92,80.96,62.06,54,52,59,54,52,55.9,43,46.4,46.9,59,57,63,57.92
53.06,55.4,64.94,59,71.96,66.02,80.06,53.06,53.6,50,57.9,53.1,53.1,54,41,44.6,45,57,55,62.1,57.02
51.98,51.8,66.02,59,71.06,64.04,77,55.04,53.4,50,57.9,53.1,53.1,52,41,42.8,48,57,52.7,55,57.92
53.06,55.4,66.02,59,69.98,62.96,78.08,51.98,53.1,50,57.9,53.1,53.1,51.1,41,39.2,46.9,55,50.4,57.9,57.02
53.06,55.4,64.94,57.2,68,60.98,78.98,55.04,53.1,48.9,59,53.1,53.1,53.1,41,41,46.9,55.9,48,55,55.94
53.06,55.4,64.94,57.2,71.06,62.06,78.08,59,53.1,51.1,59,53.1,53.1,61,41,44.6,46.9,55.9,51.1,55.9,57.02
51.98,57.2,66.02,59,73.94,66.02,78.98,68,53.1,54,60.1,53.1,55,66.9,43,51.8,50,57.9,54,57.9,57.92
53.96,59,69.08,62.6,78.08,69.98,84.02,73.94,54,55.9,60.1,53.1,57,73,46.9,57.2,54,62.1,57,64,59
55.04,60.8,69.98,64.4,82.04,75.02,87.98,78.98,55,55.9,64,54,59,79,52,62.6,59,62.1,61,69.1,60.98
55.04,64.4,69.08,69.8,87.98,80.06,91.04,84.02,55.9,60.1,66.9,50,60.1,82.9,55,66.2,64,66.9,65.1,73.9,62.96
55.94,68,69.08,73.4,91.04,82.94,93.92,89.96,57,64,69.1,52,61,84,57.9,69.8,64.9,62.1,69.1,77,60.98
57.92,69.8,69.08,77,93.02,87.08,95,91.94,57.9,64.9,71.1,54,63,86,62.1,71.6,66.9,59,68.7,79,60.08
55.94,69.8,69.08,78.8,96.98,89.06,96.98,93.92,59,68,73.9,57,64.9,87.1,64.9,71.6,68,63,68.4,82,60.08
59,69.8,69.08,78.26,98.96,91.04,98.06,93.92,58.3,69.1,73,52,60.1,88,66.9,73.4,68,64,68,84,60.08
57.92,73.4,68,77,100.94,91.94,98.96,93.92,57.7,72,73.9,55,62.1,89.1,68,74.7,70,66.9,65.7,84.9,60.98
57.92,73.4,68,75.74,102.02,91.04,100.04,93.92,57,72,73.9,57,55.9,89.1,66.9,75.2,71.1,64,63.3,84,62.06
57.02,68,68,73.4,102.02,91.04,98.96,93.02,55.9,70,72,57,57.9,90,71.1,75.7,70,62.1,61,82.9,60.98
55.94,64.4,66.92,71.24,100.04,89.06,96.98,91.94,55,68,69.1,52,55,88,70,75.2,70,62.1,59.7,78.1,60.08
53.96,62.6,64.94,68.54,95,84.92,95,84.92,54,66,64.9,51.1,54,84.9,68,70.3,68,57.9,58.3,77,59
53.06,60.8,64.94,66.2,86,80.96,89.96,80.06,54,61,60.1,51.1,52,73.9,66,63.7,64.9,55,57,73,57.92
53.96,60.8,64.94,64.4,82.04,77,84.02,78.08,54,59,60.1,50,50,66,62.1,57.2,62.1,53.1,55,71.1,57.02
53.96,59,64.94,62.6,80.96,71.96,82.04,71.96,54,54,60.1,50,46.9,66,57.9,60.8,63,48.9,53.1,64.9,55.94
53.96,59,64.94,62.6,80.96,69.98,80.96,66.02,53.6,53.1,59,50,45,62.6,55.9,48.2,57.9,48.9,51.1,66,55.94
53.06,57.2,64.94,60.8,75.02,68,78.08,62.06,53.4,50,60.1,50,44.1,64.4,53.1,46.4,57.9,50,48.4,63,55.94
53.06,55.4,64.94,60.8,73.04,66.92,77,55.94,53.1,48,59,50,42.1,64.4,51.1,46.4,57,48.9,45.7,64,53.06
53.06,55.4,64.94,59,71.96,64.94,75.92,57.92,52.7,48,57.9,51.1,41,60.1,48.9,44.6,54,48,43,61,51.08
51.98,55.4,64.94,57.2,68,62.96,75.92,53.06,52.3,44.1,57.9,50,39.9,63,46.9,43.7,51.1,46.9,41,61,53.06
51.98,55.4,64.04,57.2,64.94,60.98,75.02,48.92,52,45,57.9,50,39,66,48,42.8,48.9,46.9,39,60.1,51.98
51.98,53.6,64.94,55.4,64.94,60.98,73.94,53.06,52.3,44.1,57.9,50,41,64,50,42.8,48.9,45,37,59,53.96
53.06,57.2,64.94,59,69.98,62.06,71.96,60.98,52.7,46.9,59,50,43,68,48.9,44.6,50,46,42.1,60.1,53.96
53.06,60.8,64.94,62.6,75.92,64.04,73.94,69.98,53.1,51.1,60.1,51.1,45,73.4,54,53.6,52,50,46.9,62.1,57.02
53.96,62.6,66.92,64.4,80.96,66.92,78.08,78.08,53.8,55.9,61,52,45,77,59,62.6,57.9,48,52,64.9,57.92
55.94,62.6,68,69.8,86,69.98,82.04,80.96,54.3,61,62.1,55,48,81,62.1,69.8,62.1,48.9,54.7,66.9,59
59,64.4,69.08,75.2,89.96,73.04,89.06,86,55,66,63,55,50,84.9,66.9,71.6,66.9,55,57.4,72,60.08
59,73.4,69.98,78.8,95,77,89.06,91.94,55.9,70,62.1,55,53.1,86,69.1,73.4,71.1,55.9,60.1,73,60.08
59,73.4,69.98,80.6,100.04,80.06,89.96,95,57,73.9,63,54,54,89.1,72,78.8,72,57,62.1,75,59
60.08,73.4,68,80.6,102.02,82.94,93.02,95,57.9,78.1,61,55.9,50,89.1,73.9,80.6,75,57,64,75.9,60.08
60.08,71.6,68,80.6,105.08,84.02,95,96.98,57.6,79,60.1,59,55.9,89.6,75,82.4,75,59,66,75.9,59
60.08,71.6,66.92,82.4,105.98,84.92,95,98.06,57.4,81,62.1,57.9,57.9,91.9,75.9,82.4,77,60.1,65.7,79,57.92
60.08,73.4,68,80.6,107.06,87.08,96.08,96.08,57,80.1,62.1,57.9,60.1,93.9,78.1,82.4,77,57.9,65.3,79,57.92
59,71.6,66.92,77,105.98,86,95,95,55.9,80.1,61,57.9,61,93,79,82.4,75.9,59,64.9,75.9,57.02
59,69.8,66.02,75.2,104,84.92,95,91.04,55,78.1,59,57.9,55.9,91.9,79,80.6,75,57,63.3,73.9,57.92
59,66.2,64.94,71.6,98.06,82.04,93.02,86,54,75,59,55.9,55.9,86,78.1,75.2,73,55,61.7,73,57.92
55.94,62.6,64.04,69.8,89.06,78.08,87.98,80.06,53.6,69.1,57.9,54,52,82.4,73.9,68,69.1,51.1,60.1,72,57.02
55.04,60.8,62.96,66.2,87.08,75.92,86,75.92,53.4,64,57,52,50,77,71.1,57.2,66.9,46.9,57.4,70,55.94
55.04,59,62.96,66.2,87.08,71.06,80.96,69.98,53.1,61,57,51.1,50,75,66.9,60.8,62.1,44.1,54.7,66.9,55.04
55.94,59,64.04,64.4,80.96,69.08,80.06,64.94,54.3,57,55.9,50,48.9,73,64.9,55.4,60.1,39.9,52,66,55.04
55.94,59,64.04,64.4,75.92,66.92,77,62.06,55.8,55.9,55,50,45,71.1,62.1,57.2,62.1,42.1,49.6,64.9,53.96
55.94,57.2,64.04,62.6,77,64.94,77,59,57,51.1,55,48.9,44.1,70,57.9,53.6,57.9,42.1,47.3,64.9,53.96
55.04,57.2,64.04,62.6,71.96,60.98,77,59,55.4,52,55,48,41,69.1,55.9,55.4,54,39.9,45,62.1,53.06
53.96,55.4,64.04,62.6,69.98,60.08,77,55.94,53.6,51.1,54,46.9,39.9,66.9,55,55.4,53.1,37.9,45,63,53.06
53.06,53.6,64.04,59,69.98,57.02,75.92,53.96,52,48,54,46.9,39,66,51.1,55.4,53.1,33.1,45,60.1,53.06
53.96,55.4,64.04,57.2,69.08,57.02,73.94,53.96,52.7,46.9,54,48,37.9,62.1,50,51.8,53.1,37,45,62.1,51.98
53.96,55.4,64.04,60.8,77,59,73.94,60.98,53.2,52,54,48.9,44.1,64.9,48.9,53.6,55.9,41,47.3,60.1,53.06
55.04,62.6,64.94,66.2,80.96,62.96,75.92,69.08,54,57.9,55,51.1,46.9,68,53.1,59,54,46.9,49.6,64,53.96
53.96,64.4,66.02,69.8,84.92,68,80.06,77,54.7,62.1,57,53.1,51.1,73.9,55.9,64.4,59,46,52,64.9,53.06
55.04,66.2,68,75.2,89.96,69.98,84.02,82.04,55.2,66,57.9,55.9,53.1,77,57.9,68,64.9,48,53.2,66,53.06
55.94,71.6,69.08,80.6,96.08,73.04,87.08,89.06,55.9,71.1,59,57,55.9,81,63,72.7,70,54,54.7,60.1,53.96
57.92,75.2,69.08,84.56,98.96,75.92,91.94,93.92,57,75,59,59,59,84.9,66,77,73,55.9,55.9,64.9,53.96
60.98,80.6,69.98,87.44,102.92,78.08,93.92,95,57.9,78.1,60.1,61,61,88,68,78.3,75.9,55.9,56.3,66.9,53.96
62.96,82.4,68,89.6,102.92,80.06,96.08,93.92,59,81,64.9,63,62.1,90,71.1,78.8,78.1,60.1,56.7,70,55.04
64.04,77,69.08,86,105.08,82.04,98.06,93.02,59,79,64,63,62.1,91,72,82.4,78.1,57.9,57,61,55.04
64.04,80.6,68,84.2,105.98,82.04,98.96,91.94,59,82,63,64.9,64.9,91.9,73.9,82.4,77,59,57.4,62.1,55.04
60.08,75.2,66.92,82.4,107.06,82.94,100.04,89.06,59,82.9,66,64.9,62.1,93.9,77,69.8,75.9,60.1,57.6,64.9,55.04
62.06,71.6,66.92,80.6,105.08,82.04,100.94,87.98,57.7,77,64,61,64.9,93,77,78.8,75.9,55.9,57.9,66,55.94
57.92,69.8,64.94,78.8,102.02,80.96,100.04,86,56.3,75,63,60.1,63,89.1,75.9,77,75.9,57.9,56.7,63,55.94
55.94,66.2,64.94,75.2,93.02,78.08,98.06,84.02,55,75,63,60.1,62.1,82.4,75,73.4,75,54,55.2,59,57.02
55.04,62.6,64.04,73.4,86,73.94,93.02,80.06,54.3,64.9,60.1,59,59,75.9,73.9,66.2,70,51.1,54,57.9,55.04
51.98,60.8,62.96,71.6,80.96,69.98,86,75.92,53.8,64.9,57.9,59,55.9,71.1,70,62.6,69.1,48.9,53.1,57.9,57.92
51.08,60.8,64.04,71.6,78.08,66.92,82.04,69.98,53.1,63,55.9,57,55,70,60.1,59,64.9,48,52,55.9,57.02
48.92,60.8,64.04,69.8,78.08,64.94,80.06,68,52.7,60.1,55,55,52,66.9,63,55.4,62.1,48,51.1,55.9,57.02
48.02,59,62.96,69.8,75.92,62.06,78.98,64.04,52.3,59,54,54,48.9,64,60.1,51.8,63,46,50.7,55.9,57.02
46.04,57.2,64.04,67.82,73.04,60.08,80.06,57.92,52,54,54,53.1,46,60.1,57,51.8,59,43,50.4,55,57.02
46.04,57.2,64.04,66.2,73.04,57.92,78.98,53.06,52,54,53.1,53.1,44.1,57,55.9,49.3,57,42.1,50,54,57.02
42.98,57.2,64.04,64.4,71.96,55.94,78.08,53.96,52,51.1,52,52,43,62.1,55.9,46.4,54,41,50,54,55.94
44.06,57.2,62.96,62.6,69.98,55.04,75.92,51.08,52,51.1,51.1,52,44.1,55.9,55,46.4,53.1,41,50,53.1,55.04
44.06,55.4,62.96,60.8,68,53.06,75.02,46.94,52,51.1,50,53.1,48.9,60.1,55,44.6,53.1,37.9,50,53.1,55.04
48.02,57.2,64.04,62.6,69.98,55.04,75.02,55.94,52,53.1,54,53.1,50,64.9,54,48.2,54,37,51.1,54,55.94
53.96,62.6,64.94,66.2,73.94,59,77,66.92,52,57.9,53.1,53.1,51.1,68,57,55.4,59,36,52,52,57.02
57.02,64.4,64.94,71.6,80.96,64.04,80.96,73.04,53.2,62.1,57,55,52,71.1,62.1,60.8,68,37,53.1,52,59
57.92,66.2,66.02,75.2,84.92,68,86,78.98,54.7,66,59,57,55,73.9,68,66.2,73.9,36,54.7,53.1,60.08
60.08,66.2,66.92,80.6,87.98,71.06,91.04,80.96,55.9,68,61,59,57.9,75.9,73.9,73.4,78.1,39,56.3,54,60.98
64.04,71.6,68,82.4,91.94,75.92,94.1,86,59,72,63,62.1,60.1,78.1,78.1,78.8,81,41,57.9,57,60.98
66.02,71.6,68,84.2,95,78.98,96.98,87.08,61.9,75.9,66,64,66,79,79,80.6,84.9,44.1,58.6,59,62.96
69.08,73.4,68,86,95,80.06,98.96,89.06,64.9,78.1,66.9,64.9,70,80.1,81,84.2,87.1,43,59.4,61,62.96
66.92,73.4,69.08,84.2,96.08,82.04,100.94,89.96,64.9,79,66.9,66,70,81,84,87.8,88,45,60.1,63,62.06
68,69.8,73.04,84.2,96.98,82.94,102.92,91.04,64.9,79,68,68,68,78.1,87.1,87.8,90,45,58.5,64,62.96
64.94,68,68,84.2,96.08,84.02,104,93.02,64.9,77,69.1,66.9,61,81,87.1,87.8,89.1,46,56.7,64,60.98
66.92,64.4,66.92,82.4,93.92,82.94,104,89.96,62.6,77,69.1,66,60.1,77,87.1,89.6,87.1,46.9,55,63,62.96
64.04,66.2,64.94,82.4,89.96,82.04,104,87.98,60.3,75,66.9,66.9,57.9,73.9,87.1,86,84,46.9,55,62.1,62.06
60.98,64.4,64.04,78.8,86,78.98,100.94,82.94,57.9,72,64,64.9,57.9,69.8,82.9,82.4,80.1,46.9,55,62.1,60.08
57.02,60.8,64.04,73.4,80.06,75.02,93.92,77,55.6,66,62.1,63,54,64.4,79,69.8,77,46.9,55,60.1,57.92
53.96,62.6,64.04,73.4,77,73.04,89.06,73.04,53.4,61,61,60.1,52,61,75,73.4,75.9,44.1,54.3,54,55.94
51.98,62.6,64.04,71.6,75.02,71.06,84.02,73.94,51.1,57.9,57,55.9,51.1,60.1,72,68,73.9,42.1,53.8,50,55.04
51.98,60.8,64.04,69.8,73.04,66.02,84.02,64.94,51.8,55,57.9,55,50,57.2,64,62.6,69.1,42.1,53.1,48,55.94
51.98,60.8,64.04,68,69.08,64.04,84.02,64.04,52.3,55.9,55,54,46.9,54,63,59,66.9,39.9,53.1,46.9,53.96
51.08,60.8,64.04,66.2,66.02,60.98,82.94,57.92,53.1,57,52,55.9,46,48,62.1,57.2,66,41,53.1,44.1,53.96
50,60.8,64.94,64.4,66.92,59,82.04,53.96,53.1,55.9,51.1,53.1,44.1,51.1,60.1,64.4,64,36,53.1,43,53.06
50,60.8,64.94,62.6,64.04,57.02,78.98,55.94,53.1,55.9,51.1,51.1,45,52,57,62.6,61,35.1,52.3,39.9,53.06
50,60.8,64.94,62.6,62.96,57.02,78.98,50,53.1,55.9,50,51.1,44.1,53.1,55.9,57.2,60.1,36,51.8,39.9,53.06
48.92,60.8,66.02,62.6,62.06,55.04,78.08,50,53.4,55.9,50,51.1,46,52,54,59,60.1,35.1,51.1,39.9,51.08
53.96,60.8,66.02,62.6,64.94,57.02,77,59,53.6,55.9,51.1,53.1,50,55.4,55,60.8,61,42.1,52,41,53.96
53.96,62.6,66.02,64.4,69.08,62.06,78.98,66.92,54,57,54,55.9,53.1,57,57.9,62.6,64.9,46.9,53.1,46,53.96
53.06,62.6,66.92,69.8,73.04,66.92,84.92,73.94,57,57,55,57.9,57,61,62.1,64.4,66,52,54,50,55.04
55.04,62.6,69.08,75.2,78.08,71.96,91.94,80.06,59.9,59,57,60.1,62.1,64,64.9,66.2,70,55.9,55.9,55,57.02
55.04,64.4,69.08,78.8,80.96,75.92,93.02,82.04,63,60.1,59,62.1,66,64.4,70,69.8,75,57.9,58.1,60.1,60.08
55.04,68,69.98,84.2,82.94,80.06,96.98,87.98,63,64,64,64,64,69.1,71.1,75.2,77,60.1,60.1,63,60.08
55.04,69.8,69.98,86,86,82.04,100.04,91.04,63,68,64,66.9,70,69.1,75.9,78.8,78.1,62.1,61.3,64.9,62.06
59,69.8,71.06,86,87.98,84.92,102.92,93.02,63,70,66.9,68,70,66,77,78.8,82,66,62.8,66.9,62.06
57.02,69.8,69.98,86,87.98,87.08,105.08,93.92,60.3,72,68,70,71.1,66.9,80.1,78.8,82,66,64,64.9,64.04
55.04,71.6,69.98,84.2,87.98,87.08,105.98,93.92,57.7,73.9,68,70,73,64.9,82,75.2,82,66.9,65.3,69.1,64.94
55.94,69.8,69.98,82.4,86,87.98,105.98,93.92,55,75,70,71.1,71.1,64.9,81,75.2,79,66.9,66.7,66.9,64.94
55.04,69.8,69.08,80.6,82.94,87.08,107.96,93.02,54.7,75.9,68,72,71.1,64,82,75.2,70,68,68,64,64.04
53.96,66.2,66.92,78.8,80.06,86,105.98,91.04,54.3,73.9,68,69.1,70,63,80.1,73.4,71.1,66.9,65.7,63,62.96
53.06,64.4,66.02,75.2,77,82.04,105.08,86,54,72,64.9,62.1,68,62.1,73.9,73.4,70,64,63.3,62.1,60.98
51.98,62.6,66.02,75.2,71.06,78.08,96.98,82.04,53.6,66.9,63,55.9,64,60.1,70,68,68,62.1,61,60.1,57.92
51.98,62.6,66.02,73.4,68,75.92,91.94,77,53.4,63,62.1,55.9,62.1,57.9,66,66.2,66,60.1,57.4,57,55.94
51.98,62.6,64.94,71.6,66.02,73.04,87.98,75.02,53.1,59,61,55,55.9,60.1,63,66.2,64.9,59,53.6,55.9,53.96
51.98,64.4,64.94,69.8,62.96,69.08,84.92,71.96,53.1,57,60.1,54,53.1,55.9,61,62.6,62.1,57.9,50,48.9,53.06
51.98,60.8,64.94,69.8,62.96,66.92,87.08,71.06,53.1,54,59,53.1,53.1,57,57.9,62.6,60.1,55,48.4,48,51.98
51.98,60.8,64.04,66.2,62.06,64.04,84.92,64.04,53.1,53.1,57.9,53.1,53.1,53.1,55,60.8,59,53.1,46.6,46,51.08
51.98,60.8,64.94,66.2,60.08,62.96,84.92,59,52.7,52,57,53.1,52,53.1,52,57.2,60.1,46.9,45,45,48.92
51.98,60.8,64.94,64.4,59,60.98,84.02,53.96,52.3,50,57,53.1,51.1,48.9,46,60.8,59,45,43,44.1,48.92
51.98,60.8,64.04,63.32,57.92,59,82.94,55.04,52,48.9,55.9,52,48.9,45,46.9,59,59,43,41,42.1,48.02
51.98,60.8,64.04,62.24,57.92,57.02,78.98,55.04,52,48,55.9,51.1,50,51.1,46,59,57.9,44.1,39,41,48.92
51.98,60.8,64.94,62.6,60.98,59,78.98,60.98,52,52,55.9,51.1,53.1,55.9,48,56.7,57.9,48.9,44.4,44.1,50
53.06,60.8,66.02,64.4,66.02,62.96,80.96,69.08,52,55.9,57.9,52,53.1,57.9,51.1,57.2,57,53.1,49.6,50,53.06
53.06,60.8,68,66.02,69.08,68,84.92,75.92,53.2,60.1,59,54,54,59,52,57.2,59,57.9,55,52,55.04
53.96,62.6,69.98,71.24,71.96,75.02,93.02,80.96,54.7,64.9,57.9,57.9,53.1,63,57.9,56.5,61,62.1,60.1,55.9,57.02
55.04,62.6,71.96,74.66,73.94,78.08,96.98,87.98,55.9,68,63,59,53.1,64.9,60.1,57.9,64,64.9,64.9,60.1,57.92
55.04,64.4,69.98,79.88,77,80.96,100.04,91.04,57.4,72,62.1,61,55,66.9,64,59.4,66,68,70,64,57.02
55.94,66.2,73.94,83.12,78.98,84.02,104,93.02,58.6,75.9,64,63,60.1,63,66.9,60.6,66,71.1,72.3,69.1,59
57.02,69.8,73.94,82.94,80.06,87.08,105.98,95,60.1,80.1,68,64,63,66.9,69.1,63.9,70,72,74.7,73,60.98
57.02,69.8,69.98,84.56,82.04,87.98,109.04,96.08,60.4,82,68,64.9,66,68,69.1,66.2,70,73.9,77,73.9,62.06
57.92,68,71.06,84.38,80.96,89.06,109.04,96.98,60.6,84,69.1,66,66,66.9,69.1,67.6,70,75.9,75.7,77,62.96
57.02,68,69.98,80.6,78.98,89.96,107.96,96.08,61,84.9,72,64.9,64.9,66.9,73,67.8,72,77,74.3,78.1,64.04
53.96,68,68,78.8,78.98,87.08,107.06,95,58.6,84.9,69.1,63,66.9,64.9,75,66.2,73,78.1,73,78.1,60.98
53.96,66.2,66.92,75.2,75.02,87.98,104,91.94,56.3,82,64.9,62.1,64.9,64,73.9,64.4,57.9,77,70.3,78.1,62.96
53.06,62.6,66.02,73.4,71.06,84.92,100.04,86,54,78.1,62.1,61,62.1,61,73,64.4,55,77,67.6,77,59
51.98,60.8,64.94,73.4,68,80.06,96.98,80.06,53.2,73,60.1,59,55.9,57.9,70,62.6,55,69.1,64.9,73,55.94
51.98,60.8,64.04,71.6,64.94,77,93.92,77,52.7,69.1,59,57,55.9,55,63,60.8,53.1,64.9,60.6,64.9,55.04
51.98,60.8,64.04,69.8,64.04,75.92,89.96,73.04,52,62.1,57,55.9,53.1,52,63,57.2,48.9,62.1,56.3,63,53.96
51.98,60.8,64.04,68,62.06,71.96,87.98,73.04,52,63,57,55,48,48,60.1,51.8,48.9,63,52,55,51.98
51.98,60.8,64.04,66.2,60.08,69.98,84.02,68,52,59,55.9,54,48,46.9,57,50,48.9,60.1,50.9,53.1,53.96
51.08,60.8,64.04,66.2,57.92,66.92,87.98,60.98,52,57,55,53.1,44.1,45,55.9,48.2,48.9,57.9,50,52,50
51.08,60.8,64.04,64.4,57.92,64.94,86,59,52,55,55,53.1,45,44.1,52,44.6,50,59,48.9,53.1,48.02
51.08,60.8,64.04,64.4,57.02,62.96,82.94,53.06,52,55,54,52,43,43,50,39.2,50,57,48,52,48.92
51.08,60.8,62.96,62.6,55.94,62.06,80.96,53.96,52,51.1,54,51.1,44.1,39.9,50,35.6,48.9,53.1,46.9,48.9,48.92
51.08,59,64.04,61.7,55.94,60.98,80.06,53.06,52.3,52,52,52,46.9,41,48,37.4,48,53.1,46,46,48.92
51.98,59,64.04,62.42,60.08,62.96,73.04,60.08,52.7,55.9,51.1,53.1,51.1,50,48.9,39.2,50,54,46.8,48.9,50
51.98,59,64.94,63.86,62.96,69.98,77,69.08,53.1,61,52,55,57,57,54,44.4,54,60.1,47.3,55,51.08
53.06,59,64.94,66.2,66.02,75.92,84.92,73.94,54.3,64.9,53.1,57,60.1,60.1,57,49.1,57.9,63,48,60.1,51.98
53.96,59,66.92,70.88,69.98,78.98,87.98,80.06,55.8,70,54,60.1,64,63,62.1,53.6,61,66.9,51.1,66.9,53.06
53.96,59,68,75.56,73.04,82.94,89.96,84.92,57,75,60.1,63,64.9,66,66,55.2,63,69.1,54,68,55.04
53.96,60.8,66.92,80.24,78.08,87.98,93.92,91.94,58.1,78.1,59,64.9,69.1,68,70,57.9,64,71.1,57,64.9,57.92
55.04,62.6,66.92,81.32,84.02,91.04,96.98,93.92,59,81,63,66.9,71.1,69.1,75,61.7,64,73,59,64.9,55.94
60.08,64.4,68,82.4,87.08,91.04,100.04,96.08,60.1,86,62.1,69.1,73,71.1,77,61.3,68,75.9,61,57.9,59
59,64.4,66.02,83.48,89.96,93.02,100.94,96.98,58.6,89.1,64,70,73.9,72,80.1,64,68,77,63,59,60.08
60.08,64.4,66.92,82.76,91.04,93.92,102.02,96.98,57.4,90,63,69.1,75,73.9,81,64.6,68,78.1,63.3,60.1,60.98
57.92,64.4,66.92,80.24,93.02,95,102.92,95,55.9,91,55,69.1,73.9,75,82,67.3,69.1,79,63.7,62.1,59
60.08,62.6,66.02,77.72,93.02,95,102.92,93.92,55.6,91.9,57,69.1,75,75,82.9,67.1,69.1,79,64,61,57.02
59,60.8,64.94,73.4,91.04,95,102.92,91.94,55.4,89.1,57,66.9,73,75,82,66,69.1,78.1,62.1,64,57.92
55.94,60.8,64.94,69.62,86,93.02,98.96,87.08,55,84.9,55.9,64.9,71.1,72,80.1,64.4,66.9,73.9,59.9,62.1,57.92
55.04,59,64.94,66.2,78.98,84.92,93.92,82.94,54.3,80.1,55,63,66.9,69.1,75.9,57.2,64,68,57.9,59,55.04
53.96,57.2,64.94,64.94,77,84.02,89.96,78.98,53.8,73.9,53.1,61,62.1,66,72,53.6,61,61,53.2,53.1,53.96
53.06,57.2,64.94,64.4,73.94,78.98,86,75.92,53.1,73,52,62.1,59,55.9,68,48.6,62.1,61,48.7,48.9,53.06
53.06,57.2,64.94,64.4,73.04,75.92,84.02,73.04,53.1,71.1,53.1,60.1,57,51.1,64,43.5,59,59,44.1,44.1,48.02
53.06,57.2,64.94,62.6,71.96,73.94,82.94,68,53.1,69.1,52,60.1,53.1,48.9,61,39.2,57,55,42.4,41,48.92
53.06,57.2,64.94,66.2,69.08,71.06,82.04,60.98,53.1,66.9,51.1,55.9,51.1,53.1,59,39.2,54,50,40.6,41,50
53.06,55.4,64.94,66.2,66.02,69.98,78.08,59,53.1,62.1,52,57,51.1,46.9,55.9,39.2,54,48.9,39,41,50
51.98,55.4,64.94,66.2,64.04,66.02,78.08,57.92,53.1,62.1,51.1,57,51.1,50,55.9,39.2,48.9,46,38.3,43,50
51.98,55.4,64.94,66.2,64.94,64.94,78.08,55.94,53.1,59,51.1,55.9,48.9,44.1,55,39.2,48.9,44.1,37.8,44.1,50
51.98,55.4,64.04,64.58,62.06,62.96,71.06,53.96,53.1,55.9,51.1,57,53.1,48,52,41,48.9,48.9,37,44.1,48.92
51.98,55.4,64.94,64.4,68,64.94,71.96,60.08,53.1,61,53.1,57.9,57,55,55,42.8,50,52,42.4,44.1,50
51.98,55.4,64.94,64.4,73.04,69.98,71.96,68,53.1,66,54,60.1,59,59,62.1,44.6,52,57,47.7,44.1,51.08
53.96,55.4,66.02,65.12,77,75.92,80.96,75.02,54.3,71.1,55.9,63,63,64.9,69.1,51.8,57,61,53.1,45,53.06
53.96,57.2,66.02,66.2,78.98,80.06,84.92,80.96,55.8,75.9,57.9,64.9,68,71.1,70,57.2,62.1,64.9,57,46.9,53.96
57.92,57.2,66.92,66.2,82.04,84.02,89.96,86,57,79,62.1,68,73,73.9,73,62.6,64.9,70,61,48,55.04
57.92,59,66.92,69.8,87.98,87.98,91.94,91.94,57.4,82,64,71.1,75.9,77,77,66.2,70,75,64.9,48.9,57.02
62.06,60.8,68,71.6,91.94,89.96,93.92,93.92,57.6,86,63,72,80.1,78.1,80.1,68,72,78.1,67.6,48,57.92
68,60.8,66.92,78.8,95,93.02,96.08,96.08,57.9,90,64.9,73.9,80.1,81,84,66.2,75.9,81,70.3,52,60.08
69.08,62.6,66.92,73.4,96.08,93.92,96.98,96.98,58.3,93.9,66,73.9,82.9,81,84.9,66.2,77,84,73,51.1,62.06
69.08,62.6,66.92,73.4,98.06,93.92,98.96,98.06,58.6,93.9,66,75,84,82.9,87.1,71.6,79,84.9,73.8,54,62.06
71.06,62.6,66.92,73.4,98.96,95,98.96,96.98,59,96.1,66.9,75.9,84.9,82,87.1,75.2,80.1,84.9,74.3,57.9,62.96
69.08,62.6,66.02,73.4,98.06,91.94,98.96,95,57.9,95,68,77,84,82,88,77,78.1,84.9,75,55.9,60.98
66.92,60.8,66.02,69.8,93.92,91.04,100.04,93.02,57,93,66.9,75.9,81,81,88,75.2,79,82,73,57,60.08
60.98,59,64.94,66.2,87.98,87.08,98.06,86,55.9,90,64,73.9,78.1,77,86,71.6,77,80.1,71.1,54,59
60.98,57.2,64.94,66.2,82.04,82.94,95,75.92,55.6,84,62.1,70,71.1,66.9,84,60.8,71.1,78.1,69.1,46,57.92
55.04,57.2,64.94,66.2,78.08,80.06,89.96,77,55.4,77,60.1,66.9,64,57.9,78.8,53.6,66.9,77,62.8,45,57.02
53.06,55.4,66.02,64.4,75.02,75.02,86,78.08,55,75,57.9,64,62.1,57.9,78.4,55.4,64,75,56.3,46,55.94
50,55.4,66.02,63.68,73.94,73.04,84.02,71.96,55,75,55.9,64,61,57,70.9,51.8,62.1,75,50,46,55.04
48.02,55.4,66.02,62.78,69.98,69.98,80.96,69.98,55,68,55,62.1,60.1,59,70.3,50.5,61,78.1,48.4,45,53.96
46.94,55.4,66.02,62.06,66.92,68,80.06,59,55,69.1,54,59,59,53.1,67.8,49.1,60.1,75,46.6,45,53.06
46.94,55.4,66.02,61.52,64.04,64.94,78.98,59,54.7,63,53.1,57,57,48.9,68.2,48.7,60.1,70,45,45,51.98
46.04,55.4,66.02,60.98,64.04,62.96,78.98,57.02,54.3,61,51.1,55.9,51.1,55.9,67.3,48.2,55.9,66.9,44.1,44.1,51.08
46.04,55.4,64.94,60.8,62.06,60.98,78.08,53.06,54,60.1,48.9,55,53.1,48,63.1,46.4,57.9,64.9,43,43,51.08
44.06,53.6,66.02,60.08,60.98,60.08,71.06,55.04,54.7,59,48.9,55,57,53.1,61.5,46.6,54,60.1,42.1,42.1,50
48.92,55.4,66.02,60.8,66.92,62.06,71.96,57.92,55.2,64,52,55.9,61,57.9,61.7,48.7,55.9,63,48,43,51.08
55.94,55.4,66.02,60.8,73.94,68,73.94,64.94,55.9,68,55,55,66,64.9,68,53.6,57.9,64.9,54.1,45,53.06
57.92,55.4,66.02,60.8,78.98,73.04,78.08,75.92,56.7,73,57,57.9,72,72,73,57.2,62.1,68,60.1,46,53.06
59,57.2,66.02,60.8,82.94,77,82.94,80.96,57.2,79,60.1,61,75.9,75,79,64.4,66,70,63.7,52,55.04
60.98,60.8,66.02,60.8,89.06,80.96,87.08,82.94,57.9,82.9,62.1,64,81,81,82.9,71.6,69.1,73,67.5,55.9,55.94
64.94,62.6,66.92,62.6,89.96,84.92,89.96,82.94,58.6,90,66,66,82.9,82.9,87.1,75.2,73.9,75,71.1,59,57.92
64.04,64.4,66.92,64.4,93.92,91.04,91.94,84.92,59.4,95,69.1,69.1,87.1,86,90,78.8,77,78.1,73.4,62.1,59
62.96,64.4,66.92,67.46,96.98,91.94,95,89.96,60.1,100,72,71.1,86,86,91.9,82.4,75.9,80.1,75.7,63,60.98
62.06,66.2,66.02,69.8,98.96,93.92,98.06,91.94,59.4,102,73,73.9,88,88,93.9,84.6,77,82,78.1,64,62.06
60.98,64.4,66.92,69.8,100.04,95,98.96,93.92,58.6,102,75,75.9,89.1,88,95,86,81,79,78.4,64.9,62.96
59,64.4,66.02,71.6,98.96,95,100.04,93.92,57.9,102,75.9,77,89.1,88,97,87.8,81,80.1,78.6,64.9,62.06
57.92,62.6,66.02,69.8,98.06,95,100.94,93.02,57.9,100,75.9,73.9,87.1,88,97,84.2,82,78.1,79,64.9,62.06
55.94,62.6,64.04,66.2,95,93.92,98.96,91.04,57.9,95,75.9,73.9,84,88,98.1,80.6,81,77,75.9,63,62.06
55.04,59,64.04,64.4,89.06,89.96,95,84.92,57.9,91,73.9,73,81,82.9,96.1,77,79,73.9,73,64.9,62.06
53.06,57.2,64.04,62.6,82.94,84.92,89.96,80.96,57.2,88,70,66.9,72,78.1,91.9,78.8,79,73,70,63,60.08
53.06,57.2,64.94,62.6,77,82.04,87.08,75.92,56.7,84,66.9,64,70,68,84.9,73.4,73.9,73,67.3,54,57.92
51.98,57.2,64.94,62.6,75.92,78.98,84.02,73.94,55.9,79,64,60.1,68,70,81,68,73.9,70,64.8,51.1,57.02
51.08,57.2,64.94,62.6,73.04,75.02,82.04,71.06,55.2,78.1,64,57.9,64.9,64.9,81,64.4,69.1,64,62.1,52,53.96
50,57.2,64.94,60.8,69.98,71.96,80.06,62.96,54.7,75.9,62.1,57,64,62.1,73.9,62.6,68,66,59.7,48,53.06
46.94,55.4,64.94,60.8,66.02,69.98,78.08,62.06,54,75,61,55.9,63,60.1,69.1,59,68,64.9,57.4,46,51.98
48.02,57.2,64.04,60.8,66.02,66.92,75.02,57.92,53.6,72,60.1,55,64,64.9,68,59,66,64.9,55,46,51.98
51.08,55.4,62.96,60.8,64.94,64.94,73.04,59,53.4,70,57.9,54,61,62.1,64.9,60.8,63,63,54.7,46.9,53.06
51.08,55.4,62.06,60.8,62.06,62.06,71.96,60.08,53.1,69.1,57,53.1,57,61,64,60.8,64,61,54.3,44.1,51.98
51.08,55.4,62.06,60.8,60.98,60.98,71.96,55.04,53.8,64.9,57,52,57,54,63,59,60.1,61,54,44.1,50
51.08,55.4,62.96,60.8,66.92,64.94,73.94,66.02,54.3,69.1,59,53.1,63,62.1,63,57.2,63,61,57.4,46.9,53.06
51.08,55.4,62.96,60.8,73.04,69.08,73.04,73.04,55,72,61,53.1,68,70,66.9,57.2,69.1,66,60.6,48.9,55.94
51.08,57.2,64.94,62.6,75.92,73.94,75.92,78.98,56.7,77,63,54,72,75,70,57.2,70,71.1,64,53.1,59
51.08,57.2,64.94,66.2,79.52,78.08,84.02,80.96,58.5,81,64.9,57.9,75.9,80.1,75,60.8,72,75,66.7,55.9,62.06
51.98,59,66.02,69.8,84.92,82.04,87.98,86,60.1,87.1,68,61,80.1,82.9,79,59,71.1,78.1,69.3,57.9,62.06
53.06,60.8,66.92,73.4,87.98,87.08,89.96,89.06,61,88,71.1,64,84.9,86,82.9,61.9,73,81,72,60.1,62.06
57.02,62.6,66.92,78.8,91.94,91.04,91.94,93.02,62.1,90,73.9,69.1,88,89.1,87.1,64.4,72,84,73.6,64.9,66.02
57.02,64.4,66.92,78.8,96.08,93.92,95,95,63,91,73.9,70,88,90,91,66.2,71.1,81,75.4,66.9,66.02
60.08,64.4,66.92,75.2,95,96.08,96.98,95,62.6,91,75,73,90,91,93,60.8,70,80.1,77,68,66.02
59,64.4,68,75.2,93.92,96.98,98.06,96.98,62.4,90,75.9,73.9,90,86,95,62.6,72,81,77,69.1,66.02
57.02,64.4,68,75.2,93.92,98.06,98.96,96.98,62.1,89.1,75.9,75.9,90,86,96.1,66.2,70,86,77,70,68
57.02,62.6,68,73.4,89.96,96.98,100.04,96.08,60.4,88,75,75.9,90,84.9,96.1,66.2,71.1,84,77,66.9,68
55.04,62.6,66.92,71.6,82.94,95,98.96,93.02,58.6,84.9,75,75,88,82.9,96.1,66.2,70,79,74.3,66.9,68
53.96,60.8,66.02,69.8,77,91.94,98.96,87.08,57,81,73,73.9,86,82,95,60.8,66,78.1,71.8,66,68
51.08,59,64.94,66.2,73.04,87.98,96.08,84.02,55.8,75,71.1,68,80.1,78.1,90,59,64,68,69.1,59,66.02
46.94,57.2,64.94,64.4,69.98,82.94,91.04,82.04,54.3,70,69.1,64,78.1,73.9,87.1,57.2,62.1,72,65.3,61,62.96
46.94,57.2,64.94,64.4,69.08,78.98,84.92,78.98,53.1,68,64,60.1,73.9,73,80.1,57.2,61,66,61.7,59,60.08
46.94,57.2,64.94,62.6,66.92,75.92,82.04,73.94,50.7,64.9,64.9,57.9,66.9,70,75,55.4,59,66.9,57.9,55,57.02
46.94,57.2,64.94,62.6,62.06,73.04,80.06,71.06,48.4,62.1,64.9,57,66.9,68,73.9,55.4,59,66.9,57,54,57.92
46.94,57.2,64.94,62.6,59,71.06,78.08,66.92,46,60.1,63,57.9,64.9,68,71.1,53.6,60.1,64.9,55.9,48,55.94
44.96,57.2,64.94,60.8,57.02,69.08,78.08,64.04,44.4,59,62.1,57,62.1,66.9,66,51.8,57,63,55,48,55.04
42.08,57.2,64.94,60.8,55.94,66.92,77,62.06,42.6,57.9,60.1,57.9,55.9,66.9,66,51.8,57.9,63,54.7,46.9,55.04
41,57.2,64.94,59,55.04,64.94,75.92,64.04,41,57.9,60.1,57.9,55,66,64,51.8,57,64.9,54.3,46,53.06
41,57.2,64.94,59,55.04,62.96,73.94,62.96,44.1,55.9,57.9,57,62.1,66,64,48.2,57,64,54,45,53.06
46.04,57.2,64.94,59,59,64.94,73.94,69.08,46.9,57.9,61,55.9,66,66.9,64,48.2,57,64.9,54.3,46,53.96
48.92,57.2,64.94,60.8,62.96,68,75.02,75.02,50,62.1,64.9,57,68,66.9,66,55.4,59,68,54.7,51.1,59
51.08,57.2,64.94,64.4,68,73.04,82.04,80.06,53.1,64.9,69.1,57,70,69.1,66.9,60.8,61,73,55,52,60.08
51.98,57.2,66.02,68,73.04,77,86,84.02,55.9,68,73,57,73,68,72,64.4,63,78.1,58.3,55,64.04
53.06,60.8,66.92,71.6,75.92,80.06,87.98,87.08,59,73,75.9,57,75,73.9,78.1,68,64,82,61.7,60.1,66.02
53.96,60.8,66.92,75.2,80.96,84.92,91.04,89.96,61,75,79,59,78.1,75.9,82,69.8,69.1,84,64.9,60.1,66.92
55.04,62.6,66.92,78.8,86,91.04,95,93.92,63,80.1,82,60.1,81,79,84,73.4,73.9,86,65.3,66,69.98
57.02,66.2,66.92,82.4,87.08,91.94,96.98,96.08,64.9,84,84.9,61,82,80.1,86,75.2,80.1,88,65.7,64,71.06
57.92,66.2,66.92,82.4,87.98,93.92,98.96,96.98,64.6,87.1,86,63,82,82,91.9,77,80.1,89.1,66,69.1,73.04
57.92,65.66,66.02,82.4,89.06,96.98,98.96,96.98,64.4,88,88,62.1,82,82,91,78.8,82.9,82.9,67.6,68,73.94
60.08,64.22,64.94,80.6,89.96,96.98,100.04,96.98,64,87.1,88,64,82.9,84,91.9,78.8,81,80.1,69.4,64,73.94
59,62.6,64.04,78.8,87.98,95,100.94,95,62.1,88,87.1,64,81,82,93.9,80.6,82,82,71.1,63,71.06
57.02,62.6,62.96,77,84.92,93.92,102.02,93.92,59.9,86,84.9,63,79,81,93.9,80.6,79,84,68.4,64,68
55.94,60.8,62.96,73.4,78.98,89.96,100.04,89.06,57.9,81,82.9,62.1,75,77,93.9,78.8,77,81,65.7,66,64.94
53.06,59,62.96,69.8,71.06,86,96.98,86,55.6,75.9,79,61,72,73,88,75.2,73.9,75,63,64.9,64.94
48.02,59,62.96,66.2,66.92,82.94,96.98,82.94,53.4,71.1,72,57.9,68,70,79,60.8,73,71.1,59.9,62.1,64.04
46.94,59,62.96,64.4,64.94,80.06,87.98,82.04,51.1,66,75,57,64,66.9,77,57.2,70,70,57,57.9,62.06
42.98,59,62.96,64.4,62.96,77,82.94,82.04,50.7,66.9,70,55.9,60.1,68,73,57.2,69.1,64,54,55.9,60.98
41,57.2,62.96,64.4,60.98,73.04,80.96,73.94,50.4,64.9,66.9,55.9,55,64,68,53.6,68,55.9,55.2,54,55.94
41,57.2,62.96,62.6,60.08,71.06,82.04,69.98,50,61,63,55.9,52,63,66,51.8,66,59,56.7,53.1,57.92
41,57.2,62.96,62.6,57.92,69.08,80.06,66.02,48.4,63,62.1,55,51.1,61,63,51.8,63,63,57.9,50,60.98
41,57.2,64.04,62.6,57.02,66.92,78.08,62.96,46.6,61,57.9,55,48,53.1,60.1,51.8,62.1,62.1,55.6,46.9,60.08
37.04,57.2,64.04,60.8,57.02,64.94,80.06,68,45,57.9,59,55,46,48,60.1,50,61,54,53.4,45,59
37.04,57.2,64.04,62.6,55.94,62.06,80.06,59,48,57.9,57.9,55,46.9,53.1,57.9,50,61,52,51.1,42.1,59
42.08,57.2,64.04,62.6,60.08,66.02,75.92,68,50.9,60.1,63,55,51.1,59,57.9,51.8,64,57,54.3,44.1,59
51.98,57.2,64.94,62.6,64.94,71.06,78.08,73.04,54,62.1,66.9,55.9,54,62.1,63,57.2,64.9,62.1,57.7,50,60.98
55.94,60.8,66.02,66.2,69.08,78.08,80.96,80.06,58.3,66.9,70,59,57,68,66.9,66.2,72,66,61,53.1,60.08
60.08,60.8,66.92,69.8,73.04,82.04,84.02,84.92,62.6,72,75,57.9,59,70,72,68,75,70,64,57.9,60.08
62.96,62.6,69.08,73.4,77,84.92,86,87.08,66.9,75,80.1,60.1,62.1,73.9,78.1,73.4,78.1,73,66.9,63,59
64.94,62.6,68,78.8,80.96,87.98,89.06,93.02,66.2,78.1,84,64,64.9,75.9,82.9,78.8,79,75.9,70,66.9,60.08
64.94,64.4,68,82.4,84.02,91.04,91.94,95,65.7,82,88,64.9,66.9,79,86,80.6,81,80.1,69.3,70,62.06
66.92,66.2,66.92,82.4,87.08,93.92,93.02,96.08,64.9,84.9,90,64.9,69.1,82,90,84.2,81,84,68.7,71.1,64.94
66.92,66.2,66.92,82.4,87.98,96.08,93.92,96.08,63.3,87.1,91,66,70,82.9,91,84.2,73.9,84.9,68,73.9,66.02
64.94,66.2,66.92,84.2,91.04,98.06,93.92,95,61.7,86,91.9,66,72,84,88,84.2,75.9,84,64.9,75.9,57.02
62.96,66.2,66.92,82.4,89.06,98.06,93.92,96.08,60.1,88,91.9,68,73,84.9,78.1,84.2,82,82.9,62.1,77,60.98
62.06,66.2,66.02,78.8,86,96.08,93.02,93.02,59.4,87.1,91.9,66.9,73,84.9,75,84.2,81,82,59,78.1,60.98
60.98,64.4,66.02,75.2,82.94,93.92,91.94,89.06,58.6,84,90,66,72,86,73,84.2,81,79,59.4,77,60.08
57.92,62.6,64.94,69.8,78.08,89.96,91.04,84.92,57.9,81,87.1,64,71.1,80.1,72,80.6,82,77,59.7,75.9,59
53.96,60.8,66.02,66.2,73.04,84.92,87.98,80.06,57,73.9,82,62.1,66,79,72,71.6,80.1,69.1,60.1,71.1,57.02
51.08,59,66.92,64.4,71.06,82.04,84.92,75.02,55.9,68,78.1,59,64,75.9,69.1,66.2,73,62.1,58.5,63,57.02
50,59,66.92,64.4,66.92,80.06,82.04,73.04,55,64.9,73,55.9,61,72,66,68,70,62.1,56.7,62.1,57.02
46.94,57.2,66.92,62.6,64.94,75.92,78.98,69.98,55,64.9,70,55.9,57.9,66.9,66,57.2,69.1,61,55,55.9,55.04
42.08,57.2,66.92,62.6,64.04,73.94,77,69.98,55,63,71.1,57,55.9,62.1,64,57.2,69.1,57,55,53.1,55.94
41,57.2,66.92,62.6,60.98,69.98,75.92,66.92,55,63,66,57,55,63,61,60.8,66,57,55,53.1,55.04
39.92,56.84,66.02,60.8,59,66.02,75.02,69.98,55,57.9,64.9,55,46.9,60.1,57.9,57.2,64.9,55.9,55,50,55.04
39.02,56.12,64.94,60.8,57.92,64.94,73.94,64.04,55,55.9,62.1,52,48.9,54,57.9,59,64,50,54.7,48.9,53.96
37.94,55.76,64.94,60.8,57.02,64.04,71.96,59,55,55.9,61,53.1,46,57.9,53.1,57.2,62.1,45,54.3,46.9,53.96
39.02,55.4,64.04,60.8,57.92,64.04,73.04,62.96,55.8,54,61,52,48,57,50,55.4,60.1,44.1,54,48.9,55.04
46.04,55.4,64.04,60.8,60.98,66.92,71.96,68,56.3,57.9,63,53.1,55.9,62.1,48.9,55.4,66.9,52,53.6,50,55.94
50,60.8,66.02,62.6,66.02,69.98,73.94,73.94,57,63,66,57,57,66.9,51.1,62.6,66,57,53.4,51.1,57.02
50,59,66.92,64.4,69.08,75.02,75.92,80.06,57.7,66.9,70,60.1,61,71.1,54,68,70,60.1,53.1,51.1,57.02
51.98,60.8,69.08,69.8,75.02,82.04,80.06,82.94,58.3,70,73,62.1,66.9,75.9,55.9,71.6,75.9,62.1,53.8,55.9,55.04
53.96,62.6,69.08,75.2,80.96,86,84.92,86,59,75,75,64,71.1,81,59,80.6,78.1,66.9,54.3,63,57.02
55.94,66.2,69.08,78.8,84.02,89.06,87.08,89.96,60.3,80.1,80.1,66.9,77,84.9,63,82.4,82,69.1,55,64,57.92
53.96,69.8,69.08,82.4,89.06,91.94,87.98,91.04,61.7,82.9,82,66.9,78.1,87.1,69.1,86,84,71.1,55.4,68,59
60.98,71.6,69.08,84.2,89.96,93.92,91.04,93.02,63,84.9,84,70,82,89.1,72,89.6,84.9,73,55.6,69.1,60.98
62.96,71.6,69.08,84.2,93.02,96.08,93.02,93.92,62.6,84.9,87.1,70,84,90,73,89.6,88,75.9,55.9,71.1,60.08
57.92,73.4,69.98,84.2,93.92,98.06,93.02,93.92,62.4,86,87.1,71.1,84.9,91.9,73.9,89.6,88,77,55.6,71.1,60.98
57.92,73.4,68,82.4,95,98.06,94.46,95,62.1,86,87.1,71.1,84,91.9,73.9,87.8,90,75.9,55.4,71.1,60.98
57.02,73.4,66.92,78.8,93.92,96.08,95,93.92,60.6,84,82.9,71.1,82,91.9,73.9,89.6,89.1,75,55,72,60.98
53.96,71.6,66.92,78.8,91.04,93.92,95,91.04,59.4,82,78.1,71.1,80.1,91.9,73,89.6,89.1,73.9,55,72,60.08
51.08,68,66.02,71.6,87.08,89.96,91.94,84.02,57.9,77,69.1,68,75.9,88,72,86,87.1,71.1,55,68,60.08
50,64.4,66.02,68,82.04,84.92,89.06,77,56.7,69.1,64.9,63,73.9,82,71.1,82.4,82.9,68,55,66,60.08
46.94,64.4,66.02,66.2,78.98,80.06,87.08,75.92,55.2,64,61,62.1,70,71.1,71.1,64.4,80.1,64.9,54.3,64,59
44.06,62.6,66.02,64.4,75.02,77,82.04,73.94,54,61,61,61,70,66,68,69.8,75.9,64.9,53.8,61,59
44.06,62.6,66.02,62.6,71.06,75.02,80.96,69.98,53.6,61,61,59,64,64,66.9,64.4,73,64.9,53.1,59,57.92
46.04,60.8,64.04,62.6,68,71.96,80.06,66.02,53.4,60.1,61,57.9,61,61,63,59,71.1,63,53.1,55.9,57.02
48.02,59,64.04,60.8,62.96,69.08,78.08,69.98,53.1,55,60.1,55.9,53.1,57.9,63,62.6,69.1,61,53.1,54,53.96
48.02,59,62.96,60.8,62.96,66.92,75.92,64.04,52,57,59,55.9,52,57.9,61,59,66.9,60.1,53.1,51.1,55.94
48.92,59,62.06,59,62.96,66.92,75.02,62.06,51.1,57,57.9,55,51.1,60.1,57,57.2,66.9,60.1,52.7,51.1,55.94
48.92,57.2,62.06,57.2,59,64.04,75.02,60.08,50,52,57,55,50,57,57.9,57.2,64,57.9,52.3,48,55.04
48.02,57.2,62.06,57.2,59,64.04,73.94,59,51.6,51.1,57,55,50,57,57.9,55.4,63,48.9,52,46.9,55.04
48.92,59,62.06,59,62.96,66.92,73.94,62.96,53.4,55.9,57,55,48.9,66.9,59,57.2,62.1,54,53.1,46.9,55.94
48.92,62.6,62.06,60.8,69.08,69.98,73.94,69.98,55,60.1,57,55.9,51.1,72,60.1,62.6,66,63,54,52,57.02
50,62.6,62.96,62.6,73.94,73.94,77,75.02,57,64,59,57,51.1,75.9,64.9,69.8,71.1,68,55,57,57.92
51.08,64.4,64.04,69.8,80.06,78.98,78.98,78.98,59,68,59,57.9,52,82,69.1,75.2,75,72,57.7,62.1,59
53.06,64.4,64.04,73.4,84.92,82.94,82.22,80.96,61,71.1,62.1,62.1,50,87.1,72,84.2,80.1,75.9,60.3,66.9,60.98
53.06,68,64.94,78.8,87.98,86,84.92,84.92,62.2,75,63,64.9,53.1,91,75,86,84.9,78.1,63,71.1,60.98
53.06,71.6,66.02,80.6,93.02,91.04,89.96,87.08,63.7,79,64,66,55,93.9,75.9,89.6,90,66,63.7,75.9,62.06
53.06,71.6,66.92,80.6,96.08,93.92,91.94,89.06,64.9,82.9,68,70,57,95,81,91.4,91.9,63,64.2,79,62.96
53.06,73.4,66.02,80.6,98.96,93.02,93.92,91.94,64.2,84,70,69.1,60.1,98.1,82.9,89.6,93.9,66.9,64.9,82,64.04
51.98,71.6,66.02,80.6,98.96,96.08,95,93.02,63.7,84,69.1,69.1,59,98.1,87.1,93.2,96.1,69.1,66,84.9,64.04
53.96,71.6,64.94,78.8,98.96,96.98,96.08,93.02,63,84,71.1,69.1,64,99,86,89.6,96.1,66.9,66.9,81,64.04
53.96,69.8,64.94,80.6,96.98,96.98,96.08,91.94,61,84,68,68,63,98.1,87.1,89.6,96.1,64.9,68,84,62.96
53.96,66.2,64.94,73.4,93.92,96.08,96.98,91.04,59,84,64.9,68,64,96.1,84.9,84.2,93.9,60.1,66.7,84,62.06
51.98,64.4,64.04,69.8,89.96,91.94,96.08,84.92,57,79,61,66.9,64,88,84,86,91,59,65.3,77,62.06
51.08,60.8,62.96,64.4,84.92,87.08,93.02,77,56.3,75,59,66,61,84,78.1,78.8,89.1,50,64,73.9,60.98
48.02,60.8,62.96,62.6,82.04,82.94,86,78.08,55.8,71.1,57,61,57,84.9,78.1,71.6,84.9,51.1,60.6,69.1,60.98
46.04,60.8,62.96,62.6,78.08,80.96,82.04,73.4,55,66.9,55,57.9,55.9,81,77,73.4,82.9,52,57.4,68,60.08
44.96,60.8,62.96,60.8,77,78.08,80.06,70.34,55.4,68,54,59,54,80.1,75.9,66.2,81,52,54,61,60.08
42.98,59,62.96,60.8,73.04,75.02,77,71.42,55.6,64,53.1,60.1,51.1,79,75.9,59,81,53.1,52,64,59
46.94,57.2,62.96,59,69.08,73.94,78.08,69.62,55.9,64,51.1,60.1,48.9,78.1,73.9,55.4,78.1,51.1,50,57.9,59
48.92,57.2,62.96,59,66.02,71.06,75.02,65.66,55.6,62.1,51.1,57.9,48.9,77,71.1,55.4,75.9,51.1,48,55.9,57.92
48.92,55.4,62.96,57.2,64.94,69.08,73.94,63.86,55.4,60.1,53.1,57,48,73.9,71.1,53.6,73,51.1,46.4,55,55.94
48.92,55.4,62.96,57.2,64.04,66.92,71.96,62.78,55,55.9,53.1,55.9,46.9,70,71.1,53.6,68,52,44.6,51.1,57.92
48.92,55.4,62.96,59,64.04,69.98,71.96,69.08,55.4,54,52,55.9,48,71.1,71.1,53.6,64.9,53.1,43,50,57.02
48.92,57.2,62.96,57.2,69.08,69.98,71.96,74.3,55.6,57.9,53.1,57,53.1,73,70,53.6,66.9,55,48,50,57.92
48.92,60.8,64.04,60.8,73.94,75.02,73.94,78.26,55.9,61,54,57.9,57.9,73.9,71.1,60.8,71.1,59,52.9,55,59
48.92,60.8,64.94,62.6,78.98,82.04,80.06,82.4,57,66,57,61,62.1,79,73,69.8,75,63,57.9,57,60.08
50,64.4,64.94,66.2,84.02,87.08,80.96,85.64,57.9,70,57.9,64,66,82,73.9,73.4,81,64,61.3,63,62.96
50,66.2,66.02,71.6,87.98,91.94,84.02,89.6,59,72,61,68,68,84,72,75.2,86,70,64.6,66.9,64.94
53.06,69.8,66.92,73.4,91.94,96.98,86,93.74,60.6,75.9,61,70,70,84,77,80.6,89.1,70,68,70,64.94
53.96,73.4,66.92,75.2,95,98.96,89.06,95.9,62.4,79,64.9,70,72,86,81,84.2,95,73.9,70,72,64.94
55.94,71.6,66.92,78.8,96.98,102.02,91.04,96.98,64,80.1,64,73,73,87.1,84,89.6,96.1,72,72,75.9,66.02
55.04,71.6,68,78.8,98.96,104,93.02,100.04,63.3,81,66.9,75,75,86,81,87.8,98.1,77,73.9,78.1,66.92
55.94,71.6,66.92,77,100.94,104,93.02,100.22,62.8,82.9,66,75.9,75.9,82.9,79,89.6,98.1,77,75,79,68
57.02,71.6,66.92,75.2,100.04,105.98,95,98.24,62.1,81,66,77,78.1,81,69.1,89.6,98.1,77,75.9,77,66.92
55.94,68,66.92,75.2,98.06,104,93.92,98.42,61,77,64.9,75,75.9,78.1,64.9,86,97,77,77,78.1,69.08
53.96,64.4,66.92,73.4,93.92,102.92,91.94,95.54,60.1,75,64.9,73.9,75,75.9,66.9,89.6,93,77,75,78.1,66.92
53.06,62.6,66.02,69.8,89.96,98.96,91.04,90.68,59,71.1,64,71.1,73.9,73.9,68,87.8,88,75,73,73.9,64.04
50,60.8,64.94,66.2,84.02,93.92,87.98,88.88,57.7,68,63,66.9,70,72,63,80.6,86,69.1,71.1,69.1,64.04
48.02,59,64.94,64.4,80.96,89.06,82.94,85.82,56.3,66,61,64,66.9,71.1,64,78.8,84,63,65.7,64,64.04
44.06,57.2,64.04,64.4,78.08,87.98,80.06,80.06,55,64,60.1,64,59,68,64,64.4,82,61,60.4,62.1,62.06
44.96,55.4,64.94,62.6,75.02,84.92,78.08,73.04,53.1,62.1,57.9,62.1,62.1,64,64,66.2,80.1,57.9,55,63,60.08
42.98,57.2,64.94,62.6,71.06,82.04,77,68,50.9,57.9,57,61,57,64,61,57.2,75.9,60.1,53.8,57.9,57.92
42.98,57.2,64.04,62.6,69.08,78.98,77,62.96,48.9,59,57,59,54,64,59,54.9,71.1,55,52.3,51.1,57.02
41,53.6,64.04,60.8,66.92,77,75.92,60.08,48.2,57,55.9,57.9,53.1,62.1,59,53.6,72,50,51.1,48.9,55.04
41,53.6,64.04,60.8,66.02,73.94,75.02,60.08,47.7,55,55.9,57,52,61,57.9,51.8,71.1,48,51.4,48,55.04
41,53.6,62.96,60.8,62.96,73.04,73.04,60.08,46.9,53.1,55.9,55.9,50,59,57,50,63,46.9,51.6,48,53.96
39.92,53.6,62.06,60.8,64.04,71.96,71.96,57.92,49.3,53.1,55,55.9,52,55.9,57,50,63,48,52,46,53.96
42.98,57.2,64.04,60.8,68,73.04,71.06,64.94,51.6,55.9,55.9,57.9,57,62.1,57.9,51.8,64.9,52,55,48,57.92
48.02,60.8,64.94,60.8,73.94,77,73.94,69.98,54,61,57,61,61,62.1,62.1,60.8,68,61,57.9,54,59
51.98,60.8,66.02,62.6,78.08,82.04,77,78.98,57,64,57.9,64,66,64.9,66,69.8,72,66.9,61,59,62.06
50,62.6,68,66.2,82.04,87.98,80.96,84.02,59.9,66.9,59,66,72,66.9,69.1,71.6,78.1,72,65.7,64,64.04
51.98,64.4,69.08,68,87.08,91.94,84.02,87.08,63,70,61,70,75.9,69.1,72,71.6,82.9,75.9,70.3,69.1,64.94
53.06,66.2,69.08,73.4,91.04,95,86,91.94,63.3,75.9,63,71.1,80.1,72,73.9,77,88,80.1,75,72,66.92
53.06,69.8,69.98,78.8,95,98.96,87.98,95,63.7,78.1,64.9,73,82,70,77,77,93,82.9,78.3,79,69.08
53.96,69.8,71.06,78.8,96.98,102.02,89.96,98.06,64,81,66.9,75.9,84,64.9,78.1,79.9,95,84.9,81.7,80.1,69.98
55.04,71.6,71.06,80.6,98.06,102.92,91.94,98.96,62.4,82.9,68,77,84.9,63,81,82.4,98.1,87.1,84.9,84.9,71.96
55.94,71.6,71.06,78.8,98.96,105.08,95,98.96,60.6,82.9,68,79,86,62.1,82,82.4,95,88,86,82,73.04
55.94,69.8,71.06,77,98.06,105.98,93.92,100.04,59,84.9,66,79,86,63,84.9,87.8,96.1,88,86.9,82,73.04
55.94,68,71.96,73.4,95,105.08,96.08,100.04,58.3,84,64,80.1,86,66,84.9,87.8,97,87.1,88,81,71.96
55.94,66.2,69.98,73.4,93.02,102.92,95,96.98,57.7,82.9,64.9,78.1,84,64,84.9,84.2,96.1,86,83.3,78.1,71.96
55.04,62.6,71.06,69.8,89.06,98.96,93.92,91.94,57,81,60.1,75.9,82,63,82.9,80.6,91,82.9,78.6,75,71.06
51.08,62.6,69.08,66.2,82.04,93.92,91.94,87.08,55.9,77,59,71.1,75,61,80.1,78.8,86,75,73.9,72,69.08
48.92,61.52,68,66.2,78.98,89.06,86,82.04,55,73,60.1,62.1,68,62.1,73.9,77,82.9,73,70.9,68,64.94
48.92,60.8,68,64.4,73.94,86,86,78.98,54,70,59,64.9,69.1,62.1,73,69.8,77,69.1,68,66.9,62.06
42.98,57.2,66.92,64.4,69.98,84.02,82.94,80.96,54,68,57.9,59,63,61,72,60.8,73,66.9,64.9,64,60.08
42.08,57.2,66.02,62.6,69.08,80.96,80.96,78.08,54,64.9,57.9,57,60.1,61,66,64.4,72,63,62.6,62.1,60.08
39.92,62.6,66.02,62.6,68,78.08,78.08,78.08,54,63,57.9,55.9,59,60.1,63,62.6,70,57.9,60.3,61,57.92
42.08,62.6,64.94,62.6,64.94,75.02,77,75.92,54,62.1,57,55,57.9,61,62.1,59,70,54,57.9,61,57.02
39.02,62.6,64.94,62.6,64.04,73.04,75.02,69.08,54,57,57,55,57.9,61,57,55.4,70,50,55.9,57,55.94
39.02,62.6,64.04,60.8,62.96,71.96,73.94,66.92,54,57,57,55.9,57.9,60.1,55.9,57.2,69.1,46.9,54,54,55.04
37.94,62.6,64.04,60.8,60.98,71.06,73.94,64.94,54.3,55,57,55,59,60.1,55.9,55.4,68,46,52,53.1,55.04
44.96,62.6,66.02,60.8,64.94,73.04,73.94,69.98,54.7,60.1,55.9,55,60.1,60.1,55.9,60.8,66.9,52,56.3,51.1,57.02
51.98,62.6,71.06,60.8,68,78.98,75.92,75.92,55,63,57,54,63,64,59,62.6,72,62.1,60.6,55.9,59
55.04,62.6,73.94,62.6,71.06,84.02,78.98,82.94,56.7,66.9,57,54,68,66.9,62.1,66.2,75,68,64.9,62.1,60.98
55.04,66.2,75.02,66.2,75.92,87.08,82.04,87.08,58.5,73,57.9,55.9,72,68,66.9,73.4,75.9,75.9,68.4,64,62.96
55.94,66.2,77,71.6,80.96,89.06,84.92,89.96,60.1,75.9,60.1,57,75.9,69.1,71.1,78.8,77,80.1,71.6,70,66.02
57.02,68,78.08,75.2,84.92,95,89.06,93.92,61.3,80.1,61,57.9,79,71.1,75.9,80.6,77,84.9,75,73.9,66.92
57.92,71.6,78.08,80.6,89.06,98.96,89.96,98.06,62.8,84,61,59,81,72,80.1,82.4,80.1,87.1,77.4,79,66.02
59,71.6,80.06,80.6,91.94,102.02,93.02,98.96,64,88,59,62.1,81,73.9,84,84.2,84.9,90,79.7,82,69.08
59,73.4,82.04,82.4,93.92,105.08,93.92,100.94,63.7,89.1,60.1,62.1,84,75.9,87.1,80.6,87.1,89.1,82,84.9,69.98
57.92,71.6,78.98,80.6,93.02,105.08,95,100.04,63.3,89.1,60.1,63,82.9,77,90,82.4,75,90,77.4,87.1,71.06
57.92,69.8,80.06,80.6,91.94,105.08,96.08,102.92,63,89.1,61,64,84,75,90,80.6,80.1,88,72.7,88,69.98
57.92,69.8,80.06,78.8,91.94,105.08,98.06,102.92,61,88,61,64,82,72,90,80.6,81,82.9,68,90,69.08
55.94,66.2,78.98,73.4,87.98,102.02,96.98,98.06,59,86,62.1,63,81,71.1,91,78.8,79,82.9,66.4,89.1,66.92
53.06,64.4,73.94,71.6,82.94,98.96,96.98,91.94,57,81,61,63,77,68,90,77,78.1,78.1,64.6,87.1,66.02
51.08,62.6,71.96,68,77,93.92,93.92,87.08,55.9,75.9,60.1,62.1,70,63,84.9,69.8,73.9,71.1,63,82,62.96
50,62.6,71.06,66.2,69.98,89.06,91.94,84.92,55,73,59,61,63,63,82,69.8,72,68,61.7,80.1,60.98
46.94,62.6,71.06,66.2,66.02,86,89.06,84.02,54,71.1,59,61,64.9,57,77,68.9,70,64.9,60.3,77,59
42.98,60.8,71.06,64.4,62.96,82.94,87.08,78.08,52.3,69.1,57,60.1,62.1,55,72,68,68,60.1,59,69.1,57.92
42.98,59,71.06,64.4,60.98,82.04,86,75.92,50.5,66.9,55.9,59,61,54,69.1,66.2,64.9,61,57,64,57.02
41,59,69.08,62.6,62.06,77,82.04,73.94,48.9,64,57,59,57,48,66.9,57.2,64,60.1,55,55.9,57.02
39.92,60.8,69.08,62.6,59,73.94,78.98,69.98,47.3,61,57.9,57.9,55.9,46,66.9,57.2,64,55.9,53.1,59,57.02
39.02,59,68,62.6,59,71.96,78.98,60.98,45.7,59,57,57,54,45,63,55.4,62.1,55.9,53.1,59,57.92
39.02,59,68,60.8,59,71.06,75.02,64.04,44.1,57,55.9,55.9,53.1,45,61,51.8,62.1,50,53.1,57,57.02
37.94,59,66.02,62.6,57.92,71.06,73.94,64.04,47.7,55.9,57,55.9,52,48.9,60.1,53.6,59,50,53.1,53.1,55.94
41,60.8,68,62.6,60.08,73.04,73.04,73.04,51.4,60.1,55.9,55.9,55.9,53.1,61,55.4,64,54,56.1,54,55.94
51.98,60.8,71.96,62.6,64.04,77,75.92,77,55,64,55.9,57,61,59,64.9,62.6,68,59,59,61,57.92
53.96,62.6,78.08,64.4,68,82.04,82.04,87.08,59,66.9,57.9,59,64.9,61,69.1,68,71.1,61,62.1,68,57.92
55.04,62.6,82.04,66.2,73.04,87.08,89.06,87.98,63,70,62.1,61,70,64.9,70,73.4,73.9,64.9,63,71.1,57.92
55.94,64.4,82.04,73.4,77,91.94,95,91.04,66.9,73.9,62.1,64,73,66,73.9,78.8,77,69.1,64,75,60.08
59,66.2,82.04,75.2,80.96,93.02,98.06,95,66.9,77,63,64.9,75.9,70,77,80.6,81,73.9,64.9,78.1,60.08
57.92,66.2,82.04,78.8,84.02,96.98,100.04,96.98,66.9,81,60.1,66,77,72,82,82.4,84,78.1,64,79,60.08
57.92,68,82.04,80.6,87.98,100.94,102.02,98.96,66.9,84,59,66,80.1,73,84.9,86,87.1,81,63,82,60.08
60.08,69.8,84.02,80.6,89.96,102.92,105.08,100.94,67.3,84.9,62.1,66.9,82,75,87.1,87.8,89.1,84,62.1,81,62.06
60.08,68,82.04,80.6,89.06,102.02,104,102.92,67.6,87.1,61,69.1,84,75,90,84.2,90,84.9,61.7,81,62.06
60.08,66.2,80.96,80.6,87.98,102.02,105.98,102.92,68,87.1,61,69.1,82.9,73,90,84.2,91,88,61.3,81,62.06
60.98,64.4,78.98,80.6,84.02,100.94,105.98,102.92,65.7,86,61,69.1,81,73,91.9,84.2,91.9,86,61,81,60.98
57.92,62.6,78.08,78.8,78.98,100.04,105.08,102.02,63.3,84,61,69.1,82,71.1,91,82.4,91,84.9,61.7,80.1,60.98
57.92,60.8,75.02,75.2,73.04,95,102.02,96.98,61,80.1,60.1,66.9,77,68,86,80.6,87.1,81,62.2,78.1,59.18
53.06,59,71.96,71.6,66.02,89.06,96.98,91.94,59.4,73,60.1,64,71.1,63,82,77,82.9,75.9,63,73.9,58.64
51.08,57.2,71.06,71.6,62.06,87.08,93.92,89.06,57.6,69.1,59,62.1,68,59,80.1,71.6,75.9,72,60.3,70,58.28
50.36,57.2,69.98,70.34,61.88,84.56,91.94,83.84,57,66.7,58.6,61.3,66.7,57.6,77.7,68.2,73,70.3,58.6,68.5,57.92
49.64,57.2,69.08,69.08,61.7,82.22,90.14,78.44,56.5,64.6,58.1,60.6,65.5,56.1,75.6,64.9,70.2,68.9,57,67.1,57.56
48.92,57.2,68,67.82,61.52,79.7,88.16,73.22,55.9,62.2,57.7,59.9,64.2,54.7,73.2,61.5,67.3,67.3,55.4,65.7,57.38
48.2,57.2,67.1,66.38,61.52,77.36,86.36,67.82,55.6,59.9,57.2,59.2,62.8,53.2,70.9,58.3,64.4,65.7,53.8,64.2,57.02
47.48,57.2,66.02,65.12,61.34,74.84,84.38,62.6,55,57.6,56.8,58.5,61.5,51.8,68.5,54.9,61.5,64,52.2,62.8,56.66
46.76,57.2,65.12,63.86,61.16,72.5,82.58,57.2,54.5,55.4,56.3,57.7,60.3,50.4,66.4,51.6,58.6,62.6,50.5,61.3,56.66
46.04,57.2,64.04,62.6,60.98,69.98,80.6,51.98,54,53.1,55.9,57,59,48.9,64,48.2,55.8,61,48.9,59.9,57.02
44.06,55.4,64.94,62.6,57.92,69.08,82.04,53.06,55,53.1,55.9,55.9,57,53.6,62.1,46.4,55,57.9,48.9,57.9,57.56
46.94,55.4,64.94,62.6,62.96,71.96,80.6,55.04,55.9,55.9,55.9,59,59,58.3,61,48.2,57.7,59,51.1,57.2,58.46
53.06,62.6,64.04,62.6,69.98,75.92,82.4,57.02,57,59,55.9,59,61,63,64.9,55.4,60.3,63,55.9,56.7,60.98
53.06,60.8,64.94,64.4,75.92,82.04,84.2,69.98,58.3,62.1,60.1,59,63,68,68,64.4,63,64.9,61,55.9,62.96
57.02,62.6,68,69.8,82.4,86,87.8,75.02,59.7,66.9,64.9,60.1,68,73,71.1,69.8,69.3,71.1,66.9,57.4,64.94
57.92,64.4,69.98,71.6,84.92,89.06,91.4,80.06,61,72,69.1,60.1,71.1,78.1,75,71.6,75.7,73.9,73.9,58.6,64.94
60.08,69.8,71.06,77,89.06,93.92,96.08,82.94,61.7,75,71.1,57.9,73.9,80.1,78.1,77,82,75,75.9,60.1,66.92
60.08,73.4,69.98,80.6,93.02,95,98.6,86,62.2,79,73.9,60.1,73.9,82,81,80.6,83.7,78.1,75.9,61.7,66.92
60.08,73.4,71.06,78.8,95,100.04,100.4,87.08,63,81,77,70,77,84,84.9,82.4,85.5,80.1,78.1,63.3,68
60.98,75.2,71.06,77,96.98,100.94,102.2,87.98,63.3,84,79,68,78.1,84.7,86,84.2,87.1,80.1,78.1,64.9,69.98
62.06,73.4,71.96,75.2,98.96,102.02,105.8,84.92,63.7,87.1,80.1,68,80.1,85.3,87.1,86,89.1,75.9,78.1,66.4,71.06
62.06,71.6,71.96,77,98.06,102.02,105.8,86,64,89.1,82.9,64,80.1,86,87.1,86,91,75.9,78.1,67.6,71.06
60.08,69.8,71.96,75.2,98.06,102.02,105.98,78.98,62.4,88,82,63,80.1,84,88,82.4,93,73.9,77,69.1,71.06
60.08,68,69.98,71.6,95,100.04,107.6,80.06,60.6,86,79,62.1,79,82,87.1,84.2,90.7,73,75.9,67.5,69.98
57.92,66.2,66.02,69.8,91.04,96.08,102.2,75.92,59,82.9,73.9,61,75,80.1,86,78.8,88.3,71.1,73.9,65.7,69.08
53.06,62.6,64.04,66.2,84.02,91.94,96.62,71.06,58.3,75,69.1,60.1,71.1,74.1,78.1,75.2,86,69.1,68,64,66.92
51.08,60.8,64.04,66.2,80.06,87.08,91.4,66.02,57.7,70,64.9,59,66.9,68,73,69.8,82.4,66,62.1,60.6,64.94
48.92,60.8,64.04,64.4,77,82.04,89.78,62.06,57,69.1,62.1,57.9,60.1,62.1,72,69.8,78.6,66,57,57.4,62.96
46.94,55.4,62.96,62.6,73.04,80.06,89.06,62.96,57,66.9,59,55.9,57,60.6,68,60.8,75,62.1,55.9,54,66.02
46.94,55.4,62.96,62.6,71.06,77,87.8,60.08,57,63,57.9,55,55.9,59.4,63,57.2,73.9,60.1,57,52,64.04
46.04,55.4,62.96,62.6,66.92,73.94,87.8,53.06,57,59,57,55,55.9,57.9,60.1,53.6,73,60.1,54,50,62.06
46.04,55.4,62.06,62.6,68,73.04,78.8,53.96,56.7,57,57,54,54,57.6,59,51.8,72,59,53.1,48,60.98
46.04,57.2,62.06,62.6,64.94,71.06,80.6,55.04,56.3,54,57,54,53.1,57.4,57.9,51.8,72.7,59,57,45.7,60.08
44.96,55.4,62.06,62.6,64.04,69.98,80.6,50,55.9,55,57,54,53.1,57,55.9,53.6,73.2,57,54,43.3,59
44.96,55.4,62.06,62.6,64.94,66.92,78.98,51.08,55.9,52,57.9,54,57,60.6,55,51.8,73.9,57,53.1,41,59
48.92,57.2,60.98,62.6,69.08,69.08,80.6,59,55.9,57,57.9,54,60.1,64.4,55.9,53.6,75,57.9,55.9,45,60.08
55.04,64.4,62.06,62.6,75.92,71.06,82.4,69.08,55.9,61,57.9,55,66,68,57.9,62.6,75.9,63,59,49.1,62.06
59,66.2,64.04,64.4,80.6,75.92,86,73.94,57.4,66,59,57.9,70,72,60.1,68,77,69.1,59,53.1,62.06
59,69.8,68,66.2,84.02,82.04,87.8,77,58.6,70,60.1,59,73.9,76.1,64,71.6,79.7,72,63,57.4,64.04
60.98,71.6,71.06,69.8,89.06,84.92,91.4,80.96,60.1,75.9,60.1,63,78.1,80.1,69.1,71.6,82.2,75,66.9,61.7,64.94
62.96,75.2,71.06,71.6,93.02,89.96,93.92,84.02,60.8,80.1,62.1,63,81,82,73,75.2,84.9,77,69.1,66,66.02
64.04,80.6,71.06,73.4,96.98,91.94,98.6,86,61.3,84.9,64,66,82.9,84,75,78.8,82.2,75.9,71.1,69.3,66.92
64.04,84.2,71.06,73.4,100.94,95,100.4,89.06,62.1,88,64.9,66,82.9,86,79,80.6,79.7,79,71.1,72.7,68
64.04,82.4,71.06,73.4,102.92,96.98,104,86,62.4,91,66.9,68,84,86.4,82,80.6,77,75.9,71.1,75.9,69.98
62.96,80.6,73.94,73.4,104,96.98,105.8,89.96,62.6,95,68,66.9,84,86.7,82,78.8,74.7,77,66.9,76.6,69.98
62.06,78.8,73.94,73.4,104,96.98,105.8,89.06,63,97,69.1,66.9,84.9,87.1,84.9,78.8,72.3,75.9,66.9,77.4,69.98
62.96,78.8,71.06,71.6,104,96.98,107.06,89.96,61.3,96.1,70,62.1,84.9,84.4,82.9,78.8,70,78.1,66,78.1,69.98
62.06,75.2,69.98,71.6,102.02,95,107.6,84.92,59.5,91.9,70,62.1,84,81.7,84,77,68,78.1,62.1,75.7,69.98
60.98,71.6,66.02,66.2,96.98,91.04,105.8,78.98,57.9,88,68,62.1,82,79,81,73.4,66,75,52,73.4,68
57.02,69.8,66.02,64.4,91.94,87.08,98.6,75.92,57.9,84,66,61,78.1,75,78.1,69.8,64,72,53.1,71.1,66.92
55.94,66.2,66.02,62.6,89.06,82.04,95,73.94,57.9,75.9,66,57.9,70,70.9,73.9,64.4,63.7,66.9,51.1,65.7,66.02
57.02,64.4,64.94,62.6,86,78.98,93.2,71.96,57.9,73.9,62.1,57.9,63,66.9,70,59,63.3,66,48.9,60.4,66.92
57.92,64.4,64.94,62.6,82.04,75.92,89.96,68,57.2,73,60.1,57.9,63,64.2,69.1,57.2,63,62.1,50,55,62.96
57.92,64.4,64.04,62.6,78.98,73.94,87.8,69.08,56.7,70,59,57,62.1,61.7,64,55.4,63.3,53.1,46,54,62.96
57.02,64.4,64.04,62.6,73.94,73.04,86,64.94,55.9,66.9,57.9,55,57.9,59,61,51.8,63.7,53.1,44.1,53.1,62.06
57.02,62.6,62.96,62.6,73.04,69.98,84.2,62.06,55.9,63,57,54,60.1,57,59,50,64,54,43,52,60.98
55.94,62.6,62.06,62.6,73.94,69.08,82.4,57.02,55.9,61,57,53.1,57,55,57.9,46.4,62.8,53.1,39,49.6,60.08
55.94,60.8,62.06,60.8,71.96,68,82.4,55.04,55.9,62.1,57,52,57.9,53.1,55.9,44.6,61.3,53.1,37,47.3,60.08
55.94,62.6,62.06,60.8,71.96,66.92,80.96,57.92,55.6,60.1,57,53.1,57,54.7,55,39.2,60.1,50,39,45,60.08
57.02,64.4,62.06,60.8,73.04,69.08,80.6,60.98,55.4,62.1,57,53.1,63,56.3,55.9,42.8,61.7,57,42.1,48.9,60.98
57.02,66.2,62.06,60.8,78.08,73.04,82.4,69.98,55,66,57,55,66,57.9,57.9,48.2,63.3,64,46,53.1,62.96
60.08,71.6,66.92,60.8,84.02,77,82.4,77,55,70,57,55.9,71.1,60.6,61,55.4,64.9,66.9,50,57,64.04
60.08,75.2,71.06,62.6,87.08,80.06,86,82.04,55,75.9,59,57.9,75,63.3,60.1,59,67.6,71.1,55,61.7,64.94
60.08,77,69.98,64.4,91.94,84.92,96.8,84.92,55,78.1,60.1,57.9,81,66,62.1,64.4,70.3,73.9,59,66.4,64.94
60.08,80.6,71.06,64.4,98.06,89.06,100.04,87.98,55.8,81,60.1,61,84.9,66.4,68,68,73,77,63,71.1,66.92
60.98,87.8,71.96,66.2,102.02,91.04,102.2,89.06,56.3,84.9,57.9,61,87.1,66.6,71.1,69.8,76.3,75.9,64.9,75,68
60.98,84.2,73.04,69.8,105.08,93.02,104,89.96,57,89.1,57,64.9,89.1,66.9,73,71.6,79.7,64.4,68,79,69.98
60.98,93.2,71.96,71.6,105.08,93.92,105.8,91.94,57,93,57,68,91,66.2,73.9,71.6,82.9,75.9,70,82.9,71.96
60.98,91.4,73.94,73.4,107.06,95,107.6,89.96,57,96.1,57,62.1,91,65.7,75,73.4,82.2,78.1,71.1,84.4,69.98
60.98,87.8,73.94,73.4,107.96,96.08,111.2,91.04,57,98.1,57,59,91,64.9,75.9,75.2,81.7,75,71.1,85.6,73.94
60.08,89.6,73.94,71.6,107.06,95,109.94,84.92,56.3,99,57,63,91,64.2,75,75.2,81,60.1,71.1,87.1,73.94
60.08,82.4,73.04,69.8,105.08,93.92,109.4,84.92,55.8,99,57,61,89.1,63.7,73.9,75.2,75.9,63,70,83.3,75.02
57.92,75.2,69.08,66.2,100.04,91.04,105.8,80.96,55,95,57,60.1,87.1,63,72,71.6,71.1,57.9,68,79.7,75.92
55.04,71.6,68,64.4,95,87.98,102.2,75.92,54.7,89.1,57,59,75.9,60.6,70,69.8,66,60.1,66,75.9,71.96
53.06,68,66.92,62.6,89.96,82.94,96.8,71.06,54.3,81,57,55.9,73.9,58.3,64.9,68,65.3,59,59,72.7,64.94
51.98,66.2,66.92,62.6,87.08,78.98,93.2,66.92,54,77,57,55.9,69.1,55.9,62.1,66.2,64.8,57,54,69.3,64.94
51.98,64.4,66.92,60.8,84.02,75.92,89.96,66.02,53.6,73.9,57,55,68,52.9,60.1,64.4,64,55,51.1,66,62.06
51.08,64.4,66.02,62.6,80.96,73.94,89.6,64.04,53.4,78.1,57,55,64.9,50,57,53.6,63,55,50,62.4,60.08
48.92,62.6,64.94,62.6,78.08,71.06,89.6,62.06,53.1,73.9,57,55,59,46.9,54,51.8,62.1,53.1,48.9,58.6,59
51.08,62.6,64.94,62.6,75.92,69.98,87.8,59,52.7,71.1,57,54,66.9,45.3,53.1,50,61,53.1,45,55,59
53.06,60.8,64.04,62.6,73.04,68,86,57.92,52.3,69.1,57,53.1,64.9,43.7,48.9,48.2,60.6,51.1,45,54,59
51.98,60.8,62.96,62.6,73.94,66.92,84.2,57.02,52,64,57,53.1,60.1,42.1,46.9,48.2,60.4,51.1,42.1,53.1,60.08
51.08,60.8,62.96,62.6,71.96,66.92,82.04,53.06,52.3,63,57,52,63,46.8,46.9,41,60.1,53.1,43,52,60.08
50,60.8,64.04,62.6,75.92,69.08,78.8,62.06,52.7,66.9,55.9,53.1,68,51.3,46.9,41,62.4,54,44.1,55.9,60.08
55.94,62.6,69.08,62.6,82.94,69.98,84.2,69.98,53.1,70,57,53.1,71.1,55.9,50,46.4,64.6,55.9,53.1,60.1,60.98
55.94,60.8,71.06,64.4,89.96,77,89.6,77,54.7,75,59,55,75,58.6,54,51.8,66.9,57,57.9,64,60.98
57.92,62.6,77,68,91.04,80.06,93.2,82.04,56.3,81,60.1,57,80.1,61.3,57.9,57.2,69.6,55.4,61,67.1,62.96
60.08,68,78.08,71.6,93.92,84.92,98.6,84.92,57.9,82.9,60.1,59,84,64,63,62.6,72.3,55,66,70,66.02
59,69.8,80.06,73.4,96.98,87.08,102.02,89.06,59,86,61,66,89.1,65.3,66.9,69.8,75,57,70,73,66.92
60.98,69.8,80.06,75.2,96.98,89.06,105.8,93.92,59.9,89.1,62.1,66,93,66.7,71.1,75.2,75.4,61,72,75,68
62.06,73.4,82.04,78.8,96.98,91.04,105.8,93.02,61,93,64,68,93.9,68,72,75.2,75.6,63,73.9,77,69.08
62.06,69.8,78.08,78.8,96.08,93.02,107.6,93.02,61,95,64,64.9,95,68.4,73,77,75.9,60.1,75,79,71.06
62.06,71.6,75.92,78.8,95,95,109.4,95,61,97,64,63,96.1,68.7,73.9,78.8,77.5,59,77,77.9,73.04
60.98,68,73.94,78.8,89.96,95,109.4,95,61,96.1,66,61,97,69.1,75.9,80.6,79.3,59,77,77,73.04
60.08,66.2,75.92,75.2,89.06,95,109.94,95,59.9,93,66,64,96.1,67.6,75,80.6,81,59,77,75.9,73.04
60.98,66.2,75.92,73.4,89.96,93.02,109.4,93.02,59,91,66,57,95,66.4,73.9,80.6,78.3,57.9,75,73.6,69.98
57.92,64.4,71.96,69.8,86,89.96,105.98,89.06,57.9,87.1,64.9,59,88,64.9,73.9,78.8,75.7,57,75,71.4,66.92
55.94,62.6,69.98,68,87.08,84.02,100.58,84.02,55.6,84,61,57,86,61.9,72,75.2,73,55.9,71.1,69.1,64.94
55.94,60.8,69.08,66.2,84.02,78.98,95.54,78.98,53.4,81,60.1,54,79,59,66.9,66.2,69.1,54,62.1,65.1,62.96
55.04,57.2,69.08,66.2,78.98,75.02,91.4,78.98,51.1,79,60.1,54,75.9,55.9,63,57.2,64.9,51.8,57,61,60.98
53.06,57.2,68,64.4,77,71.06,89.06,73.94,50.4,77,57.9,54,73,52,57.9,53.6,61,51.1,53.1,57,60.08
50,57.2,66.92,64.4,73.94,69.98,89.6,71.06,49.6,75,57,54,79,48,57.9,51.8,60.3,50,53.1,53.6,59
50,57.2,66.92,64.4,75.02,68,89.6,66.02,48.9,73,55.9,53.1,75.9,44.1,54,48.2,59.7,50,48.9,50.4,59
51.98,57.2,66.02,62.6,73.04,66.02,87.8,60.08,49.3,72,55.9,52,73,43,57.9,46.4,59,50,48,46.9,57.92
53.06,55.4,66.92,62.6,73.04,66.02,84.2,60.08,49.6,70,55.9,52,70,42.1,55,46.4,58.3,50,48,46.6,57.02
53.06,55.4,66.02,62.6,71.96,64.94,82.4,57.92,50,68,55.9,52,66.9,41,54,44.6,57.7,48.9,46,46.4,57.02
53.06,55.4,66.02,60.8,69.08,64.94,82.04,60.08,51.1,66,55.9,53.1,66,46,54,42.8,57,48.9,45,46,57.02
53.06,57.2,64.04,62.6,68,66.92,80.6,64.04,52,66,57,54,66.9,50.9,55,44.6,59.7,48.9,48,50.4,59
53.96,59,64.04,66.2,71.96,71.06,82.4,75.02,53.1,66.9,57,57.9,68,55.9,55.9,51.8,62.2,48.9,55.9,54.7,60.08
55.04,60.8,66.92,71.6,75.92,75.02,87.8,82.04,55.8,69.1,60.1,59,72,59.9,57,59,64.9,50,62.1,59,60.98
55.94,62.6,66.02,75.2,82.04,78.08,89.6,84.92,58.3,73,63,60.1,73.9,64,59,64.4,68.4,52,66.9,62.6,60.98
57.02,64.4,69.08,80.6,87.08,82.94,93.2,89.06,61,75,66,63,73.9,68,64,69.8,71.6,54,68,66.4,62.06
57.02,64.4,66.02,84.2,91.94,86,98.06,91.94,61.7,79,69.1,64,75,69.6,68,75.2,75,57,72,70,62.06
59,66.2,66.92,87.8,93.02,89.06,102.2,96.08,62.2,82,70,64.9,78.1,71.4,72,78.8,76.6,57.9,75.9,74.3,64.04
60.08,68,69.98,87.8,96.08,93.02,102.2,96.98,63,84.9,70,68,82,73,75.9,80.6,78.4,61,79,78.6,66.02
60.98,67.28,71.06,87.8,98.96,93.02,104,98.96,63.7,87.1,71.1,62.1,84,74.3,79,84.2,80.1,64.9,81,82.9,66.92
60.08,66.2,71.96,87.8,100.94,93.92,107.6,98.06,64.2,87.1,71.1,64.9,82.9,75.7,77,87.8,80.1,64.9,81,82.9,68
60.08,66.2,71.06,89.6,98.06,95,107.6,95,64.9,86,71.1,64.9,82,77,77,87.8,80.1,68,81,82.9,68
60.08,64.4,71.96,84.2,96.08,93.92,107.06,95,63.7,84,71.1,64.9,82,76.6,73.9,87.8,80.1,69.1,82,82.9,66.02
57.92,62.6,71.96,82.4,93.02,93.02,105.8,93.02,62.2,82,71.1,62.1,80.1,76.3,73,86,78.4,69.1,81,81,64.94
57.02,60.8,69.08,80.6,87.98,89.96,102.2,87.08,61,78.1,70,62.1,75.9,75.9,70,84.2,76.6,66.9,81,79,66.02
53.96,59,66.02,75.2,82.94,84.02,96.8,84.02,59,73.9,66,60.1,70,71.6,73,78.8,75,62.1,73.9,77,64.94
51.08,57.2,64.94,71.6,78.98,80.96,93.2,80.06,57,71.1,64.9,59,68,67.3,70,71.6,70.7,59,66,72.7,59
51.08,55.4,64.04,69.8,77,78.08,89.6,75.02,55,64.9,64,59,62.1,63,71.1,62.6,66.4,55.9,62.1,68.4,59
51.98,55.4,64.04,68,71.96,75.02,87.8,73.94,53.1,64,62.1,57.9,54,61.7,69.1,55.4,62.1,54,55.9,64,55.94
53.96,55.4,64.04,66.2,69.98,71.96,86,69.98,50.9,63,61,57.9,53.1,60.3,64.9,62.6,60.1,52,55,62.8,55.04
53.96,53.6,64.04,66.2,66.92,69.98,84.2,68,48.9,63,60.1,54,53.1,59,61,51.8,57.9,51.1,53.1,61.3,55.04
53.96,53.6,64.04,64.4,66.92,68,82.4,62.06,47.7,61,59,54,52,55.9,59,50,55.9,53.1,50,60.1,53.96
53.96,53.6,64.04,64.4,64.94,66.02,80.6,60.08,46.2,59,57,53.1,52,53.1,59,51.8,55.2,52,52,57.7,53.06
53.06,53.6,62.06,64.4,62.96,64.94,80.6,59,45,55.9,55.9,53.1,52,50,57,48.2,54.7,52,52,55.4,51.08
53.06,55.4,62.96,62.6,62.96,64.04,78.98,59,47.3,52,55.9,53.1,55,52.7,55.9,46.4,54,53.1,51.1,53.1,53.06
53.06,57.2,60.98,64.4,66.02,66.02,78.8,66.92,49.6,55.9,55.9,55,57,55.2,57,48.2,56.3,55,54,57,53.96
53.06,57.2,62.96,66.2,68,69.98,80.6,75.02,52,59,57.9,55,59,57.9,60.1,55.4,58.6,60.1,59,61,55.94
53.96,60.8,64.04,73.4,73.94,73.94,84.2,82.94,56.3,63,61,61,61,61.9,62.1,60.8,61,64,60.1,64.9,57.92
55.94,62.6,68,75.2,78.98,78.08,89.6,87.98,60.6,66.9,64,61,57,66,64,66.2,63,69.1,63,69.3,57.92
57.92,62.6,69.98,80.6,84.92,82.94,91.4,91.94,64.9,71.1,66.9,60.1,57,70,66.9,73.4,64.9,72,71.1,73.8,60.08
57.02,66.2,69.98,82.4,89.06,84.92,96.08,95,65.7,73,70,64.9,64,72,68,77,66.9,73.9,77,78.1,62.06
55.94,64.4,71.06,84.2,91.04,89.06,96.8,98.96,66.2,79,72,66,68,73.9,70,84.2,69.3,73.9,81,82.4,64.04
57.92,66.2,71.96,87.8,91.04,91.04,100.4,98.96,66.9,82,75,69.1,73,75.9,72,87.8,71.6,75.9,80.1,86.7,66.02
57.92,66.2,71.06,87.8,93.92,93.02,100.4,102.02,66.9,84.9,77,69.1,73.9,77.4,73.9,87.8,73.9,77,82,91,66.02
57.92,65.66,71.96,87.8,95,93.92,104,98.96,66.9,88,77,71.1,77,78.6,77,91.4,73.9,75,79,91.8,66.92
55.94,64.4,69.98,84.2,95,96.08,105.8,98.06,66.9,90,77,73,75.9,80.1,77,89.6,73.9,75.9,79,92.3,66.92
55.94,64.4,66.92,80.6,89.6,96.08,105.8,91.94,65.7,90,75.9,71.1,75.9,79.3,78.1,91.4,73.9,73.9,77,93,66.02
53.06,62.6,66.92,78.8,87.98,96.08,105.8,87.08,64.2,86,75,70,75,78.8,78.1,87.8,69.3,72,77,89.4,64.94
53.06,60.8,66.02,73.4,84.92,91.94,104,82.94,63,82,75,66.9,72,78.1,78.1,82.4,64.8,70,77,85.6,62.06
53.06,57.2,66.02,69.8,80.06,87.08,96.8,80.96,61,77,71.1,64.9,68,71.8,75,78.8,60.1,69.1,73.9,82,60.08
53.06,57.2,66.92,69.8,75.92,84.92,91.4,78.98,59,73.9,66,61,63,65.3,69.1,75.2,60.1,64,70,77.7,57.02
53.06,57.2,66.02,66.2,73.04,82.94,89.6,71.96,57,69.1,66,60.1,62.1,59,66,75.2,60.1,63,68,73.4,55.94
53.06,55.4,66.02,66.2,73.04,80.06,87.8,68,54.7,66.9,64.9,60.1,59,57.7,64,64.4,60.1,63,66,69.1,53.96
51.98,57.2,66.02,66.2,71.06,78.98,84.2,68,52.3,69.1,64,59,59,56.3,61,55.4,59.7,61,66.9,66.7,53.06
51.98,55.4,66.02,64.4,71.06,75.02,82.4,62.06,50,66.9,61,57.9,57.9,55,60.1,57.2,59.4,57,64.9,64.4,51.98
51.98,55.4,66.02,64.4,69.98,73.04,82.4,64.94,48.9,62.1,60.1,57,57.9,53.8,57,59,59,57.9,66.9,62.1,51.08
51.98,55.4,66.02,62.6,69.08,71.96,80.6,60.98,48,60.1,59,55,55.9,52.3,57.9,55.4,57.4,55.9,63,59.4,51.08
51.98,55.4,66.02,62.6,68,69.98,80.6,57.02,46.9,57,59,54,55.9,51.1,57,50,55.6,55.9,59,56.7,51.08
51.98,53.6,66.02,62.6,66.92,69.08,82.04,57.92,49.6,57,57.9,52,57,55.4,57.9,51.8,54,55,55.9,54,51.08
51.98,55.4,66.02,64.4,66.92,69.98,80.6,60.08,52.3,57,60.1,55.9,60.1,59.7,57.9,50,57,60.1,59,57.9,53.06
53.06,57.2,66.02,66.2,68,75.92,82.4,71.06,55,60.1,62.1,57.9,64,64,60.1,60.8,59.9,62.1,64.9,62.1,55.94
53.96,60.8,66.92,69.8,69.98,82.04,84.2,78.08,59,64,64.9,62.1,69.1,69.4,60.1,64.4,63,63,66,66,57.02
55.04,62.6,69.08,73.4,75.92,84.92,87.8,84.02,63,70,69.1,64,73.9,74.7,66,71.6,65.3,64.9,66.9,70,57.92
55.04,64.4,69.08,77,80.96,87.98,93.2,89.06,66.9,73.9,72,68,77,80.1,75.9,73.4,67.6,63,70,74.1,59
55.94,66.2,71.06,80.6,84.92,93.02,96.8,91.94,67.6,77,73.9,73.9,79,81.7,73,78.8,70,64,71.1,78.1,59
55.94,66.2,69.98,78.8,87.08,96.08,96.8,96.08,68.4,81,79,73.9,81,83.3,77,80.6,71.1,62.1,73.9,81.1,60.08
57.92,68,71.06,80.6,91.04,96.98,98.6,98.06,69.1,86,81,75.9,82,84.9,80.1,82.4,72,64,75,84,60.98
60.08,68,71.96,82.4,93.02,100.04,100.4,98.06,67.6,91,84,78.1,84,86.4,84,87.8,73,71.1,75.9,87.1,60.98
60.08,66.2,71.06,84.2,93.92,100.04,102.2,96.98,66.4,91,86,80.1,86,87.6,84.9,87.8,73.9,73.9,77,85.1,60.08
60.08,66.2,71.06,84.2,93.02,100.04,104,96.08,64.9,93,86,81,86,89.1,86,87.8,75,72,77,82.9,60.08
60.98,64.4,71.06,82.4,91.94,100.04,104,91.94,63.7,91.9,84.9,79,86,86,86,87.8,75.9,71.1,78.1,81,59
59,62.6,69.98,82.4,89.06,98.06,102.2,93.02,62.2,90,84.9,75.9,84.9,83.1,86,87.8,72.7,69.1,78.1,79.3,57.92
57.02,59,68,77.54,84.02,95,98.6,89.06,61,88,80.1,72,80.1,80.1,84,84.2,69.3,59,77,77.5,57.02
55.04,57.2,66.92,73.4,80.06,89.06,93.2,87.98,59.9,82.9,79,69.1,73.9,74.7,81,80.6,66,57,73,75.9,55.94
53.06,57.2,66.02,71.6,78.08,87.08,91.4,85.46,59,75,71.1,68,71.1,69.4,75,77,63,51.1,62.1,72.7,55.94
51.08,57.2,66.02,69.8,77,84.02,87.8,81.5,57.9,73.9,71.1,64,68,64,71.1,62.6,60.1,46.9,57,69.3,55.94
46.94,57.2,66.02,69.8,73.94,80.96,87.08,79.16,57.9,73,66.9,62.1,64.9,62.8,70,60.8,57,51.1,53.1,66,55.94
46.04,57.2,66.02,69.8,71.06,78.98,82.4,78.26,57.9,69.1,64.9,59,63,61.3,66,57.2,56.3,48,50,63.3,55.04
51.08,57.2,66.02,69.8,69.08,77,82.4,74.66,57.9,66.9,63,57,60.1,60.1,59,53.6,55.8,46,48.9,60.6,55.04
51.98,57.2,66.02,69.8,66.02,73.94,80.6,75.2,57.6,66,62.1,57,57.9,59.7,59,55.4,55,45,46,57.9,55.94
53.06,57.2,66.92,69.8,66.02,71.96,80.6,71.24,57.4,61,61,59,57.9,59.4,59,53.6,53.4,43,45,57.6,55.04
51.98,57.2,66.92,69.8,64.94,69.98,80.6,66.92,57,59,60.1,55.9,57.9,59,57.9,51.8,51.6,42.1,45,57.4,55.94
51.98,57.2,66.02,69.8,64.04,69.08,78.98,67.28,57,57,57.9,55.9,60.1,62.6,57,50,50,42.1,45,57,55.94
53.06,57.2,66.02,68,66.2,71.06,78.8,69.08,57,61,60.1,55,63,66.4,57,51.8,54.3,48.9,48.9,59.4,57.02
55.04,60.8,69.08,71.6,69.98,75.92,82.4,76.46,57,64.9,61,60.1,69.1,70,61,60.8,58.6,53.1,55,61.7,57.92
55.04,60.8,71.06,75.2,73.04,82.94,86,83.12,58.1,70,64,62.1,73,74.3,66,62.6,63,57.9,62.1,64,59
57.92,60.8,71.06,78.8,77,87.98,89.6,87.62,59,73.9,64.9,63,75.9,78.6,70,69.8,66.6,60.1,68,64.8,60.98
57.92,62.6,71.96,78.8,80.06,89.96,93.2,92.12,60.1,79,68,66,79,82.9,75,80.6,70.3,61,71.1,65.3,62.96
59,64.4,71.96,80.6,86,93.92,96.08,94.64,61.7,84,70,70,81,86,78.1,82.4,73.9,64,73.9,66,62.06
60.98,66.2,71.06,80.6,87.98,98.96,98.6,98.24,63.3,89.1,72,71.1,82.9,88.9,82,84.2,76.3,64.9,77,71.1,62.96
60.98,68,71.06,82.4,91.94,100.04,100.4,100.76,64.9,93,73.9,71.1,86,91.9,84,87.8,78.6,64.9,81,75.9,64.04
60.98,68,71.06,82.4,93.2,102.02,102.2,100.76,64.9,95,75.9,72,89.1,92.7,86,91.4,81,66,82.9,81,64.94
60.98,66.2,71.96,82.4,95,104,105.8,99.86,64.9,96.1,79,71.1,89.1,93.2,86,91.4,81.3,68,84,79.7,64.04
60.08,66.2,71.96,80.6,93.92,104,105.8,98.96,64.9,97,80.1,70,90,93.9,87.1,87.8,81.7,64.9,84.9,78.3,66.02
59,64.4,71.06,80.6,93.02,105.08,107.06,95.9,63,97,79,69.1,89.1,89.2,88,87.8,82,68,84.9,77,66.02
57.92,62.6,69.08,77,89.06,102.02,105.8,93.92,61,95,77,68,89.1,84.7,86,86,80.1,66.9,82,74.7,64.94
55.94,60.8,68,77,82.94,98.06,100.4,89.06,59,91,75.9,64.9,84.9,80.1,81,87.8,77.9,64.9,80.1,72.3,64.04
53.96,59,66.92,77,78.98,93.02,96.8,87.08,58.6,84.9,75,62.1,80.1,77.7,77,84.2,75.9,60.1,73.9,70,60.98
53.96,59,66.02,75.2,75.02,89.96,91.4,84.02,58.3,81,70,60.1,75.9,75.4,70,78.8,73.2,55.9,68,66.7,57.92
53.06,59,66.02,75.2,73.04,87.08,89.6,82.94,57.9,80.1,68,59,71.1,73,68,71.6,70.7,51.1,69.1,63.3,57.02
53.06,59,66.02,73.4,71.96,84.02,89.06,82.04,57.9,73.9,63,59,68,71.4,68,69.8,68,50,66,60.1,57.02
53.06,59,66.02,71.6,66.92,80.96,87.8,80.06,57.9,69.1,62.1,57.9,66,69.6,63,64.4,65.7,46.9,64.9,58.6,55.94
51.98,59,66.02,71.6,66.02,78.98,84.2,78.98,57.9,70,61,57,64.9,68,62.1,55.4,63.3,46,64.9,57.4,55.94
51.98,59,66.02,71.6,62.96,75.92,84.2,77,57.6,64.9,60.1,55.9,62.1,66,61,51.8,61,44.1,64.9,55.9,55.94
51.98,57.2,66.02,71.6,62.96,75.02,82.4,73.04,57.4,64,59,55.9,62.1,64,60.1,55.4,60.3,43,61,55.9,55.04
51.98,60.8,66.02,69.8,60.98,71.96,82.4,68,57,62.1,59,55.9,62.1,62.1,59,51.8,59.7,43,57.9,55.9,55.04
53.06,60.8,66.92,69.8,60.98,71.96,82.04,68,57,59,59,55.9,64,64.4,57,51.8,59,44.1,59,55.9,53.96
53.06,60.8,66.92,69.8,62.96,73.94,78.8,69.08,57,63,59,55.9,66.9,66.7,57,55.4,62.1,48.9,54,57.6,55.04
55.04,60.8,66.92,71.6,64.94,78.98,80.6,73.04,57,66.9,57,57,71.1,69.1,62.1,64.4,64.9,55.9,54,59.4,55.04
55.94,62.6,68,73.4,69.98,82.94,82.4,78.98,58.1,70,57,57.9,75.9,73.4,66,66.2,68,61,55.9,61,57.92
57.92,62.6,69.08,77,73.04,86,89.6,82.04,59,75.9,57,57.9,80.1,77.7,69.1,68,72.3,69.1,57.9,64.4,59
59,62.6,69.98,78.8,78.08,89.06,93.2,86,60.1,82,57.9,57,84.9,82,71.1,71.6,76.6,73,60.1,67.6,64.04
57.92,64.4,71.96,82.4,80.96,93.92,96.98,87.98,59.7,86,59,59,87.1,83.7,75,73.4,81,75,61,71.1,64.04
59,66.2,71.96,84.2,82.94,98.06,96.8,91.04,59.4,90,60.1,60.1,91,85.5,77,75.2,84.9,77,62.1,73.4,64.04
64.04,66.2,71.96,87.8,87.08,100.94,101.66,93.92,59,93.9,61,57,91.9,87.1,80.1,78.8,89.1,80.1,63,75.7,64.04
64.04,68,71.96,87.8,89.06,104,105.8,93.92,58.6,98.1,64.9,64,93,86.4,81,82.4,93,81,63,78.1,66.92
64.94,68,73.04,87.8,89.06,105.98,105.8,93.02,58.3,99,64.9,69.1,91.9,85.6,82.9,82.4,89.1,82.9,61,78.8,68
62.96,66.2,71.96,87.8,87.98,105.98,107.6,91.94,57.9,100,64,66.9,93,84.9,84,78.8,84.9,82.9,60.1,79.3,66.02
60.08,64.4,71.06,84.2,86,105.08,109.04,89.96,58.3,100,64,64.9,91.9,80.2,84.9,75.2,81,82.9,62.1,80.1,66.92
59,62.6,69.08,80.6,82.94,102.92,107.6,84.92,58.6,97,64,64.9,91,75.7,84.9,77,77,82,64,76.6,66.02
57.02,62.6,68,78.8,80.06,98.06,107.6,78.98,59,93.9,63,64.9,89.1,71.1,84,73.4,73,80.1,61,73.4,64.94
53.96,60.8,66.92,75.2,73.94,93.02,98.6,75.92,58.3,88,61,64,84.9,69.4,81,71.6,69.1,75,60.1,70,62.96
53.06,60.8,66.92,73.4,71.06,89.96,93.2,71.96,57.7,84.9,60.1,62.1,73.9,67.6,77,68,67.6,70,57,68,59
53.06,59,66.92,71.6,68,87.08,89.6,71.06,57,82.9,57,62.1,73.9,66,71.1,66.2,66.4,70,52,66,55.94
51.98,59,66.92,71.6,66.02,84.92,89.06,66.92,56.7,84,57,61,68,64,69.1,64.4,64.9,69.1,53.1,64,53.96
53.06,59,66.02,71.6,64.04,80.96,87.8,62.96,56.3,78.1,57.9,60.1,69.1,62.1,66.9,62.6,64,64,52,60.4,53.96
53.06,59,66.92,71.6,62.06,78.08,87.8,59,55.9,75.9,57,59,66,60.1,64,62.6,63,62.1,52,56.7,53.06
53.06,59,66.02,71.6,60.98,75.92,84.2,55.94,55.9,72,54,60.1,66.9,58.1,64.9,62.6,62.1,55,46.9,53.1,53.06
53.06,59,66.92,69.8,60.98,73.94,86,48.02,55.9,71.1,55.9,57,63,55.9,59,59,61.3,51.1,45,51.1,51.08
53.06,57.2,66.92,69.8,60.08,71.96,82.4,48.02,55.9,66,57,55.9,64,54,57.9,57.2,60.8,48,46,48.9,51.98
53.06,59,66.02,69.8,59,69.98,80.96,46.04,56.3,66,57.9,55.9,66,57.6,57.9,60.8,60.1,52,45,46.9,50
53.06,59,66.92,69.8,60.08,71.96,80.6,53.06,56.7,68,57.9,55,66.9,61.3,55.9,57.2,61.7,52,45,51.3,55.04
53.96,59,66.92,71.6,64.04,75.02,82.4,62.96,57,72,59,55.9,73,64.9,60.1,57.2,63.3,57,50,55.8,57.02
55.04,60.8,68,75.2,66.92,80.06,84.2,71.06,57.7,75.9,60.1,57,78.1,66.9,63,59,64.9,62.1,54,60.1,60.08
57.02,62.6,68,78.8,71.06,84.02,87.8,78.08,58.3,77,61,59,82,69.1,66.9,60.8,66.9,66.9,61,64,62.06
55.94,64.4,68,82.4,73.94,89.06,91.4,82.94,59,82,64,64,84.9,71.1,72,68,69.1,71.1,62.1,68,64.04
57.02,66.2,69.98,84.2,75.92,93.02,95,89.06,61.3,87.1,66,64.9,88,72.7,75.9,71.6,71.1,75.9,64.9,72,64.94
60.08,66.2,71.06,87.8,80.06,98.06,98.6,91.04,63.7,89.1,70,68,91,74.3,80.1,73.4,70.7,78.1,64.9,75,66.92
60.08,66.2,71.96,87.8,82.94,100.04,100.4,93.02,66,88,72,68,93,75.9,82.9,73.4,70.3,80.1,64,77.9,68
60.98,66.2,71.96,89.6,86,102.02,102.2,93.92,65.3,91.9,73.9,70,93,76.6,86,78.8,70,81,66,81,71.06
62.06,66.2,71.96,89.6,87.98,102.92,102.2,95,64.8,96.1,73.9,70,93,77.4,89.1,80.6,70.3,82,66.9,82.2,71.96
60.08,66.2,71.06,87.8,86,102.92,105.8,96.08,64,91.9,75,70,93.9,78.1,89.1,78.8,70.7,79,66.9,83.7,73.04
53.96,64.4,69.98,84.2,82.94,102.02,105.08,93.02,63.7,88,73.9,69.1,93,75.7,89.1,77,71.1,77,64,84.9,71.96
53.06,62.6,69.08,80.6,78.98,100.04,104,91.04,63.3,80.1,73.9,70,91.9,73.4,88,75.2,69.4,73,63,81.7,71.96
57.92,62.6,68,78.8,73.94,96.08,100.4,86,63,70,72,68,88,71.1,87.1,71.6,67.6,71.1,62.1,78.3,69.08
55.04,60.8,66.92,73.4,69.08,89.96,96.8,78.98,61.3,71.1,68,66,81,68,84,69.8,66,66,62.1,75,68
53.96,59,66.92,71.6,66.92,84.92,92.66,75.02,59.5,71.1,64.9,64,75.9,65.1,78.1,66.2,63,64,62.1,72,64.94
53.06,60.8,66.92,71.6,64.04,82.94,89.6,69.98,57.9,69.1,63,62.1,75,62.1,75.9,60.8,60.1,63,57.9,69.1,62.96
48.92,59,66.92,71.6,62.96,80.06,89.06,66.02,57,68,62.1,61,75,58.5,72,59,57,60.1,57.9,66,57.02
50,59,66.92,71.6,60.98,78.08,84.2,60.08,55.9,64,61,60.1,70,54.7,68,55.4,55.9,53.1,57.9,62.4,55.94
51.98,59,66.92,71.6,60.08,73.94,84.2,60.98,55,63,57.9,60.1,68,51.1,64.9,53.6,55,53.1,55.9,58.6,53.96
53.06,59,66.02,73.4,60.08,71.96,84.2,53.96,55.8,63,57.9,59,64,51.1,64.9,48.2,54,53.1,55,55,53.96
53.06,59,66.02,71.6,59,69.98,84.2,51.08,56.3,62.1,55.9,59,63,51.1,62.1,50,52.7,53.1,54,54,53.06
53.06,59,66.02,71.6,57.92,69.08,84.2,51.08,57,61,55.9,59,62.1,51.1,60.1,48.2,51.3,51.1,54,53.1,53.06
53.06,59,66.02,71.6,57.02,66.92,84.02,48.92,57.4,61,57,59,63,53.8,61,46.4,50,48.9,53.1,52,53.06
51.98,59,66.02,71.6,59,69.08,84.2,57.92,57.6,61,57.9,57.9,66,56.3,60.1,48.2,54,55,54,55.9,57.02
53.06,59,66.02,73.4,62.06,73.94,82.4,66.02,57.9,64,59,57.9,66,59,64.9,55.4,58.1,61,57,60.1,60.98
55.04,60.8,66.92,77,64.94,77,86,75.02,58.3,68,59,59,69.1,61,70,62.6,62.1,64.9,59,64,64.94
53.96,60.8,66.92,82.4,69.08,82.04,89.6,80.96,58.6,70,61,60.1,72,63,77,66.2,65.1,66.9,63,68,68
55.04,60.8,68,86,71.96,87.08,92.3,84.92,59,70,64.9,63,73.9,64.9,81,69.8,68,71.1,66,72,69.98
57.92,62.6,69.98,89.6,75.02,91.04,95,89.06,60.1,78.1,66,68,73,68,82,71.6,71.1,73.9,66.9,75.9,73.04
60.08,64.4,71.96,93.2,78.8,96.08,98.6,93.02,61,77,66.9,66.9,75.9,70.9,86,75.2,73,78.1,71.1,77.9,73.94
60.08,66.2,71.96,93.2,80.96,96.98,102.2,95,62.1,78.1,68,66.9,77,73.9,89.1,75.2,75,79,71.1,80.1,78.98
57.92,66.2,71.96,93.2,82.04,100.04,102.2,96.08,62.4,81,70,69.1,75.9,75,93,77,77,78.1,73.9,82,77
55.94,66.2,71.96,95,82.04,100.94,105.8,96.08,62.6,81,71.1,71.1,75.9,75.9,93.9,78.8,77,77,75,81,75.02
57.02,64.4,71.96,93.2,82.94,102.02,105.8,96.98,63,81,71.1,73,81,77,96.1,82.4,77,79,75.9,80.1,77
59,64.4,71.06,91.4,80.06,100.94,105.98,96.08,62.6,80.1,72,69.1,81,75,96.1,80.6,77,78.1,77,79,78.98
57.92,62.6,69.98,93.2,75.92,98.96,105.8,93.02,62.4,80.1,72,66.9,81,73,96.1,80.6,75.4,75.9,77,77,75.02
57.92,60.8,68,86,71.06,96.08,104,87.98,62.1,80.1,69.1,64,79,71.1,93.9,80.6,73.6,73,77,75,73.94
55.04,60.8,66.92,86,64.94,89.96,98.6,86,61,77,66,59,75.9,67.1,91,77,72,64.9,72,73,69.08
53.06,60.8,66.92,82.4,62.06,87.98,95,73.94,60.1,73,63,59,71.1,63,86,66.2,70,55.9,63,70.7,62.96
53.96,59,66.02,80.6,60.98,84.02,91.4,78.98,59,71.1,63,59,66.9,59,81.9,60.8,68,55.9,59,68.4,60.08
55.04,59,66.02,82.4,59,80.96,91.04,71.96,58.6,68,61,57,64,58.6,76.8,53.6,66,57,57,66,60.98
55.04,59,66.92,78.8,57.92,78.08,87.8,68,58.3,64.9,61,57,57.9,58.3,77.9,53.6,63.3,53.1,52,64.8,60.98
55.04,57.2,66.02,73.4,55.94,75.02,87.8,62.06,57.9,61,61,57,64,57.9,77.2,50,60.6,50,52,63.3,57.02
55.04,57.2,66.02,73.4,55.04,73.04,87.8,57.02,57.6,61,60.1,57,61,54.7,72,51.8,57.9,48,52,62.1,55.04
55.04,57.2,66.02,71.6,53.96,71.06,86,55.94,57.4,60.1,60.1,55.9,62.1,51.3,67.1,50,57,52,51.1,60.6,55.04
53.96,57.2,66.92,73.4,53.96,69.08,86,51.08,57,60.1,60.1,55.9,62.1,48,68,48.2,55.9,43,50,59.4,55.04
51.98,57.2,66.92,73.4,53.06,68,86,51.98,57.7,57,60.1,55,61,52,68.2,48.2,55,43,50,57.9,53.06
55.04,57.2,66.92,75.2,55.94,69.98,87.8,62.06,58.3,61,60.1,55,64,56.1,67.1,50,58.1,51.1,52,58.6,57.92
55.94,57.2,68,75.2,60.98,75.02,87.8,69.98,59,64,61,55,66.9,60.1,70,57.2,61,57,59,59.4,60.08
55.94,57.2,71.06,80.6,62.96,78.98,91.4,77,61.3,66.9,64.9,55,71.1,64,75,64.4,64,62.1,64.9,60.1,62.06
55.94,59,73.04,84.2,66.92,82.04,93.2,84.02,63.7,71.1,66,55,75.9,68,80.1,71.6,70,66,70,61.7,64.94
57.02,59,71.96,89.6,71.06,86,95,87.98,66,75.9,68,55,80.1,72,84.9,77,76.1,69.1,73,63.3,66.92
57.02,60.8,73.94,93.2,73.4,91.94,98.06,93.92,67.1,82.9,70,57,82,73.9,90,84.2,82,71.1,75,64.9,66.02
60.08,62.6,73.94,98.6,77,95,100.4,96.08,68,84.9,72,57.9,82,76.1,93.9,87.8,86.7,73,79,63.3,69.98
60.98,64.4,73.04,100.4,80.06,98.96,102.2,98.06,69.1,88,75,60.1,86,78.1,95,89.6,91.4,75,82.9,61.7,71.96
62.96,66.2,73.04,100.4,82.04,100.04,105.8,98.96,68,89.1,75.9,64.9,84.9,78.1,97,89.6,96.1,78.1,84.9,60.1,73.94
62.96,66.2,71.96,98.6,82.4,102.02,105.8,100.04,67.1,89.1,75.9,64.9,86,78.1,98.1,93.2,96.1,80.1,88,61.7,75.92
62.06,66.2,73.04,91.4,84.92,102.02,107.6,98.96,66,88,75.9,66,87.1,78.1,98.1,95,96.1,81,88,63.3,73.94
62.06,64.4,69.98,91.4,84.2,102.02,109.94,98.06,64.4,81,75.9,66,87.1,75,100,95,96.1,80.1,88,64.9,73.94
62.06,62.6,69.98,93.2,82.4,100.04,109.4,96.08,62.6,75.9,75,64,84.9,72.1,96.1,93.2,92.1,80.1,87.1,63.3,73.94
59,60.8,68,82.4,78.98,96.98,107.6,89.96,61,66.9,73.9,62.1,84.9,69.1,98.1,91.4,88,77,84,61.7,69.08
55.94,57.2,68,80.6,73.4,91.04,105.8,82.04,60.6,66,71.1,61,80.1,67.6,93,87.8,84,71.1,81,60.1,66.02
53.96,57.2,66.92,78.8,68,89.06,100.76,87.08,60.4,64.9,68,63,75.9,66.4,87.1,80.6,80.6,64.9,73.9,57,66.02
53.06,57.2,66.92,77,64.94,86,96.8,78.08,60.1,64,64.9,61,75,64.9,82,64.4,77.4,64.9,75.9,54.1,60.98
50,57.2,66.92,73.4,64.04,82.04,93.02,75.92,59.7,61,64,60.1,73.9,64.2,79,64.4,73.9,59,63,51.1,60.08
48.92,55.4,66.02,71.6,59,78.98,91.4,68,59.4,59,61,59,71.1,63.7,73.9,60.8,70.7,61,59,49.6,57.02
48.02,55.4,66.02,73.4,57.92,75.92,89.6,64.94,59,59,60.1,55.9,66.9,63,73,59,67.3,57,57,48.4,55.94
46.94,55.4,64.94,73.4,55.94,73.94,89.6,60.08,58.6,59,59,55,63,59.9,69.1,57.2,64,60.1,54,46.9,57.02
48.92,55.4,66.02,73.4,55.94,73.04,87.8,60.08,58.3,57,57.9,55.9,62.1,57,69.1,57.2,62.1,57.9,54,45.3,53.06
53.06,55.4,66.02,75.2,55.04,71.06,87.8,57.02,57.9,57,57,55.9,60.1,54,66,55.4,59.9,54,55,43.7,53.06
53.96,55.4,64.94,73.4,53.06,69.08,86,55.04,58.3,55.9,57,55,62.1,57.6,64.9,53.6,57.9,52,54,42.1,53.96
55.04,55.4,64.94,73.4,57.02,71.06,87.8,64.04,58.6,57,59,55,66,61.3,64.9,55.4,59,55.9,57,45.7,57.02
57.02,57.2,66.92,77,62.96,77,86,73.04,59,60.1,60.1,57,71.1,64.9,69.1,60.8,59.9,61,64.9,49.5,57.92
57.92,57.2,68,80.6,68,82.04,89.6,78.98,59.7,63,61,59,75,68.5,73.9,69.8,61,66,68,53.1,60.98
57.92,57.2,69.98,86,71.6,84.92,95,84.92,60.3,66.9,61,61,79,72.3,79,75.2,61.3,70,72,57,62.96
60.08,57.2,71.96,89.6,75.02,89.96,98.6,91.94,61,73,64.9,63,81,75.9,84,84.2,61.7,73.9,73.9,61,66.02
60.98,60.8,71.96,91.4,80.06,93.02,102.92,95,61,77,66,66,82,77.9,88,91.4,62.1,75.9,75,64.9,66.92
62.96,64.4,71.96,91.4,86,96.08,105.8,98.06,61,81,71.1,68,84.9,80.1,91,89.6,66,80.1,78.1,66.9,68
64.94,64.4,71.06,91.4,87.98,98.06,109.4,98.96,61,86,72,70,86,82,95,91.4,70,82,80.1,69.1,71.06
64.94,66.2,71.96,93.2,91.94,98.96,111.2,100.04,61.3,88,75.9,71.1,86,82.9,96.1,95,73.9,86,81,71.1,71.96
62.96,66.2,71.96,91.4,91.94,102.02,111.2,100.94,61.7,90,77,72,87.1,84,96.1,93.2,71.6,87.1,82,72.7,71.96
62.96,64.4,71.06,91.4,93.02,102.02,111.2,100.04,62.1,91,77,72,87.1,84.9,98.1,96.8,69.3,91,82,74.3,73.04
62.06,64.4,71.06,89.6,91.94,102.02,113,98.06,61.3,88,71.1,71.1,87.1,82.2,98.1,96.8,66.9,86,81,75.9,73.04
60.98,62.6,69.98,84.2,89.06,100.04,112.64,96.08,60.8,87.1,68,70,84,79.7,98.1,93.2,65.7,86,79,73.6,71.06
60.08,60.8,66.92,80.6,82.94,96.98,111.2,89.96,60.1,82,66.9,69.1,80.1,77,97,89.6,64.2,82,75.9,71.4,68
57.92,59,64.94,77,77,91.94,109.4,86,60.1,80.1,64,66,73,74.7,93,80.6,63,79,70,69.1,64.94
57.92,57.2,64.04,75.2,73.04,89.06,93.2,87.08,60.1,77,64,62.1,69.1,72.3,87.1,73.4,61.7,71.1,64.9,63.7,62.96
57.92,57.2,64.04,73.4,69.98,84.02,98.6,84.92,60.1,73.9,63,59,66.9,70,79,75.2,60.3,69.1,57.9,58.5,57.02
57.92,57.2,64.04,73.4,66.92,82.04,95,82.94,59.4,73,62.1,57,64.9,68.4,75.9,73.4,59,64.9,59,53.1,55.04
57.02,57.2,62.96,71.6,66.02,78.98,93.2,78.98,58.6,70,62.1,59,66,66.6,72,71.6,56.7,68,51.1,51.1,55.94
57.02,57.2,64.04,69.8,62.96,75.02,91.4,77,57.9,66.9,61,57,64,64.9,72,69.8,54.3,66,50,48.9,53.96
55.94,57.2,62.96,71.6,60.98,73.94,89.6,77,57.6,66,61,57,60.1,63.7,70,66.2,52,64.9,48,46.9,51.98
55.94,57.2,62.06,69.8,60.98,71.96,91.4,62.96,57.4,62.1,60.1,55,59,62.2,66,64.4,51.6,64.9,46,45.3,51.08
55.94,55.4,62.96,69.8,57.92,71.06,89.6,59,57,63,60.1,55.9,57.9,61,62.1,62.6,51.4,62.1,46,43.7,53.06
55.04,55.4,62.06,69.8,57.02,68,87.98,59,57.7,62.1,60.1,55.9,57,62.1,62.1,57.2,51.1,57.9,45,42.1,53.06
55.04,55.4,62.96,69.8,59,71.96,84.2,62.96,58.3,63,60.1,57.9,57.9,63,62.1,57.2,54.3,64,46,46.4,55.04
55.94,55.4,64.94,73.04,64.04,77,86,73.04,59,64,60.1,57.9,64.9,64,64,62.6,57.7,70,54,50.7,57.92
55.94,55.4,66.92,77,66.92,80.96,87.8,80.96,59.7,66,61,59,68,68.4,68,64.4,61,73,61,55,59
55.94,55.4,69.08,80.6,71.96,84.92,95,84.02,60.3,70,64.9,61,72,72.7,72,69.8,65.7,77,64,59.4,62.06
60.08,55.4,69.98,84.2,75.02,89.06,102.2,91.04,61,73.9,66,63,75,77,78.1,69.8,70.3,82,69.1,63.7,64.94
57.92,57.2,73.04,86,78.08,93.02,102.2,93.02,62.1,77,68,64,78.1,78.3,82,73.4,75,84,72,68,66.02
60.08,57.2,75.92,87.8,82.04,96.08,105.8,96.98,63,80.1,70,69.1,81,79.7,87.1,78.8,77,87.1,75,71.4,68
60.08,60.8,78.08,86,84.02,98.96,109.4,96.98,64,82.9,70,69.1,82,81,90,80.6,79,90,77,74.7,69.08
59,59,77,86,84.92,102.02,109.4,98.96,64.4,86,70,72,82,80.6,91,84.2,81,91,79,78.1,68
59,57.2,75.92,84.2,86,102.02,111.2,98.96,64.6,88,72,73.9,84,80.4,93.9,84.2,81.7,91.9,79,78.8,68
57.92,59,75.02,82.4,84.02,102.02,112.82,98.96,64.9,87.1,72,75.9,84.9,80.1,93.9,86,82.2,93,79,79.3,69.98
57.02,57.2,73.94,80.6,82.94,100.94,114.08,96.98,63.3,84.9,72,75.9,84,77.4,95,86,82.9,91.9,80.1,80.1,69.98
57.02,56.48,71.96,78.8,77,100.04,114.8,93.92,61.7,82,71.1,75,82,74.7,93.9,86,80.2,91.9,79,77.4,69.98
57.02,55.4,69.08,73.4,71.06,96.08,113,89.96,60.1,78.1,70,73.9,78.1,72,91.9,84.2,77.7,86,77,74.7,68
55.94,55.4,68,71.6,66.2,91.04,111.2,86,60.1,73.9,66.9,69.1,73,68.4,87.1,80.6,75,82,72,72,66.92
55.94,55.4,66.92,69.8,62.06,87.98,98.6,84.92,60.1,71.1,66.9,68,70,64.6,82,77,72.7,80.1,63,66.6,64.04
55.94,55.4,66.02,66.2,60.98,84.02,95,84.02,60.1,66.9,66,64.9,63,61,79,73.4,70.3,75.9,57,61.3,57.92
55.94,55.4,66.02,66.2,59,80.96,91.4,82.04,59.7,64,64,64,68,59.9,73,73.4,68,73.9,55.9,55.9,55.94
57.92,57.2,66.92,64.4,59,78.08,91.4,78.08,59.4,64,62.1,62.1,64,59,71.1,62.6,65.3,72,54,54,53.96
55.94,57.2,66.92,64.4,55.94,75.02,91.4,77,59,60.1,62.1,61,60.1,57.9,68,53.6,62.8,70,50,52,55.04
55.04,57.2,66.92,64.4,55.04,73.94,91.4,69.98,59.4,62.1,61,59,59,55.2,66,51.8,60.1,66.9,48.9,50,53.06
53.06,57.2,66.02,64.4,53.06,71.96,90.5,60.08,59.7,61,60.1,59,61,52.7,62.1,50,59,60.1,48,51.1,53.06
53.96,57.2,64.94,64.4,53.06,71.06,89.6,62.06,60.1,57,59,57.9,57,50,60.1,48.2,58.1,55.9,46.9,52,51.98
53.96,55.4,64.04,64.4,51.98,69.98,91.04,57.92,60.4,55.9,57.9,57,55.9,54.7,59,55.4,57,55,46,53.1,51.08
53.96,57.2,64.94,64.4,55.04,71.06,89.6,64.94,60.6,57,61,57.9,55,59.4,59,48.2,59.7,62.1,48,56.3,57.02
55.04,57.2,64.94,66.2,60.08,75.02,90.32,71.96,61,60.1,63,57.9,60.1,64,61,54.7,62.2,64.9,55.9,59.7,59
55.94,57.2,64.94,69.8,64.04,78.98,93.2,78.98,61.7,63,64.9,60.1,63,67.3,64.9,60.8,64.9,68,63,63,60.98
57.02,59,66.02,73.4,69.08,82.94,95,84.02,62.2,66,69.1,62.1,66,70.7,68,66.7,70.3,72,68,66.9,64.04
59,60.8,68,77,71.96,86,96.8,87.98,63,70,71.1,64,70,73.9,73,71.6,75.6,75,71.1,71.1,66.92
60.08,60.8,69.08,78.8,75.92,91.04,100.94,93.02,64.9,73,73.9,64.9,71.1,75.9,75.9,77,81,79,75,75,69.08
60.08,64.4,69.98,80.6,78.08,93.92,104,96.08,67.1,75.9,75,66.9,73,78.1,77,84.2,84.9,86,80.1,76.6,71.06
62.06,62.6,71.06,82.4,82.04,96.98,107.6,96.98,69.1,78.1,78.1,69.1,75,80.1,79,89.6,89.1,87.1,80.1,78.4,73.04
64.04,64.4,71.96,82.4,84.02,98.96,109.4,96.08,68.4,80.1,79,71.1,73.9,81.7,82,91.4,93,90,84,80.1,75.02
64.04,62.6,71.06,82.4,82.94,100.94,111.2,95,67.6,81,81,72,73.9,83.3,87.1,93.2,93,90,87.1,82,77
62.06,62.6,69.98,82.4,84.02,102.02,113,93.92,66.9,82,82.9,73,73.9,84.9,84.9,93.2,93,91,87.1,84,75.02
60.98,60.8,69.08,78.8,80.96,102.02,105.98,93.92,65.7,79,82,73.9,73,83.3,87.1,95,93,91,86,86,75.02
60.98,59,68,75.2,75.02,100.04,107.6,91.94,64.2,75,81,73,72,81.7,87.1,93.2,90.7,89.1,82.9,82,73.94
57.92,57.2,66.02,71.6,69.98,96.08,107.6,89.06,63,73,78.1,71.1,70,80.1,82,91.4,88.3,88,81,77.9,71.96
55.94,57.2,64.94,71.6,62.96,91.94,105.8,86,62.2,69.1,73,66,66.9,76.1,80.1,87.8,86,81,78.1,73.9,66.02
53.96,57.2,64.94,69.8,60.98,87.08,98.6,87.08,61.7,66,70,64.9,64.9,72,78.1,73.4,83.3,73.9,75,70,60.98
51.08,57.2,64.94,66.2,60.08,82.04,93.2,84.02,61,64.9,68,63,64,68,73.9,71.6,80.8,72,72,66,60.98
50,57.2,64.94,66.2,59,78.98,95,82.94,60.6,64,64.9,60.1,61,66.9,70,62.6,78.1,73,68,62.1,55.94
50,57.2,64.94,66.2,57.92,75.92,93.2,82.04,60.4,63,62.1,60.1,61,66,64.9,69.8,74.1,73.9,63,60.4,55.04
50,57.2,64.94,64.4,59,73.04,93.2,77,60.1,62.1,61,57,57.9,64.9,63,60.8,70,69.1,61,58.6,53.06
50,57.2,64.04,64.4,59,71.96,93.02,71.96,59.7,61,61,54,54,61,59,57.2,66,66.9,68,57,53.96
50,57.2,64.04,62.6,57.02,69.98,93.2,68,59.4,60.1,59,55.9,51.1,57,57.9,53.6,64,66,66,54.7,53.06
48.92,55.4,64.04,62.6,57.02,69.08,93.2,68,59,60.1,57.9,55.9,51.1,53.1,57.9,55.4,62.1,64.9,62.1,52.3,53.06
50,55.4,64.04,62.6,57.02,66.92,89.96,62.96,59.4,59,60.1,55.9,50,57.4,59,60.8,60.1,61,61,50,51.98
53.06,55.4,64.04,64.4,59,69.98,89.6,66.92,59.7,59,62.1,55.9,50,61.7,59,69.8,63.3,63,60.1,53.4,55.94
59,57.2,64.94,66.2,62.96,75.02,91.4,73.04,60.1,60.1,63,55.9,51.1,66,60.1,75.2,66.7,64,63,56.7,59
60.08,57.2,66.02,68,64.4,78.98,93.2,80.06,61,61,64.9,57.9,51.1,69.1,62.1,77,70,66.9,66,60.1,62.06
62.96,57.2,68,73.4,68,82.04,98.6,84.92,62.1,64.9,66,59,52,72,66,78.8,75.7,72,70,64.8,64.04
66.92,59,69.98,78.8,71.06,86,100.4,91.04,63,66,68,61,54,75,73,80.6,81.3,73.9,71.1,69.3,66.92
66.92,59,71.96,80.6,73.04,89.06,102.2,95,63.3,69.1,68,62.1,57.9,76.6,75,84.2,87.1,78.1,72,73.9,68
68,60.8,73.04,80.6,75.02,93.02,105.8,96.98,63.7,70,69.1,64,64,78.4,80.1,87.8,90.1,82,73,78.6,71.06
66.02,60.8,71.96,80.6,75.92,95,107.6,98.06,64,73.9,73,66,62.1,80.1,84.9,89.6,93,84.9,68,83.3,73.94
66.02,60.8,73.04,82.4,78.08,98.06,109.4,98.96,64,73.9,73.9,66,64.9,81.7,88,91.4,96.1,89.1,57.9,88,75.02
64.94,60.8,71.06,82.4,77,98.96,111.2,98.06,64,75,77,64,64.9,83.3,91,91.4,96.4,91.9,59,89.2,75.92
64.04,60.8,71.06,82.4,73.94,100.94,111.2,98.06,64,75.9,77,64,64,84.9,93.9,89.6,96.6,91,62.1,90.7,78.08
64.04,60.8,69.98,80.6,71.6,100.04,111.02,95,63.3,75,75.9,64,64.9,81.7,93,87.8,97,91.9,60.1,91.9,75.92
60.98,59,69.08,77,69.08,98.96,107.6,91.94,62.8,71.1,73.9,62.1,64,78.3,90,87.8,93.4,91,59,89.2,75.02
60.98,57.2,66.92,73.4,64.94,96.08,105.8,91.04,62.1,70,72,61,61,75,90,80.6,89.6,90,57.9,86.7,71.96
60.98,57.2,66.02,71.6,62.06,89.96,102.2,84.02,60.6,64.9,68,61,57.9,72,86,80.6,86,81,57,84,66.02
59,57.2,64.94,70.52,60.08,86,98.6,84.02,59.4,64,64.9,61,57,69.1,81,77,84,78.1,55.9,78.6,62.06
59,57.2,64.94,69.8,59,84.02,93.2,82.04,57.9,63,63,61,55.9,66,80.1,69.8,82,75.9,55,73.4,60.08
59,57.2,66.02,69.8,57.92,80.96,89.96,80.06,57.6,61,61,61,53.1,65.3,78.1,62.6,80.1,75,51.1,68,59
60.08,57.2,66.02,69.8,57.02,78.98,91.4,77,57.4,57.9,59,61,53.1,64.8,80.1,60.8,79.7,73.9,52,65.7,60.08
60.08,57.2,66.02,66.2,57.02,75.92,89.6,77,57,55,57.9,61,53.1,64,75,57.2,79.3,70,50,63.3,60.08
59,57.2,66.02,64.4,57.02,73.94,87.8,78.08,55.9,54,57.9,59,51.1,62.1,73,53.6,79,68,52,61,59
60.08,57.2,66.02,64.4,55.94,71.96,89.6,75.92,55,53.1,57.9,59,50,59.9,73,53.6,77.9,64.9,51.1,59.7,57.02
59,55.4,64.94,64.4,53.96,71.06,87.8,73.04,54,51.1,57.9,57.9,48.9,57.9,72,48.2,77,61,52,58.3,55.04
60.08,55.4,64.94,62.6,53.06,69.98,84.92,73.04,55,48,57.9,57,48.9,61,69.1,44.6,75.9,61,52,57,53.96
60.08,57.2,64.94,62.6,55.94,71.96,86,71.96,55.9,50,57.9,57.9,48.9,63.9,71.1,48.2,77.9,64.9,52,60.1,57.02
60.08,57.2,64.94,66.2,59,75.02,86,73.94,57,54,60.1,59,53.1,66.9,71.1,55.4,80.1,73,55,63,59
62.06,60.8,66.92,69.8,62.96,78.08,89.6,82.04,59,57.9,61,60.1,55.9,69.3,73.9,60.8,82,77,57,66,60.08
62.96,60.8,68,73.4,68,82.94,91.4,84.92,61,62.1,64,62.1,59,71.6,77,64.4,87.1,84,59,67.3,62.06
64.04,62.6,69.08,75.2,71.96,87.08,93.2,91.94,63,66,66.9,64,62.1,73.9,75,68,91.9,89.1,63,68.7,64.04
66.92,64.4,69.98,78.8,73.94,89.96,100.04,95,64,70,68,64,61,76.3,75,69.8,97,91.9,66,70,64.04
64.94,69.8,71.96,82.4,75.92,95,102.2,96.08,64.9,72,70,64,63,78.6,80.1,69.8,97.3,95,66.9,72.3,64.94
64.94,71.6,73.04,84.2,78.98,96.98,107.6,96.08,66,75.9,72,66,64.9,81,79,71.6,97.7,97,70,74.7,66.92
64.04,69.8,73.04,87.8,82.94,98.96,109.4,89.06,66,78.1,75.9,69.1,66,82,84.9,73.4,98.1,98.1,72,77,68
64.94,66.2,73.94,87.8,84.92,100.94,105.8,82.04,66,79,77,66.9,66,82.9,89.1,77,96.6,97,70,76.6,68
66.02,64.4,71.06,84.2,84.92,102.92,107.6,73.04,66,79,78.1,68,66.9,84,89.1,78.8,95.4,99,72,76.3,66.02
66.02,62.6,69.08,82.4,82.4,102.02,107.06,71.96,64.4,80.1,75.9,64,68,81.7,87.1,75.2,93.9,97,72,75.9,64.94
64.04,60.8,66.92,80.6,82.04,100.04,105.8,73.04,62.6,78.1,73.9,63,64,79.3,86,75.2,89.6,97,72,75.6,66.02
62.06,60.8,64.94,75.2,78.08,96.98,102.2,73.04,61,75,70,61,63,77,86,71.6,85.3,93.9,71.1,75.4,64.94
60.08,57.2,64.04,75.2,71.96,91.94,100.4,71.96,59.7,70,69.1,61,60.1,73.9,82,66.2,81,84,69.1,75,62.06
57.02,57.2,64.94,73.4,66.92,87.98,96.8,71.06,58.3,66,66.9,59,57.9,71.1,75.9,60.8,77.9,80.1,59,73.4,60.98
55.94,57.2,64.04,71.6,64.94,84.92,96.8,71.06,57,63,64.9,57.9,54,68,73,60.8,75,78.1,55.9,71.6,60.08
57.02,57.2,64.04,69.8,62.96,82.94,95,69.08,57.4,63,64,55.9,53.1,66,72,53.6,72,73.9,55,70,60.08
57.02,57.2,64.04,66.2,60.98,78.98,93.2,64.94,57.6,61,63,55.9,50,64,71.1,51.8,70,68,50,66.9,57.92
57.02,57.2,64.04,66.2,60.08,77,89.6,64.94,57.9,60.1,63,55,50,62.1,69.1,48.2,68,66,50,64,57.02
55.94,57.2,64.94,64.4,59,75.92,89.6,62.96,57.9,59,61,55,51.1,61,66.9,48.2,66,62.1,48.9,61,57.92
57.02,57.2,64.94,64.4,55.94,73.94,89.6,64.04,57.9,55.9,61,54,50,60.1,66.9,46.4,64,64,46,59.4,57.02
57.02,57.2,64.04,62.6,57.02,73.04,89.6,62.06,57.9,53.1,60.1,54,50,59,68,42.8,62.1,61,46,57.6,57.02
57.02,53.6,64.94,62.6,55.04,71.96,91.04,60.98,57.9,54,59,55,50,61,68,42.8,60.1,63,46,55.9,57.02
57.02,55.4,64.94,62.6,57.92,71.96,89.6,62.96,57.9,55,60.1,55,51.1,63,68,44.6,63.7,66.9,46.9,58.6,57.02
57.92,59,66.02,64.4,62.96,73.94,87.8,69.98,57.9,57.9,62.1,59,53.1,64.9,69.1,51.8,67.5,75,54,61.3,57.92
59,60.8,68,66.2,68,78.08,87.8,78.08,59,62.1,63,61,57,68.9,71.1,60.8,71.1,79,60.1,64,59
60.98,60.8,71.96,71.6,71.96,78.98,88.88,82.04,59.9,66,66.9,62.1,62.1,73,75,66.2,76.1,84,63,64.9,62.06
62.06,62.6,71.96,77,77,84.02,89.6,86,61,69.1,70,66,64.9,77,79,73.4,81,84,68,66,64.94
62.96,66.38,73.04,80.6,80.6,89.06,89.6,91.04,61.3,73,73,66,64,79,78.1,77,86,84.9,72,66.9,62.96
62.96,69.8,73.94,82.4,84.02,91.94,89.6,93.92,61.7,73.9,73.9,66.9,69.1,81,80.1,80.6,89.6,89.1,75.9,68,62.96
64.04,71.6,73.04,83.66,87.08,96.08,89.6,93.02,62.1,79,78.1,68,69.1,82.9,86,80.6,93.4,93,78.1,68.9,64.94
62.96,69.8,73.04,84.2,89.06,96.98,95,91.04,62.8,79,80.1,72,70,83.7,87.1,82.4,97,89.1,81,70,66.02
64.94,69.8,73.04,84.2,89.6,98.06,95,93.02,63.3,82,81,72,73.9,84.2,88,84.2,95.9,84.9,81,70,68
60.08,64.4,71.96,83.66,89.96,98.06,91.4,95,64,82.9,81,71.1,71.1,84.9,88,84.2,95,88,82.9,70,66.92
59,62.6,71.96,82.4,89.96,100.04,93.92,93.92,62.4,82,80.1,69.1,72,82.9,87.1,86,93.9,84.9,84,70,66.92
57.92,60.8,69.98,78.8,87.08,98.06,95,93.02,60.6,81,77,68,70,81,78.1,84.2,90.7,82.9,84,68.7,64.94
57.92,59,68,73.4,80.06,93.02,93.2,84.92,59,79,73.9,66.9,68,79,70,82.4,87.3,75.9,82,67.3,64.04
57.02,57.2,66.92,71.6,73.4,87.98,93.2,80.96,58.6,75.9,70,64,63,75.9,73.9,77,84,71.1,78.1,66,62.96
57.02,57.2,66.92,69.8,69.08,84.92,89.6,78.98,58.3,71.1,64.9,61,57.9,73,73,75.2,80.4,68,72,65.7,62.06
53.06,57.2,66.02,66.2,64.94,82.04,89.6,77,57.9,69.1,63,61,59,70,72,66.2,76.6,66.9,60.1,65.3,60.98
51.98,57.2,66.02,64.4,62.96,80.96,87.08,71.96,57.6,68,61,60.1,54,68.4,72,71.6,73,68,60.1,64.9,60.98
51.98,57.2,66.92,64.4,62.06,78.08,86,71.06,57.4,68,60.1,59,53.1,66.6,66.9,64.4,70.3,69.1,55,64,60.08
50,57.2,66.02,62.6,60.08,75.92,84.2,66.02,57,64,59,57.9,53.1,64.9,66.9,57.2,67.6,69.1,54,63,60.08
50,57.2,66.02,62.6,59,75.02,82.4,64.04,57.4,66,59,57.9,51.1,62.6,64.9,57.2,64.9,66.9,54,62.1,60.08
48.92,57.2,66.02,62.6,60.08,73.04,82.4,66.02,57.6,64,57.9,57.9,50,60.3,63,53.6,63,70,50,60.6,59
48.92,57.2,66.02,62.6,57.92,73.04,82.4,62.96,57.9,62.1,55.9,57,48.9,57.9,64.9,55.4,61,69.1,48.9,59.4,59
48.92,57.2,66.02,62.6,57.92,71.06,82.94,62.06,58.3,62.1,57,52,48.9,61.9,61,50,59,66.9,48,57.9,57.02
55.04,57.2,66.02,62.6,60.08,71.06,84.2,64.94,58.6,62.1,60.1,57,53.1,66,61,50,61.3,68,50,60.3,57.02
57.92,57.2,66.92,64.4,62.96,73.94,84.2,69.98,59,64,62.1,59,55.9,70,66,57.2,63.7,70,61,62.6,57.02
57.92,57.2,69.98,68,68,80.06,87.8,77,59.7,66,63,60.1,62.1,72.7,71.1,62.6,66,73,68,64.9,57.92
64.04,59,69.98,71.6,71.96,82.94,91.4,80.96,60.3,69.1,66,64,66,75.4,75,68,68.4,75.9,73.9,67.6,57.92
62.96,60.8,73.04,77,75.92,84.02,93.2,87.98,61,72,68,64.9,68,78.1,80.1,69.8,70.7,78.1,81,70.3,59
64.04,62.6,73.94,80.6,84.92,87.98,95,93.02,62.6,75,71.1,69.1,71.1,79.3,82.9,80.6,73,81,82,73,60.08
66.02,60.8,73.94,84.2,82.94,91.04,96.8,96.08,64.4,79,73,71.1,73,80.8,84,84.2,76.1,84.9,82.9,75.4,62.06
64.94,60.8,75.92,84.2,84.92,93.02,98.6,96.08,66,81,77,73,71.1,82,86,87.8,79,88,84,77.7,62.96
64.94,60.8,73.94,84.2,86,93.92,98.6,96.98,66,84.9,75,73.9,75.9,82.9,88,91.4,82,84.9,84.9,80.1,62.96
64.94,62.6,75.02,84.2,86,93.92,100.4,95,66,84.9,75.9,75.9,73,84,88,93.2,82.4,88,84.9,81,64.04
66.02,60.8,75.02,82.4,84.92,95,102.2,95,66,84.9,75.9,75.9,73.9,84.9,91,93.2,82.6,90,86,82,64.04
64.94,60.8,73.94,82.4,82.4,95,104,95,65.3,84,73.9,73.9,73.9,83.3,91.9,91.4,82.9,89.1,84.9,82.9,64.04
64.04,60.8,71.06,78.8,78.98,91.94,102.2,93.92,64.8,78.1,73,73,75,81.7,91,86,81.3,79,84,81,64.04
62.06,59,69.08,77,71.96,89.06,102.2,89.96,64,75.9,71.1,71.1,73,80.1,89.1,82.4,79.7,75.9,82,79,62.06
59,57.2,68,71.6,66.92,86,100.4,84.02,63.3,73,70,64.9,70,76.6,86.2,71.6,78.1,72,75,77,60.08
57.02,57.2,68,69.8,62.6,84.02,93.2,80.06,62.8,71.1,68,63,68,73.4,80.1,75.2,73.4,71.1,66.9,74.3,60.08
57.92,57.2,66.92,69.8,60.98,82.04,91.4,78.08,62.1,69.1,66,62.1,64.9,70,76.1,71.6,68.7,70,59,71.8,59
57.02,57.2,68,66.2,60.08,78.08,91.04,71.06,61.7,66.9,66,61,57.9,68.9,71.1,64.4,64,66.9,57.9,69.1,59
57.92,57.2,68,66.2,59,75.92,91.4,71.06,61.3,64.9,64,61,60.1,68,73.9,62.6,62.8,63,54,66,59
57.92,57.2,68,64.4,57.92,75.02,89.6,64.04,61,64,63,60.1,61,66.9,70.2,53.6,61.3,68,50,63.1,57.92
57.02,57.2,66.92,62.6,57.92,73.04,87.8,60.98,60.6,63,62.1,60.1,59,65.7,68.2,57.2,60.1,69.1,52,60.1,57.02
57.02,57.2,66.92,62.6,57.02,71.96,87.8,59,60.4,62.1,62.1,60.1,59,64.2,68.9,55.4,59.4,70,50,57.4,57.02
57.02,57.2,66.92,62.6,57.02,71.06,86,55.94,60.1,63,61,57,57,63,68,50,58.6,69.1,46,54.7,57.92
57.02,57.2,66.92,62.6,57.92,69.98,84.92,59,60.8,62.1,62.1,55.9,57.9,65.3,72.3,48.2,57.9,66.9,46,52,57.92
57.02,57.2,66.92,62.6,59,69.98,84.2,62.06,61.3,61,62.1,57,57.9,67.6,71.8,51.8,58.6,68,46.9,55.9,59
57.02,55.4,69.08,66.2,62.96,71.06,87.8,75.02,62.1,63,64,63,60.1,70,71.1,57.2,59.4,69.1,61,60.1,59
57.02,57.2,69.98,69.8,68,73.04,89.6,78.98,64,63,66,63,62.1,72.7,72,64.4,60.1,72,63,64,59
59,57.2,71.06,73.4,71.06,77,93.2,82.94,66,64.9,68,64.9,66.9,75.4,75.9,71.6,61.7,75,66.9,68.4,59
60.08,57.2,71.96,78.8,73.94,78.98,96.8,87.98,68,68,69.1,66,69.1,78.1,81,75.2,63.3,79,71.1,72.7,59
60.08,60.8,73.94,82.4,75.92,82.94,100.04,91.04,70,70,75,71.1,73,80.4,84.9,82.4,64.9,80.1,77,77,59
60.98,62.6,73.94,82.4,78.98,87.98,102.2,93.02,72,73,78.1,75,77,82.6,87.1,89.6,68,82,81,78.3,59
62.96,62.6,73.04,84.2,82.04,89.06,104,96.98,73.9,73,81,79,78.1,84.9,89.1,89.6,70.9,80.1,84.9,79.7,59
64.94,64.4,73.04,84.2,84.02,89.06,104,96.08,73.2,77,84,80.1,80.1,86.5,91.9,95,73.9,80.1,84.9,81,60.08
62.96,64.4,73.94,84.2,84.02,91.04,105.8,98.06,72.7,80.1,87.1,80.1,80.1,88.3,91.9,95,75,82.9,87.1,77.4,60.08
62.96,62.6,73.94,84.2,82.94,91.94,107.6,98.96,72,80.1,87.1,82,80.1,90,95,93.2,75.9,82,88,73.6,62.06
64.94,62.6,73.04,80.6,78.8,89.96,107.06,96.98,71.1,78.1,86,82,78.1,88,93.9,91.4,77,82,87.1,70,60.98
62.06,60.8,71.96,78.8,73.04,89.96,107.6,95,70,75.9,84.9,78.1,77,86,93.9,84.2,75.7,81,84.9,68.9,60.98
59,59,69.98,73.4,66.02,87.08,107.6,89.96,69.1,73,81,73,71.1,84,91.9,80.6,74.3,78.1,82.9,68,60.98
57.92,57.2,69.08,71.6,62.06,84.02,104,82.04,67.1,70,78.1,66,68,78.1,87.1,78.8,73,73,78.1,66.9,60.08
57.92,57.2,68,69.8,60.08,82.94,100.4,82.04,64.9,64.9,75,64,64,72,82,77,71.1,66,69.1,64.9,59
55.94,57.2,68,69.8,59,80.96,98.6,80.06,63,63,73.9,61,62.1,66,78.1,69.8,68.9,62.1,64,63,57.02
53.96,57.2,68,66.2,57.92,80.06,96.98,73.94,62.1,60.1,72,60.1,60.1,64.8,73.9,64.4,66.9,60.1,57,61,55.04
50,57.2,68,66.2,57.92,75.92,96.8,68,61,59,71.1,57.9,55.9,63.3,75.9,64.4,66.2,57.9,55,60.6,53.06
51.08,57.2,68,64.4,57.92,73.04,93.2,68,60.1,60.1,70,57,57,62.1,73,68,65.7,61,53.1,60.4,53.96
53.06,57.2,68,62.6,57.02,73.04,91.4,62.96,62.1,57,66.9,55.9,55.9,61.3,70,59,64.9,57.9,50,60.1,53.06
53.06,57.2,68,60.8,57.02,71.96,91.4,64.04,64,55.9,68,57,55.9,60.8,70,57.2,64,54,48,59.4,53.06
53.06,55.4,68,60.8,55.94,69.98,89.6,57.92,66,54,66,55.9,55.9,60.1,68,53.6,63,54,46.9,58.6,55.94
51.98,57.2,68,59,57.02,69.08,89.06,57.92,69.1,52,66,55.9,55.9,63.7,68,50,62.1,52,46,57.9,55.94
53.06,55.4,68,60.8,57.92,69.08,87.8,64.04,72,54,69.1,57,57,67.5,69.1,48.2,65.3,59,46,58.3,57.02
53.06,55.4,68,64.4,62.06,71.06,89.6,73.94,75,57,72,59,57,71.1,72,55.4,68.7,63,57.9,58.6,59
53.96,55.4,69.08,69.8,66.02,75.92,89.6,80.96,78.3,61,75.9,60.1,61,75.7,75.9,60.8,72,69.1,66,59,60.08
57.02,57.2,69.98,74.12,69.08,78.98,91.4,86,81.7,64,80.1,64,63,80.2,81,71.6,74.3,73,71.1,61.3,62.06
60.08,59,71.06,78.8,73.04,78.98,93.2,89.06,84.9,68,82.9,64.9,66.9,84.9,86,78.8,76.6,73.9,73,63.7,64.04
60.08,60.8,73.04,80.6,75.92,78.98,93.92,93.02,82.2,72,89.1,66.9,66,87.6,88,84.2,79,77,77,66,66.02
62.06,62.6,73.94,84.2,78.98,80.96,95,96.98,79.7,75.9,91.9,69.1,69.1,90.3,91.9,84.2,82.6,75.9,82,69.3,66.02
64.94,62.6,75.92,84.2,80.96,84.92,100.4,96.98,77,80.1,95,71.1,72,93,96.1,84.2,86.4,78.1,84.9,72.7,66.02
62.96,64.4,75.02,84.2,82.94,82.04,104,98.06,73.6,84,99,70,75,94.3,98.1,89.6,90,80.1,86,75.9,66.92
62.96,64.4,75.02,84.2,82.94,84.92,107.6,98.06,70.3,84,100,72,75,95.7,100,87.8,89.2,79,86,77,66.92
62.06,64.4,73.04,84.2,82.94,86,107.6,98.96,66.9,84.9,100,73.9,75,97,100,86,88.7,81,88,77.9,68
60.98,62.6,73.04,80.6,82.4,87.98,109.04,98.06,63.9,82.9,98.1,73.9,73.9,94.3,100.9,87.8,88,80.1,88,79,66.92
57.92,62.6,71.96,77,78.8,89.06,107.6,96.08,61,82,95,73,73,91.8,100.9,84.2,86,79,88,75.7,66.92
55.94,60.8,69.98,73.4,73.04,84.92,105.8,91.04,57.9,80.1,91.9,72,71.1,89.1,99,84.2,84,75.9,87.1,72.3,64.94
53.96,59,69.98,71.6,68,82.04,104,87.98,58.3,75,87.1,64.9,66.9,83.1,95,80.6,82,71.1,75.9,69.1,62.96
51.98,57.2,69.08,69.8,64.94,80.06,100.4,82.94,58.6,72,84,63,63,77,84.9,73.4,79.3,68,66,65.1,60.98
53.06,57.2,69.08,68,62.96,78.08,93.2,82.94,59,66.9,77,62.1,57.9,71.1,84.9,73.4,76.6,64.9,61,61,62.06
53.96,57.2,69.08,66.2,62.06,75.92,91.04,78.08,59.4,66,75,61,57.9,69.1,82,71.6,73.9,59,57,57,60.08
53.96,57.2,68,64.4,60.08,73.04,91.4,75.92,59.7,63,72,60.1,57.9,66.9,82,66.2,72.3,57.9,54,55,57.92
55.04,57.2,69.08,62.6,59,71.06,91.4,73.04,60.1,61,70,59,60.1,64.9,79,68,70.7,57,55,53.1,55.04
55.04,57.2,69.08,60.8,59,69.08,100.4,69.08,60.4,59,69.1,57.9,60.1,64,79,69.8,69.1,50,54,51.1,55.94
55.04,57.2,69.08,59,55.94,68,93.2,62.96,60.6,55.9,68,57,60.1,63,75.9,66.2,67.5,50,54,51.1,51.98
53.06,57.2,69.08,57.2,55.04,66.92,93.2,60.98,61,53.1,66.9,57,59,62.1,77,69.8,65.7,48.9,54,51.1,53.96
53.06,57.2,69.08,57.2,53.06,66.02,93.02,57.92,61.3,53.1,66.9,55.9,57.9,65.3,71.1,66.2,64,46.9,53.1,51.1,53.96
53.06,57.2,69.08,60.8,57.02,66.02,91.4,66.92,61.7,55.9,66.9,57.9,59,68.7,69.1,64.4,66.7,52,59,53.8,57.02
53.06,57.2,69.08,64.4,62.06,69.98,91.4,75.92,62.1,60.1,69.1,61,61,72,73,64.4,69.3,59,59,56.3,60.08
53.06,59,69.98,71.6,68,73.94,91.4,82.04,62.1,63,70,64,64,77.7,75.9,75.2,72,62.1,66.9,59,62.96
55.04,60.8,71.06,75.2,73.04,78.08,91.4,87.08,62.1,68,73,66,70,83.3,82.9,75.2,77.4,64.9,71.1,62.4,64.04
55.94,64.4,73.04,78.8,75.92,84.02,93.2,91.94,62.1,73,75.9,69.1,72,89.1,86,78.8,82.6,66.9,73.9,65.7,66.02
55.04,66.2,73.94,82.4,80.06,87.98,96.08,95,63.7,75,75.9,71.1,73.9,92.7,90,80.6,88,71.1,79,69.1,66.92
59,69.8,73.94,84.2,84.92,91.04,98.6,98.06,65.3,79,80.1,73.9,73.9,96.4,93,89.6,90,73,75.9,72.7,66.92
59,69.8,73.94,86,87.08,95,100.4,96.98,66.9,82.9,80.1,72,75.9,100,95,89.6,91.9,75,73,76.5,69.98
60.08,71.6,73.94,87.8,89.06,93.92,100.4,98.96,66.6,86,82,75.9,80.1,100,98.1,91.4,93.9,77,70,80.1,71.06
59,71.6,73.94,87.8,91.04,95,102.2,100.94,66.4,89.1,82,78.1,70,100,98.1,93.2,93,75.9,79,82,71.06
60.08,69.8,73.94,84.2,91.94,96.08,103.82,100.04,66,90,78.1,79,66,100,98.1,93.2,91.9,75,79,84,71.06
59,66.2,73.94,84.2,91.04,96.08,105.08,98.06,64.8,86,79,77,68,94.3,97,86,91,75,80.1,86,69.98
57.02,62.6,71.06,80.6,89.06,93.92,105.8,95,63.3,86,75.9,75,71.1,88.7,98.1,84.2,88.3,73.9,82.9,83.3,68
55.94,60.8,69.98,77,84.02,91.04,102.2,89.96,62.1,82.9,73.9,70,69.1,82.9,96.1,80.6,85.6,72,77,80.8,66.92
55.04,57.2,69.08,73.4,80.06,87.08,98.6,82.04,61.3,79,70,64.9,66,81.7,91,71.6,82.9,68,73.9,78.1,64.94
55.94,55.4,69.08,71.6,75.02,84.02,96.8,80.06,60.8,77,66.9,64.9,63,80.2,86,73.4,81,66.9,72,72.1,64.94
55.94,55.4,69.08,69.8,71.06,80.06,93.2,77,60.1,71.1,64.9,63,62.1,79,84,75.2,79,64.9,72,66,60.98
55.04,55.4,69.08,66.2,69.98,75.02,91.94,77,59.7,70,63,62.1,61,75.9,81,66.2,77,62.1,71.1,60.1,60.98
55.94,55.4,69.08,66.2,69.98,73.04,91.4,71.96,59.4,69.1,62.1,61,59,73,75,66.2,75.7,64,69.1,58.1,57.92
55.94,55.4,69.08,64.4,64.04,69.98,87.8,68,59,66.9,64,60.1,57.9,70,71.1,66.2,74.3,62.1,68,55.9,55.94
55.94,55.94,69.08,64.4,64.94,68,87.8,62.06,59,64.9,60.1,57.9,57.9,67.6,68,68,73,59,66.9,54,53.06
55.04,56.3,68,64.4,59,66.92,87.8,60.08,59,63,60.1,57,57,65.3,66,66.2,71.8,55,66.9,52.3,53.96
53.06,56.66,68,62.6,57.92,66.02,87.8,60.08,59,61,62.1,55,55,63,64.9,60.8,70.3,53.1,64,50.5,53.96
53.06,57.2,68,62.6,60.98,64.04,87.98,60.08,59.4,61,62.1,54,55.9,65.3,62.1,60.8,69.1,52,61,48.9,55.04
53.06,55.4,68,64.4,60.8,64.94,87.8,66.92,59.7,60.1,62.1,57,57,67.6,61,66.2,71.4,55,59,52.7,57.92
53.96,57.2,71.06,68,64.94,66.92,89.6,75.02,60.1,64,63,61,60.1,70,64,64.4,73.6,59,66,56.3,60.98
53.06,57.2,73.04,73.4,71.96,69.98,89.6,82.94,61.7,68,63,64,63,73.6,66,68,75.9,64,69.1,60.1,64.94
53.06,59,75.02,80.6,77,73.94,95,89.06,63.3,72,63,66,66.9,77.4,71.1,69.8,79,68,70,64.8,66.92
55.94,62.6,75.02,82.4,80.06,78.08,98.6,93.92,64.9,75.9,64,70,72,81,75,73.4,81.9,70,71.1,69.3,69.98
57.02,62.6,75.92,84.2,82.94,82.04,100.04,96.08,65.3,79,66,73,75.9,82.9,79,75.2,84.9,73,73,73.9,69.98
57.02,64.4,75.92,86,86,87.08,102.2,98.06,65.7,84,69.1,75.9,78.1,85.1,82.9,78.8,85.6,75.9,75.9,78.6,71.96
60.08,66.2,75.92,87.8,89.06,89.06,104,98.06,66,89.1,72,79,79,87.1,84.9,80.6,86.4,75.9,78.1,83.3,75.92
60.08,66.2,75.02,87.8,91.94,91.94,105.8,100.04,66,91,75,82,82,88,88,86,87.1,79,81,88,73.04
60.08,66.2,73.94,86,93.92,93.02,107.6,100.94,66,91.9,77,81,82.9,89.1,91,87.8,87.1,79,80.1,89.6,73.94
60.08,66.2,71.96,84.2,95,93.02,107.6,100.04,66,91.9,75.9,82,84,90,91,87.8,87.1,77,79,91.4,75.02
57.02,64.4,71.06,84.2,95,91.94,109.04,98.96,64.8,91,75.9,80.1,82.9,86.7,91,87.8,87.1,75.9,81,93,75.02
53.96,62.6,69.98,82.4,89.96,89.06,107.6,96.08,63.3,90,75,79,82,83.3,91,84.2,85.6,73,79,89.4,73.94
53.96,60.8,69.08,78.8,84.02,84.92,107.6,89.96,62.1,86,72,75.9,80.1,80.1,89.1,82.4,84.4,73,77,85.6,73.04
53.96,57.2,69.08,73.4,80.06,82.04,105.8,87.08,61,82.9,70,73,75,76.6,84.9,77,82.9,69.1,72,82,71.06
53.06,57.2,69.08,71.6,75.92,77,102.2,86,60.1,79,68,71.1,72,73.4,81,75.2,81,64,62.1,77.7,62.06
53.96,55.4,69.08,68,75.02,73.94,96.8,77,59,72,64.9,66,71.1,70,75.9,71.6,79,60.1,57.9,73.4,62.06
53.06,57.2,68,66.2,73.04,71.96,93.92,78.08,58.3,73,63,68,66,68,72,71.6,77,57.9,53.1,69.1,62.96
53.96,57.2,68,66.2,73.94,69.08,93.2,66.92,57.7,69.1,61,66.9,69.1,66,64.9,69.8,75.7,57,50,67.6,59
53.96,57.2,68,64.4,69.98,66.02,91.4,64.04,57,68,60.1,64.9,66,64,64,66.2,74.3,54,48,66.4,57.02
53.96,57.2,68,64.4,66.92,64.04,91.4,59,57,64,59,63,62.1,61.3,63,59,73,52,46,64.9,55.04
53.96,57.2,68,62.6,64.94,62.96,89.6,59,57,64,57.9,62.1,60.1,58.6,63,55.4,71.4,54,46,64.2,57.92
53.96,55.4,68,60.8,62.06,62.06,89.6,60.08,57,63,57,62.1,61,55.9,61,51.8,69.6,55.9,43,63.7,53.06
53.96,55.4,68,62.6,62.06,60.08,89.96,57.02,56.3,57.9,57,60.1,61,57.9,60.1,55.4,68,55,43,63,53.06
53.96,57.2,68,60.8,64.04,60.98,89.6,62.96,55.8,62.1,57,63,63,60.1,57,48.2,70.3,60.1,44.1,64,57.02
53.06,57.2,69.08,64.4,66.02,64.04,91.4,71.96,55,64.9,60.1,66,64,62.1,60.1,57.2,72.7,63,52,64.9,59
53.96,59,69.08,69.8,69.98,66.92,91.4,78.98,57.4,69.1,61,71.1,70,67.1,64,62.6,75,66.9,61,66,62.06
53.96,62.6,69.08,73.4,75.92,69.98,89.6,84.92,59.7,73,63,75,73,72,69.1,66.2,77.4,72,64,69.1,64.94
55.04,64.4,71.06,78.8,80.06,75.02,93.2,91.94,62.1,78.1,64.9,75.9,77,77,75,73.4,79.7,73,71.1,72,64.94
55.94,66.2,73.04,80.6,84.02,78.98,98.06,95,63.3,82,68,80.1,81,79.7,79,77,82,78.1,75.9,75,68
57.02,69.8,73.94,82.4,87.08,82.94,102.2,96.98,64.8,84.9,71.1,79,79,82.2,82.9,82.4,82.8,80.1,79,70.7,66.92
57.02,69.8,73.04,84.2,91.04,84.92,104,98.06,66,90,73.9,82.9,84,84.9,86,86,83.3,81,80.1,66.4,69.98
57.92,69.8,73.04,86,93.02,87.98,105.8,98.96,65.3,91.9,75.9,84.9,87.1,86.5,90,87.8,84,84,82.9,62.1,71.06
60.08,69.8,71.96,84.2,95,89.96,107.6,98.96,64.8,93.9,81,87.1,86,88.3,91.9,89.6,83.3,84.9,82.9,63,73.04
59,68,69.98,84.2,91.94,91.04,109.4,98.96,64,93,82,84,86,90,93,87.8,82.8,86,84.9,64,73.94
59,66.2,69.08,80.6,89.06,89.96,107.06,96.98,63.3,91.9,80.1,82.9,84.9,88,93,91.4,82,87.1,84,64.9,73.94
55.94,64.4,68,77,84.92,89.06,107.6,95,62.8,89.1,79,84,82,86,91.9,82.4,81,84.9,82.9,64.2,71.96
55.94,62.6,66.92,73.4,80.06,87.08,102.2,87.08,62.1,86,75.9,82,78.1,84,91,78.8,80.1,84,80.1,63.7,69.08
53.06,60.8,66.02,71.6,73.94,82.04,98.6,84.92,61,82,73,75,73,80.6,84.9,78.8,79,77,71.1,63,64.94
48.92,59,66.02,68,71.06,78.98,96.8,84.02,60.1,80.1,70,73,75.9,77.4,79,77,77,73,62.1,61,60.98
48.02,57.2,66.92,66.2,66.92,75.92,95,75.02,59,77,66.9,69.1,70,73.9,75.9,77,75,71.1,63,59,60.08
51.98,57.2,66.92,64.4,64.94,73.94,95,78.98,59.4,75,64.9,66.9,68,72.3,73,71.6,73,66.9,61,57,57.92
53.96,59,66.92,64.4,62.96,71.96,93.2,73.04,59.7,73,63,62.1,66.9,70.7,72,69.8,71.8,71.1,60.1,55.9,59
53.96,59,66.92,62.6,62.06,69.98,91.4,64.94,60.1,70,61,60.1,64.9,69.1,68,60.8,70.3,70,59,55,57.92
53.96,59,66.92,62.6,60.98,68,91.4,62.96,59.4,68,61,57.9,64,68,66.9,64.4,69.1,71.1,57.9,54,55.04
53.96,59,66.92,60.8,60.08,66.02,93.2,59,58.6,64,60.1,57.9,60.1,67.1,66.9,66.2,68,70,57,53.6,53.96
53.96,59,66.02,60.8,60.08,64.94,93.2,60.08,57.9,61,59,57,57.9,66,64,57.2,67.1,70,57,53.4,53.96
53.96,57.2,66.02,59,59,62.96,91.94,53.06,58.3,61,57.9,57,59,67.3,62.1,51.8,66,70,57,53.1,53.96
53.06,57.2,66.02,60.8,60.98,66.02,89.6,62.96,58.6,61,59,57,64.9,68.7,61,55.4,64,72,57,54.3,55.94
53.96,59,66.92,62.6,64.04,71.06,89.6,71.06,59,64.9,61,57.9,69.1,70,66.9,57.2,62.1,73.9,60.1,55.8,55.94
53.06,60.8,68,66.2,68,77,91.4,77,60.3,70,64,59,70,73.9,73,64.4,60.1,77,63,57,55.94
53.06,62.6,69.08,69.8,71.96,80.96,93.38,84.92,61.7,72,66,61,73.9,78.1,75.9,68,59.7,81,66.9,60.1,60.08
55.94,64.4,71.96,73.4,78.08,84.92,95,89.96,63,77,70,64,75.9,82,79,71.6,59.4,87.1,70,63,60.98
57.02,66.2,73.94,77,80.96,89.06,98.06,91.94,64,80.1,73,66.9,80.1,84.7,82,75.2,59,89.1,71.1,66,62.96
57.02,66.2,75.02,80.6,84.02,91.04,98.6,96.08,64.9,87.1,75.9,68,80.1,87.3,84.9,77,60.3,91,73,70,64.04
57.02,68,73.94,82.4,87.08,93.02,100.4,96.98,66,89.1,80.1,71.1,82.9,90,88,80.6,61.7,93,75,74.1,68
55.94,69.8,75.02,84.2,91.94,95,102.2,98.06,65.3,91.9,82,72,82,91.2,91.9,84.2,63,93,75,78.1,69.98
55.04,68,73.94,82.4,93.92,95,105.8,100.04,64.8,96.1,82.9,73,82,92.7,93,82.4,65.3,93.9,75.9,79.7,69.08
55.04,66.2,71.96,80.6,91.94,96.98,105.8,98.96,64,95,82.9,75,82.9,93.9,93,82.4,67.6,93,70,81.3,69.08
53.96,66.2,71.06,78.8,89.06,96.98,107.06,98.06,62.8,93,82,78.1,82.9,90.7,93,80.6,70,93,64.9,82.9,69.08
53.96,64.4,69.98,75.2,84.02,96.08,107.6,95,61.3,90,80.1,72,82,87.3,93,73.4,67.6,91.9,64,80.6,66.92
53.96,62.6,66.92,69.8,77,91.94,104,89.96,60.1,84.9,78.1,70,79,84,91,71.6,65.3,88,69.1,78.3,64.94
53.96,60.8,66.02,69.8,73.04,87.98,100.4,84.02,59.7,80.1,73.9,66.9,69.1,81.3,89.1,64.4,63,79,64,75.9,62.96
53.96,59,66.92,68,69.98,84.92,96.8,78.98,59.4,77,72,64,64,78.6,82.9,60.8,61.7,81,57,71.2,60.08
53.06,60.8,66.02,66.2,66.92,82.94,93.2,78.98,59,73.9,69.1,61,66,75.9,78.1,62.6,60.3,75,50,66.7,60.08
53.96,60.8,66.02,66.2,64.04,78.98,93.02,73.04,58.6,70,66,61,64.9,73.6,81,57.2,59,73,51.1,62.1,60.08
53.06,59,66.02,64.4,62.06,75.92,89.6,69.08,58.3,66.9,64,57.9,62.1,71.4,75.9,53.6,57.7,73.9,46.9,60.1,57.92
53.96,59,64.94,64.4,62.06,73.94,89.6,62.06,57.9,64.9,63,57,57,69.1,73,50,56.3,71.1,45,57.9,57.92
53.06,59,66.02,62.6,59,71.96,89.6,62.96,57.9,62.1,62.1,55.9,60.1,65.1,69.1,48.2,55,70,45,55.9,57.02
53.06,59,66.02,60.8,59,69.98,89.6,62.96,57.9,59,61,55.9,57,61,66,46.4,55,66.9,43,54,55.94
51.98,57.2,66.02,59,59,68,89.6,62.06,57.9,57.9,60.1,57,55.9,57,64,48.2,55,70,43,52,55.94
53.06,57.2,66.02,59,57.92,64.94,89.06,57.02,58.3,55.9,59,55.9,57,60.3,64,44.6,55,66.9,44.1,50,57.02
51.98,57.2,66.02,60.8,60.08,68,87.8,64.94,58.6,57,60.1,55.9,60.1,63.7,61,46.4,56.3,68,46.9,53.4,55.94
53.06,59,66.92,60.8,62.96,75.02,87.8,71.96,59,61,64,57,63,66.9,63,51.8,57.7,73.9,55.9,56.7,57.02
53.96,60.8,68,62.6,66.92,80.96,89.6,78.98,59.7,65.3,60.1,57.9,69.1,72,66.9,57.2,59,78.1,60.1,60.1,57.92
55.94,60.8,73.04,66.2,71.96,84.92,89.6,84.92,60.3,71.1,73.9,59,73,77,69.1,62.6,62.1,81,62.1,64.4,60.98
55.94,64.4,73.04,71.6,75.92,89.06,91.4,89.96,61,75.9,73,60.1,77,82,73,66.2,64.9,84.2,66,68.7,60.98
57.92,64.4,73.04,78.8,80.6,93.92,93.02,93.92,63.3,79,77,62.1,79,85.6,75.9,71.6,68,87.1,69.1,73,64.04
57.92,66.2,73.04,82.4,84.02,96.08,96.8,96.08,65.7,82,80.1,66,82,89.4,80.1,71.6,71.1,88,73.9,77,64.04
57.02,66.2,73.94,82.4,87.08,98.06,98.6,98.96,68,88,84.9,66,84,93,82.9,73.4,73.9,90,75.9,81,66.92
57.02,66.2,73.94,84.2,89.96,98.96,100.4,98.96,68,90,88,70,84,94.1,87.1,73.4,77,91,78.1,84.9,66.92
57.02,66.2,73.04,82.4,93.92,100.94,102.56,98.06,68,91.9,88,72,84,95,90,75.2,79,91,78.1,86.9,68
57.92,66.2,71.06,82.4,93.92,100.94,104,98.06,68,95,88,73,84.9,96.1,89.1,75.2,81,91,80.1,89.1,66.02
57.02,64.4,69.98,80.6,87.08,100.94,104,98.96,66.9,93,87.1,73.9,84.9,93.4,89.1,77,82.9,90,79,91,66.02
57.92,60.8,69.08,73.4,87.08,98.96,104,96.08,66,90,86,75,82.9,90.7,91.9,77,80.2,90,79,88,64.94
57.02,59,66.92,69.8,82.04,95,102.2,91.04,64.9,86,82.9,73.9,80.1,88,91.9,75.2,77.7,88,78.1,85.1,64.04
55.94,57.2,66.02,66.2,75.92,89.96,102.2,86,63.3,81,78.1,72,73.9,84,86,62.6,75,80.6,69.1,82,60.08
57.02,57.2,66.92,64.4,71.06,87.98,100.4,78.98,61.7,73,75,71.1,68,79.9,82.9,62.6,72.3,75,61,78.1,57.92
55.04,57.2,66.92,62.6,68,84.02,96.8,78.08,60.1,71.1,73,60.1,64.9,75.9,75.9,62.6,69.6,70,55,73.9,57.92
53.96,57.2,66.92,62.6,64.94,82.04,93.92,73.94,58.5,70,72,59,64,73.9,73.9,50,66.9,69.1,55.9,70,57.02
53.96,57.2,66.92,60.8,62.06,78.98,89.6,71.06,56.7,68,70,60.1,62.1,72,73.9,48.2,64.6,61,51.1,66.9,57.02
53.96,57.2,66.92,60.8,62.06,75.92,91.4,66.92,55,64,69.1,57,61,70,70,46.4,62.4,59,48,64,55.94
53.06,57.2,66.92,60.8,59,71.96,91.4,60.08,55.4,61,66.9,57,59,64.6,64.9,42.8,60.1,59,50,61,57.92
53.96,57.2,66.02,60.8,57.92,71.06,91.4,60.08,55.6,60.1,66,55.9,59,59.4,63,42.8,59.4,57.9,46.9,61.3,57.92
53.06,57.2,66.02,59,57.02,69.08,89.6,57.92,55.9,57.9,62.1,55.9,57,54,64,41,58.6,57.9,45,61.7,57.92
53.96,57.2,64.94,57.2,57.02,66.92,89.06,57.92,57,57.9,62.1,55,57,59.9,61,39.2,57.9,57,44.1,62.1,57.92
53.96,57.2,66.02,57.2,59,69.08,86,64.94,57.9,57.9,63,55.9,59,66,59,41,61.3,55.9,46,64,57.92
55.04,55.4,66.02,57.2,62.96,73.94,86,73.94,59,62.1,66,59,64,72,63,48.2,64.6,57,54,66,59
55.04,57.2,68,60.8,68,80.06,86,80.96,60.6,68,70,61,69.1,75.9,68,53.6,68,57.9,63,68,59
57.02,59,69.98,66.2,71.96,84.92,87.8,87.98,62.4,70,73.9,64,71.1,80.1,73,62.6,71.1,61,66,70,60.08
60.08,62.6,71.06,71.6,78.08,89.06,91.4,89.96,64,73.9,77,66.9,75,84,77,71.6,73.9,64,70,72,62.06
60.08,62.6,73.04,75.2,84.02,93.02,93.92,93.92,64.9,79,82,69.1,79,87.1,81,75.2,77,66,73.9,73.9,64.04
60.08,64.4,75.92,78.8,87.08,96.08,96.8,95,66,82,84.9,72,82,90,84.9,80.6,79,68,78.1,75.9,66.92
62.06,64.4,75.92,80.6,89.96,98.06,100.4,96.98,66.9,86,88,73.9,82.9,93,87.1,80.6,81,70,81,78.1,68
60.98,64.4,75.92,80.6,93.92,100.94,102.2,98.06,66.2,90,90,75,84,94.1,90,82.4,82.9,73,84,80.1,68
60.98,64.4,75.92,77,96.08,100.04,104,98.96,65.7,91,90,77,86,95,91.9,84.2,83.3,72,84,80.4,69.98
60.98,62.6,75.02,75.2,95,102.02,105.8,98.06,64.9,91,89.1,79,84.9,96.1,93.9,84.2,83.7,68,84.9,80.6,69.08
60.98,60.8,73.94,73.4,93.92,100.04,105.98,96.98,64.2,89.1,89.1,78.1,84.9,93,93,86,84,70,84.9,81,69.08
60.08,59,71.96,71.6,89.96,96.98,100.4,96.98,63.7,86,87.1,77,82.9,90.1,91.9,84.2,82,71.1,84.9,78.3,68
57.02,57.2,71.06,66.2,84.02,93.02,96.8,91.94,63,82,82.9,73,79,87.1,90.7,82.4,80.1,69.1,82.9,75.7,66.02
55.94,55.4,69.08,66.2,78.98,89.06,93.2,89.06,61.3,78.1,78.1,68,73.9,84.4,89.4,78.8,78.1,64,71.1,73,62.96
53.96,55.4,69.98,62.6,73.04,84.92,91.4,83.84,59.5,73.9,75.9,66,72,81.7,79,69.8,76.5,60.1,68,66.7,60.08
53.06,55.4,69.08,62.6,69.08,80.96,91.4,78.62,57.9,71.1,73.9,64,71.1,79,75.9,55.4,74.7,59,62.1,60.3,60.98
48.92,55.4,69.08,62.6,64.94,78.98,89.96,73.4,57.2,66.9,71.1,61,66.9,77.7,72,53.6,73,57.9,55,54,60.08
46.94,55.4,69.08,62.6,62.96,75.92,87.8,68,56.7,66.9,70,59,66,76.3,71.1,51.8,70.3,55,54,52.3,60.08
48.02,55.4,68,60.8,62.06,71.96,87.8,66.02,55.9,66.9,68,59,63,75,70,50,67.6,51.1,53.1,50.5,60.08
53.06,57.2,68,60.8,59,71.06,86,64.04,55,64.9,66,59,61,69.6,66.9,46.4,64.9,53.1,50,48.9,59
53.06,57.2,68,60.8,59,69.98,84.2,60.08,54,61,64,59,59,64.4,64,44.6,63,54,48.9,47.7,59
53.06,57.2,66.92,60.8,57.92,68,84.2,60.98,53.1,62.1,63,57.9,57.9,59,63,44.6,61,54,48,46.2,57.92
53.06,57.2,66.92,60.8,57.02,66.02,84.92,59,55.4,60.1,63,57.9,57.9,63,60.1,42.8,59,55,46,45,57.92
53.06,57.2,68,59,59,69.08,84.2,64.04,57.7,61,64,59,59,67.1,59,46.4,62.1,54,48,48.4,57.92
53.96,57.2,71.06,60.8,64.04,75.02,86,72.5,60.1,64,66.9,60.1,59,71.1,64.9,53.6,64.9,57,57,51.6,60.08
55.04,59,75.02,64.4,68,80.06,80.6,79.7,61.7,64.9,70,60.1,57.9,75.4,69.1,66.2,68,57.9,66,55,60.98
53.96,60.8,77,71.6,73.94,84.02,84.2,85.1,63.3,69.1,73,64.9,55,79.7,73,69.8,72.7,63,72,59.7,64.04
55.94,62.6,77,71.6,78.98,87.08,84.2,89.42,64.9,71.1,75.9,66.9,61,84,77,75.2,77.4,63,75,64.4,64.94
55.04,66.2,75.92,75.2,84.92,91.04,86,93.2,65.3,75,81,69.1,63,87.3,82.9,80.6,82,68,77,69.1,69.08
57.02,68,77,78.8,87.08,95,89.6,98.06,65.7,77,84,72,68,90.7,87.1,86,83.7,70,82.9,72.3,66.92
57.92,69.8,77,78.8,91.04,96.98,93.2,98.06,66,79,87.1,73.9,71.1,93.9,91,87.8,85.5,73,86,75.7,68
57.02,69.8,73.94,80.6,93.02,98.96,93.2,102.02,65.3,82.9,88,68,71.1,95,95,91.4,87.1,75.9,89.1,79,69.08
57.92,68,73.94,78.8,95,100.04,93.2,100.94,64.8,84,89.1,68,72,95.9,98.1,89.6,88,75.9,90,80.2,69.98
59,69.8,73.04,78.8,96.08,100.94,91.4,98.96,64,84.9,88,68,71.1,97,99,82.4,89.1,79,88,81.7,71.96
57.92,66.2,73.94,73.4,93.92,98.96,89.96,98.06,63,84,86,70,66.9,93.7,99,86,90,75.9,88,82.9,69.98
57.02,64.4,71.96,71.6,91.04,96.98,89.6,96.98,62.1,81,82.9,69.1,71.1,90.3,98.1,84.2,87.6,75.9,88,80.2,69.08
55.94,62.6,69.98,69.8,86,93.92,89.6,91.94,61,78.1,78.1,66,68,87.1,97,82.4,85.3,75,88,77.7,66.92
57.02,60.8,69.08,68,80.06,87.98,89.6,89.06,59.7,73.9,72,64,64,83.7,91.9,77,82.9,71.1,80.1,75,64.94
57.02,60.8,69.08,66.2,75.02,84.92,87.8,82.94,58.3,71.1,70,61,60.1,80.4,84.9,60.8,80.6,66.9,69.1,69.1,60.08
57.92,60.8,68,66.2,71.96,82.04,87.8,78.08,57,69.1,66.9,59,57.9,77,84,59,78.3,64,63,63,60.08
57.92,57.2,68,64.4,71.06,78.08,87.08,75.92,55.8,66.9,63,57.9,57,75.9,78.1,57.2,75.9,64.9,57,57,57.92
57.92,57.2,68,64.4,69.08,75.92,84.2,71.06,54.3,64.9,59,57,55,75,75,55,75,62.1,55.9,54.7,55.04
57.92,57.2,66.92,64.4,66.92,73.94,84.2,64.04,53.1,63,61,57.9,53.1,73.9,72,53.6,73.9,61,52,52.3,53.96
57.92,57.2,68,64.4,64.94,71.06,82.4,66.92,53.8,61,59,55.9,53.1,71.2,66.9,54.5,73,57,51.1,50,53.06
57.02,57.2,68,62.6,66.02,69.98,82.4,60.98,54.3,60.1,57.9,57,52,68.7,66,55.4,70.3,53.1,50,49.3,55.94
55.94,57.2,68,62.6,66.92,69.08,82.58,59,55,57,57,57,52,66,64,54,67.6,50,46.9,48.7,53.06
55.94,57.2,68,60.8,62.6,68,82.94,55.94,55.9,55.9,55.9,57,51.1,67.3,64,53.2,64.9,52,46,48,53.06
55.94,57.2,68,62.6,66.02,71.06,82.4,60.98,57,57,55.9,57,52,68.7,63,55,66.4,55.9,46.9,51.1,55.94
55.94,57.2,69.98,64.4,68,73.94,82.4,71.06,57.9,60.1,57,60.1,53.1,70,66,60.8,67.6,57.9,55.9,54,57.92
57.02,60.8,73.04,69.8,73.04,78.98,84.2,78.08,59.4,63,62.1,60.1,55,73.4,69.1,66.2,69.1,60.1,66.9,57,62.06
57.92,60.8,75.02,73.4,75.2,84.02,87.8,86,60.6,66,64.9,61,57.9,76.6,73.9,65.8,75,63,71.1,62.1,62.96
60.08,62.6,75.92,77.36,80.06,89.06,89.6,91.04,62.1,70,68,63,62.1,80.1,77,64.4,81.1,66.9,75.9,66.9,66.92
57.92,62.6,77,80.6,84.92,93.02,91.94,96.08,63,73,71.1,66,66,81.7,84,67.3,87.1,69.1,82.9,72,69.08
59,64.4,77,82.4,87.08,95,93.2,98.06,64,75.9,73.9,69.1,66,83.3,89.1,69.8,90.1,73,84.9,77,71.96
60.98,64.4,75.92,84.2,89.06,96.98,93.2,100.04,64.9,75,77,70,66.9,84.9,91,77,93,75.9,88,82,71.96
60.08,64.4,75.92,84.74,89.96,98.96,96.8,100.94,64.6,77,80.1,73,66.9,86,96.1,75.2,96.1,79,91,87.1,73.04
60.98,62.6,75.02,84.2,87.98,100.04,98.6,102.02,64.4,77,82,73.9,69.1,86.9,97,77.9,92.1,81,93,87.1,73.94
60.08,62.6,73.94,82.4,87.08,100.04,96.8,100.04,64,72,82.9,73.9,70,88,98.1,79.9,88,82.9,91.9,87.1,75.92
60.08,62.6,73.04,80.6,82.4,100.04,98.96,98.96,62.8,71.1,82,75,68,84.7,100,80.6,84,80.1,90,87.1,73.94
57.92,60.8,71.06,77,73.04,98.06,98.6,96.08,61.3,70,79,71.1,68,81.3,98.1,75.2,82,80.1,89.1,81.3,71.96
55.94,60.8,68,71.6,68,93.92,96.8,91.94,60.1,69.1,75.9,70,64,78.1,96.1,73.4,80.1,81,86,75.7,69.98
53.96,59,68,71.6,64.94,89.06,93.2,84.02,58.5,66.9,71.1,69.1,59,75.4,90,69.8,78.1,73,81,70,68
53.06,57.2,66.92,71.6,62.96,87.08,91.4,82.94,56.7,63,69.1,70,55.9,72.7,84,64.4,75.7,70,68,69.3,60.98
51.08,57.2,66.92,69.8,62.96,82.04,89.6,78.08,55,61,66,66,52,70,79,62.6,73.4,66.9,66.9,68.7,60.08
46.94,57.2,66.92,69.8,60.98,78.08,98.96,69.98,55,59,63,64.9,52,66.9,78.1,64.4,71.1,64,59,68,62.06
50,57.2,66.92,66.2,60.98,75.02,90.5,69.08,55,59,61,63,46.9,64,75.9,60.8,67.6,57.9,55,65.3,57.02
46.94,59,68,64.4,62.06,73.04,82.4,66.02,55,57.9,60.1,62.1,50,61,75,57.2,64.4,57.9,53.1,62.8,55.94
48.02,59,66.92,64.4,62.06,73.04,82.4,62.96,55.4,57.9,57.9,59,48,57.9,70,60.8,61,60.1,51.1,60.1,55.94
48.02,57.2,66.02,64.4,60.98,71.96,80.6,59,55.6,57,57,60.1,45,55,69.1,62.6,61,60.1,48,58.6,57.92
46.94,57.2,66.02,64.4,60.98,71.96,82.4,57.92,55.9,57,55.9,59,44.1,52,68,57.2,61,60.1,48,57.4,57.92
44.06,59,66.02,62.6,60.98,71.06,82.04,53.06,55.9,57,55,57,45,56.7,68,55.4,61,59,46,55.9,57.92
46.04,60.8,66.92,64.4,60.98,71.06,82.4,59,55.9,57,55,57,52,61.3,68,55.4,63.7,62.1,45,59,57.92
53.06,60.8,68,66.2,64.04,69.98,82.4,69.08,55.9,57,57,62.1,55.9,66,68,60.8,66.4,66.9,55.9,61.9,59
60.08,62.6,71.06,69.8,68,71.96,84.2,77,56.7,59,60.1,64.9,60.1,70,79,64.4,69.1,73,64,64.9,60.98
57.92,62.6,71.96,73.4,71.06,75.02,86,82.04,57.2,62.1,63,69.1,64,74.1,82,66.2,71.1,79,69.1,66.4,62.96
59,64.4,73.04,78.8,71.96,80.96,87.62,87.98,57.9,64.9,69.1,72,66,78.1,88,73.4,73,84,78.1,67.6,62.96
60.08,64.4,73.94,80.6,75.92,87.98,89.06,91.04,59.9,68,70,75,69.1,80.8,90,77,75,84,82.9,69.1,64.04
62.06,64.4,75.02,82.4,77,89.96,91.4,95,62.1,71.1,73,79,71.1,83.3,93,80.6,77,87.1,86,72.1,68
60.08,68,77,82.4,78.08,93.92,93.56,96.98,64,73,75.9,79,70,86,96.1,82.4,79,87.1,87.1,75,69.98
60.08,66.2,75.02,84.2,78.98,96.08,95,96.98,64.4,73.9,79,80.1,72,87.6,97,82.4,81,90,89.1,78.1,71.06
62.06,66.2,73.94,84.2,80.96,98.06,98.6,98.06,64.6,77,84,81,73,89.4,98.1,84.2,81.7,89.1,90,80.1,71.06
60.08,66.2,73.94,82.4,78.98,98.06,98.6,98.06,64.9,75,84.9,82,72,91,97,86,82.2,87.1,90,82,71.96
59,64.4,71.96,80.6,77,96.98,100.04,96.98,63.3,75,84,80.1,64,88.3,96.1,84.2,82.9,88,91,84,73.04
60.08,62.6,69.98,78.8,73.94,93.92,99.86,93.92,61.7,73,82,80.1,66,85.6,96.1,82.4,79.9,87.1,90,80.4,73.04
57.02,60.8,68,73.4,69.08,91.04,98.6,87.98,60.1,70,79,75.9,66,82.9,93,82.4,77,84,87.1,76.6,69.08
51.98,59,68,71.6,64.04,86,95.18,86,58.6,66.9,75,71.1,63,79,89.1,78.8,73.9,73.9,79,73,66.02
51.08,57.2,66.92,69.8,62.96,82.04,92.3,80.06,57.4,64.9,70,70,62.1,75,84,69.8,70.7,69.1,68,69.6,66.02
48.02,57.2,66.92,69.8,60.98,78.08,90.14,78.08,55.9,61,69.1,70,57.9,71.1,80.1,64.4,67.3,68,64,66.4,64.94
48.92,57.2,66.92,68,59,75.02,89.06,75.02,54.7,60.1,66,68,57.9,66.7,80.1,62.6,64,66.9,59,63,62.06
48.92,57.2,66.92,68,59,71.96,89.6,73.94,53.2,60.1,64.9,66.9,57,62.2,78.1,59,63.3,64.9,54,61.7,62.06
46.94,57.2,66.92,66.2,57.92,69.98,87.8,71.06,52,57.9,63,66,57,57.9,77,57.2,62.8,63,54,60.3,60.98
48.02,57.2,66.92,66.2,55.94,68,86,64.94,53.1,55.9,62.1,64.9,54,57.6,77,59,62.1,62.1,50,59,62.06
48.02,57.2,66.92,66.2,55.04,66.02,84.2,57.02,54,54,61,64.9,50,57.4,75.9,60.8,60.6,60.1,48.9,57.4,62.06
48.92,57.2,66.92,66.2,55.04,64.94,84.2,57.92,55,53.1,61,63,52,57,73,57.2,59.4,60.1,46.9,55.6,60.98
48.92,57.2,68,64.4,53.96,64.04,84.92,55.04,55.4,52,60.1,63,51.1,60.1,73,57.2,57.9,57.9,46,54,60.08
51.08,57.2,68,64.4,57.2,64.94,82.4,59,55.6,53.1,59,64,54,63,73,57.2,59.4,59,46.9,57.4,60.98
57.92,57.2,68,64.4,60.98,66.92,82.4,69.08,55.9,53.1,59,66.9,55,66,73.9,60.8,60.6,63,57.9,60.6,62.96
60.08,59,69.98,69.8,66.02,73.04,87.8,75.02,56.3,59,61,70,60.1,70.7,78.1,62.6,62.1,68,66.9,64,62.96
60.98,59.9,71.06,71.6,71.06,78.08,91.4,80.96,56.7,63,64.9,72,64,75.4,77,62.6,67.1,73,69.1,68.7,64.04
55.94,60.8,73.04,75.2,77,80.96,93.2,89.06,57,66.9,68,73.9,66.9,80.1,81,62.6,72,77,72,73.4,66.02
60.08,64.4,73.94,80.6,80.06,84.92,95,91.94,59.4,72,73.9,79,69.1,82.4,82,64.4,77,80.1,78.1,78.1,66.92
62.96,68,75.92,82.4,84.92,87.08,96.8,93.92,61.7,75.9,75.9,79,71.1,84.7,89.1,71.6,79,82,84,80.4,66.92
64.04,69.8,75.02,80.6,87.08,91.94,98.6,95,64,78.1,80.1,81,72,87.1,93.9,77,81,86,88,82.6,68
62.96,69.8,73.94,82.4,89.96,96.08,100.4,96.08,63.7,81,81,82.9,73,88.7,97,80.6,82.9,87.1,91,84.9,71.06
62.96,69.8,73.94,82.4,89.96,96.98,102.2,96.08,63.3,84,82.9,82.9,75,90.3,99,82.4,84,88,90,85.6,69.08
62.96,68,73.94,82.4,91.94,96.08,102.2,96.08,63,84,81,84,73,91.9,98.1,84.2,84.9,88,91,86.4,69.98
62.06,64.4,73.94,80.6,89.96,93.92,102.02,93.02,62.1,84,80.1,82.9,73.9,88.9,100,82.4,86,89.1,91.9,87.1,71.06
62.06,62.6,71.96,77,87.98,91.94,102.2,91.94,61,84,77,80.1,73,86,100.9,80.6,83.3,88,91,83.7,71.06
57.92,59,69.08,73.4,82.94,87.98,98.6,84.92,60.1,80.1,73.9,77,70,82.9,99,71.6,80.8,86,91,80.4,67.28
55.94,57.2,68,71.6,78.98,84.02,95,82.94,59.7,73,68,73,64.9,79.9,93.9,69.8,78.1,79,84,77,65.12
53.06,55.4,68,71.6,75.02,80.06,93.2,84.02,59.4,70,64.9,71.1,62.1,77,88,60.8,75.4,75.9,78.1,74.7,63.14
51.98,56.12,67.82,70.52,73.04,77.54,91.76,80.78,59,66.9,63.3,68.5,59.5,73.9,83.3,58.5,72.9,72.9,73.9,72.1,61.34
51.08,57.02,67.64,69.62,71.06,74.84,90.32,77.36,58.6,64,61.9,65.8,57.2,71.1,78.6,55.9,70.3,69.6,69.6,69.6,60.44
50,57.74,67.46,68.54,69.08,72.32,88.88,74.12,58.3,61,60.3,63.3,54.7,68,73.9,53.6,67.8,66.6,65.5,67.1,59.9
49.1,58.46,67.46,67.46,66.92,69.8,87.26,70.88,58.1,57.9,58.6,60.8,52.3,64.9,69.1,51.1,65.5,63.3,61.3,64.6,60.08
48.02,59.18,67.28,66.38,64.94,67.28,85.82,67.64,57.7,54.9,57,58.3,49.8,61.9,64.4,48.7,63,60.3,57.2,62.1,60.44
47.12,60.08,67.1,65.48,62.96,64.58,84.38,64.22,57.4,52,55.6,55.6,47.5,59,59.7,46.2,60.4,57,52.9,59.5,60.62
46.04,60.8,66.92,64.4,60.98,62.06,82.94,60.98,57,48.9,54,53.1,45,55.9,55,43.9,57.9,54,48.7,57,60.8
46.94,60.8,66.92,64.4,59,60.08,82.94,55.94,57,46,55,52.3,45,59.5,52,41.9,55,54,48,55,60.8
51.08,62.6,66.92,64.4,60.98,60.98,81.86,59,57,46.9,55,52.3,50,63.3,53.1,45,55,55,54,57.7,60.98
53.96,62.6,66.92,66.2,66.92,66.02,83.84,66.92,57.9,51.1,57,52.5,53.1,66.9,63,50.9,62.1,57.9,60.1,60.3,62.24
59,62.6,68.36,69.8,71.96,69.98,90.86,73.94,57.9,55,57.9,53.2,57,71.2,72,58.3,64,62.1,66,63,65.3
62.96,62.6,69.62,73.4,75.92,73.94,92.84,78.08,60.1,60.1,62.1,53.8,62.1,75.7,73.9,64.9,68,64.9,72,67.6,68
60.08,64.4,71.06,77,78.98,78.08,96.98,80.96,61,64.9,64.9,54.7,64,80.1,75.9,72.9,73.9,68,78.1,72.3,64.4
62.06,66.2,71.96,82.4,82.94,80.96,98.96,82.94,62.1,66.9,66.9,56.1,66.9,81.7,78.1,75.9,77,70,84,77,67.82
62.96,68,73.04,86,84.92,84.02,101.84,87.08,63,68,71.1,58.5,69.1,83.3,82.9,79,80.1,73,86,81.3,71.06
64.04,69.8,73.94,87.8,89.06,84.92,104.9,89.06,64,72,73.9,61,70,84.9,84.9,81.9,81,72,88,85.6,71.78
64.04,68,73.58,89.6,91.04,86,106.88,91.94,64,73,75.9,64.9,73,86,87.1,83.8,82.9,66.9,90,90,72.68
64.04,68,73.4,89.6,91.94,87.08,109.94,93.02,64,75,77,68.7,73,86.9,88,84.9,82.9,70,90,91.6,72.5
62.96,66.2,73.04,86,93.92,87.98,109.94,91.94,64,73,77,71.2,73.9,88,89.1,86,82.9,64,90,93.4,72.14
62.96,66.2,71.96,82.4,89.96,87.98,109.94,93.02,63,73.9,77,71.2,73.9,85.3,90,84.9,82,62.1,90,95,71.42
60.08,64.4,71.06,78.8,86,87.08,109.94,91.94,62.1,72,75.9,67.6,72,82.8,90,83.8,81,60.1,86,91.6,69.08
59,62.6,69.98,73.4,80.96,84.02,108.86,82.04,60.1,69.1,73,63.5,69.1,80.1,89.1,81.9,78.1,59,82,88.3,67.64
55.04,60.8,69.62,69.8,75.02,80.96,106.88,77,57,68,70,60.1,63,76.6,82.9,77,73.9,59,78.1,84.9,64.58
51.98,60.8,69.44,66.2,69.08,78.08,97.88,78.08,59,66.9,68,59,62.1,73.4,79,72,69.1,53.1,72.7,79.9,62.96
51.98,60.8,69.08,64.4,66.92,75.92,95.9,69.08,57.9,66,66.9,59.4,59,70,68,63.9,66.9,52,67.5,75,59.72
51.08,60.8,69.08,64.4,66.02,73.94,91.94,66.92,57.9,64,64,58.6,57,66.9,66,60.1,66,50,62.1,70,58.46
53.06,60.8,69.08,64.4,66.02,71.06,91.94,64.04,57.9,63,64,56.8,54,64,64,56.3,63,48,59,67.6,57.2
53.06,60.8,69.08,64.4,64.04,69.08,88.88,64.94,57.9,63,62.1,56.8,54,61,62.1,53.8,61,48.9,56.1,65.3,55.76
53.96,60.8,69.08,66.2,62.96,68,86.9,62.06,57.9,63,61,56.8,52,57.9,66.9,50.7,61,48,53.1,63,57.38
53.06,60.8,69.08,64.4,60.98,66.92,86,60.08,57,61,60.1,56.1,48.9,55,57,47.8,59,48,51.4,59.4,57.02
53.06,60.8,69.08,64.4,60.08,64.04,86,55.04,57.9,61,61,55.6,48,52,55.9,47.8,59,48,49.6,55.6,55.58
53.06,60.8,69.08,62.6,57.92,62.96,86,57.02,57,60.1,61,55.8,51.1,55.4,57,46.9,57.9,48,48,52,54.14
53.96,59,69.08,61.34,60.08,64.04,83.84,62.06,57,60.1,61,56.7,53.1,58.6,59,46.9,60.1,48,54,56.3,56.66
53.96,60.8,69.08,62.6,64.94,69.08,83.84,69.98,57.9,60.1,62.1,56.3,59,62.1,64.9,52,63,48.9,60.1,60.6,58.82
57.92,60.8,70.7,64.4,69.08,71.96,86.9,77,60.1,63,63,56.8,64.9,66.4,70,61.9,66.9,53.1,66,64.9,59.9
60.08,60.8,72.32,69.8,75.02,75.92,92.84,82.94,62.1,64.9,66,57,69.1,70.7,75,70,71.1,55,70.7,69.6,61.88
59,62.6,73.94,75.2,78.98,80.06,97.88,87.08,64,69.1,69.1,59,71.1,75,78.1,75.9,75,59,75.4,74.3,65.48
59,64.4,74.3,80.6,82.94,84.02,102.92,89.96,63,72,72,61.7,75,76.6,81,79.9,79,57,80.1,79,67.28
62.06,66.2,74.66,82.4,87.08,86,105.98,91.94,62.1,73.9,73.9,63.9,75.9,78.4,84,82.9,82,59,82,84.4,66.74
64.04,68,75.02,84.2,89.06,87.98,109.94,96.08,64,73.9,75.9,66,78.1,80.1,88,85.3,84,62.1,84,89.6,67.28
64.94,69.8,74.66,86,91.04,89.96,111.92,96.08,63,78.1,77,64.4,79,78.6,90,86.9,86,62.1,86,95,68
64.94,69.8,74.3,84.2,93.02,91.94,113.9,96.98,61,80.1,79,65.3,79,77.4,91,88,84.9,64,86.4,93,69.08
64.94,66.2,73.94,82.4,91.94,91.94,113.9,98.96,61,79,79,63.9,80.1,75.9,91,88,84.9,64,86.7,91,69.62
66.92,68,73.04,78.8,91.04,91.94,113.9,98.96,60.1,79,80.1,61.2,79,73.2,91.9,86.9,84.9,64,87.1,89.1,69.08
62.06,64.4,71.96,75.2,87.98,91.94,113.9,96.08,60.1,77,81,58.3,78.1,70.7,91,84.9,84,63,83.1,87.1,67.64
60.08,60.8,71.06,71.6,80.96,89.06,111.92,87.98,60.1,75,80.1,57.9,73.9,68,90,82.9,81,62.1,79,84.9,66.2
59,62.6,70.7,66.2,75.92,84.92,106.88,82.04,60.1,69.1,77,57,70,64,84,77,75,60.1,75,82.9,64.76
57.02,60.8,70.34,66.2,69.98,82.94,104,78.98,59,66,69.1,56.3,66.9,59.9,81,70,72,57.9,69.1,77.9,64.4
55.94,62.6,69.98,64.4,68,78.98,100.76,75.92,55.9,62.1,66,55.2,64,55.9,75,68,70,55.9,63,73,64.4
53.96,62.6,69.98,64.4,68,78.08,97.88,71.06,55.9,60.1,66,54.9,62.1,55.9,66.9,64,72,55,57,68,63.32
57.02,62.6,69.98,64.4,66.02,75.02,95,64.94,54,59,64,54.7,60.1,55.9,70,59.9,70,55,54.3,66.4,63.14
57.02,62.6,69.98,64.4,64.04,73.04,93.92,66.02,55,57,62.1,53.8,57.9,55.9,64.9,57,69.1,53.1,51.6,64.6,62.24
57.02,62.6,69.98,64.4,64.04,69.08,93.92,60.08,55,55.9,61,53.4,57.9,55.9,63,53.8,64,51.1,48.9,63,60.8
57.02,62.6,69.98,64.22,64.04,69.08,92.84,62.06,55,55,61,53.2,54,55.9,64.9,50.7,63,48,50,61.7,59.9
57.02,62.6,69.98,64.4,64.04,66.92,91.94,55.94,55,52,60.1,53.1,54,55.9,64.9,47.8,61,46.9,50.9,60.3,59.18
57.02,62.6,69.98,64.4,60.98,66.02,90.86,55.94,55.9,51.1,61,53.2,55.9,58.6,62.1,46.9,61,46.9,52,59,58.64
57.02,62.6,69.98,64.4,62.06,66.92,89.96,57.92,55.9,52,62.1,53.2,59,61.3,57.9,47.8,60.1,45,57.9,61.7,60.08
57.02,62.6,69.98,66.2,64.04,73.04,89.96,71.06,57.9,55.9,62.1,53.4,62.1,64,66.9,52.9,63,52,64,64.2,61.16
57.92,62.6,71.6,69.8,69.08,78.08,91.94,80.96,57.9,62.1,62.1,53.6,64.9,67.1,73.9,61,66.9,55.9,70,66.9,60.8
55.94,62.6,73.4,73.4,71.96,82.04,95,86,62.1,66,63,53.8,68,70,79,70.9,72,61,72.7,71.6,61.16
57.92,64.4,75.02,78.8,75.92,86,98.96,91.94,64,69.1,63,57.4,70,73,82.9,77,77,64,75.4,76.3,62.06
59,66.2,75.74,82.4,78.98,89.96,102.92,93.92,64,73,64,60.6,75,74.7,84,79.9,75.9,68,78.1,81,61.88
57.92,68,76.28,84.2,82.04,93.92,105.98,96.08,64.9,77,64.9,63.7,77,76.5,86,83.8,75,70,80.8,84.6,64.94
62.06,68,77,87.8,84.92,96.08,108.86,98.06,68,81,68,64.8,80.1,78.1,90,86.9,77,73,83.3,88.3,65.12
62.06,69.8,76.28,87.8,87.98,96.98,109.94,98.96,69.1,84,72,66.2,81,79,91,90,81,75,86,91.9,65.84
62.06,69.8,75.74,87.8,89.06,98.06,111.92,100.04,66.9,86,73,66.6,82.9,80.1,93,88.9,84.9,75.9,86.7,92.3,66.56
62.06,69.8,75.02,82.4,87.08,98.06,113,100.04,66.9,88,73,67.6,84,81,93.9,88.9,84.9,79,87.3,92.7,67.1
62.06,64.4,73.76,82.4,84.92,98.06,111.92,98.96,66.9,87.1,73,66.4,82.9,79,93,88.9,86,78.1,88,93,66.74
60.98,62.6,72.32,78.8,80.06,98.06,111.92,96.98,66,84,73,64.4,82.9,77,91.9,87.3,81,78.1,84,87.3,66.02
59,60.8,71.06,77,75.02,95,109.94,87.98,64,80.1,71.1,60.8,79,75,90,83.8,70,75.9,79.9,81.7,64.58
57.02,60.8,70.7,73.4,68,89.96,106.88,87.08,61,73,70,58.3,73.9,72,86,79.9,72,73,75.9,75.9,62.78
57.92,59,70.34,71.6,64.04,86,104,73.94,57.9,68,68,58.1,71.1,69.1,81,54.9,71.1,69.1,70.7,74.3,62.06
57.92,59,69.98,71.6,62.96,84.92,99.86,77,57,66,66.9,58.5,69.1,66,70,63,68,66,65.3,72.7,59.9
59,57.2,69.98,69.8,62.06,82.04,97.88,75.92,55,63,64.9,57.9,62.1,63.3,66,57.9,66,64.9,60.1,71.1,57.92
59,57.2,69.98,68,62.06,80.06,95,64.04,54,64,64.9,57.4,62.1,60.6,66.9,56.3,66,54,59,70.3,57.38
57.92,57.2,69.98,68,60.98,77,91.94,62.06,53.1,60.1,64,57,62.1,57.9,64.9,55.9,64,51.1,58.1,69.8,55.4
57.92,57.2,69.98,68,60.98,73.04,86.9,59,53.1,59,64,57.2,59,54.7,63,55.2,63,52,57,69.1,56.48
57.92,57.2,69.98,66.2,60.98,71.96,83.84,62.96,52,55,63,57,57,51.3,63,54.5,61,55,54,68,54.5
57.02,57.2,69.98,66.2,60.08,71.06,83.84,55.94,51.1,55.9,63,57.2,55,48,69.1,54.1,61,50,51.1,67.1,54.14
57.02,57.2,70.34,66.2,60.08,69.08,83.84,55.04,48.9,53.1,62.1,57,59,51.6,72,54,57.9,51.1,48,66,55.58
57.02,57.2,70.7,66.2,60.98,68,83.84,59,51.1,55,62.1,56.5,61,55.4,66,59,57,51.1,53.1,67.3,55.4
57.02,57.2,71.06,69.8,64.04,71.96,84.92,73.04,55.9,57.9,63,55.4,64,59,70,57.9,59,59,57.9,68.7,57.2
57.02,59,73.04,73.4,68,78.98,88.88,80.96,62.1,64,63,55.4,68,63.7,75.9,65.8,66,68,63,70,59.72
57.92,59,75.02,77,71.06,84.02,92.84,87.08,64.9,70,64,55.8,73,68.4,82.9,70.9,73.9,73.9,67.6,68.4,61.16
59,60.8,77,82.4,73.94,87.08,95.9,93.02,64.9,73.9,66,57.9,80.1,73,86,68,79,79,72.3,66.6,62.96
60.08,62.6,77.72,82.4,75.92,91.04,99.86,96.08,66.9,77,69.1,59,84.9,75.4,89.1,72,84,82.9,77,64.9,65.3
60.08,62.6,78.26,84.2,80.06,96.08,104.9,98.06,68,82,71.1,63.7,87.1,77.7,93,75.9,86,84.9,79,66.6,66.38
62.06,64.4,78.98,87.8,82.94,98.96,105.98,98.96,69.1,84.9,70,67.5,89.1,80.1,91.9,75.9,87.1,86,81,68.4,66.56
62.06,64.4,78.62,89.6,84.92,100.94,107.96,100.04,69.1,89.1,71.1,68.4,89.1,81.7,93,79,79,88,82.9,70,65.84
60.08,64.4,78.44,87.8,84.92,102.02,109.94,102.02,68,90,72,66.4,89.1,83.3,96.1,81.9,82,88,84.4,70,65.66
60.98,64.4,78.08,87.8,87.08,102.02,110.84,100.94,68,91,72,67.3,89.1,84.9,98.1,83.8,82.9,88,85.6,70,65.12
60.98,62.6,76.46,86,84.92,100.94,111.92,100.94,66.9,91.9,73,65.5,88,81.9,99,86,82,88,87.1,70,67.82
60.98,60.8,74.66,80.6,82.04,98.96,111.92,98.96,64.9,91,71.1,63.3,84.9,79,95,72.9,80.1,87.1,83.7,68.9,67.64
59,60.8,73.04,77,78.08,95,110.84,87.98,64,86,68,60.8,80.1,75.9,90,74.8,75.9,84.9,80.4,68,67.46
55.94,60.8,72.68,73.4,73.04,91.04,106.88,80.96,62.1,79,66,59.2,73.9,73.2,87.1,74.8,72,80.1,77,66.9,64.04
53.96,57.2,72.32,73.4,69.08,87.08,101.84,78.98,62.1,73.9,66,58.3,71.1,70.7,84,70.9,71.1,78.1,75.4,66,62.78
53.06,57.2,71.96,71.6,66.92,84.02,95,73.04,61,73,64.9,56.8,66.9,68,79,59,70,75,73.6,64.9,61.16
53.06,55.4,71.6,71.6,64.94,80.06,91.94,69.08,55.9,70,63,56.7,64.9,63.7,75.9,56.7,71.1,75,72,64,60.98
53.96,55.4,71.42,69.8,64.04,78.08,91.94,71.96,53.1,66.9,63,55.9,60.1,59.4,75,54.3,66,66,71.1,62.8,56.12
55.94,55.4,71.06,69.8,64.04,77,89.96,68,52,63,62.1,55,57,55,73,53.1,64.9,66,70,61.3,55.04
55.94,57.2,71.06,69.8,62.96,73.94,88.88,62.06,51.1,63,57.9,55,55.9,53.8,70,51.4,64,61,69.1,60.1,55.04
55.04,55.4,71.06,69.8,62.06,71.96,87.98,60.08,50,60.1,59,55.4,55.9,52.3,72,50,60.1,62.1,67.5,58.6,54.14
55.04,55.4,71.06,69.8,60.98,71.06,87.98,62.06,48.9,59,57.9,54.9,54,51.1,71.1,48.7,61,57.9,65.7,57.4,53.24
55.04,59,71.42,68,60.98,69.08,86.9,60.08,48.9,57,57,54.7,52,54.7,75,47.8,55.9,57.9,64,55.9,51.08
55.04,59,71.6,68,62.06,71.06,87.98,64.94,50,59,59,55.6,55,58.5,73.9,48.9,60.1,61,65.3,58.6,54.5
55.04,60.8,71.96,69.8,66.92,73.94,88.88,75.02,54,64,61,56.3,61,62.1,75,54.9,59,64.9,66.7,61.3,57.2
55.04,62.6,74.66,71.6,71.06,78.08,89.96,82.94,60.1,69.1,64,57.2,66,65.3,77,61.9,64,64.9,68,64,60.62
55.94,64.4,77.36,77,75.02,84.02,92.84,89.06,63,73.9,66.9,59.4,71.1,68.7,79,68.9,72,75.9,72.3,67.1,61.7
55.04,66.2,80.06,80.6,78.08,84.02,97.88,93.92,64.9,77,72,61.7,72,72,82.9,77,77,75,76.6,70,63.86
60.08,68,80.06,84.2,82.04,93.02,101.84,98.96,69.1,82,73.9,63.5,73.9,73.9,87.1,80.4,84,81,81,73,65.48
60.08,71.6,80.06,87.8,84.92,96.98,102.92,100.94,71.1,87.1,80.1,67.1,77,76.1,88,82.9,84.9,88,82.6,75.4,67.82
60.08,71.6,80.06,87.8,87.08,98.06,104,102.02,71.1,91,82,68.5,79,78.1,89.1,86,89.1,91.9,84.4,77.7,69.62
60.98,73.4,79.7,89.6,89.06,98.96,106.88,102.92,72,95,82.9,69.3,78.1,78.4,91.9,86.9,91,93.9,86,80.1,70.7
60.98,73.4,79.34,87.8,89.96,100.04,110.84,104,70,96.1,84,70.5,80.1,78.6,93.9,88.9,91.9,93.9,86,81,70.52
59,75.2,78.98,87.8,89.06,100.94,110.84,102.92,69.1,97,82.9,71.6,78.1,79,96.1,89.4,90,96.1,86,82,71.06
57.02,71.6,77.72,84.2,87.98,98.96,110.84,102.02,66.9,97,84,70.9,80.1,75.7,95,88.9,90,91.9,86,82.9,69.26
55.04,69.8,76.28,80.6,84.92,96.98,109.94,97.88,64.9,93.9,82,69.1,77,72.3,95,86.9,90,93.9,82.6,80.2,69.26
53.96,66.2,75.02,78.8,80.06,93.02,106.88,91.04,64,89.1,78.1,66.4,75,69.1,91.9,83.8,86,91,79.3,77.7,67.28
53.96,64.4,74.3,78.8,75.92,87.98,102.92,82.94,63,81,73.9,63.1,69.1,66.7,89.1,79.9,82,79,75.9,75,61.88
53.06,64.4,73.76,75.2,73.04,84.92,99.86,82.94,60.1,79,72,60.8,64.9,64.4,84.9,74.8,75,73,70.9,72,59.9
53.06,62.6,73.04,75.2,69.98,82.04,97.88,80.06,59,73.9,70,59.4,61,62.1,82.9,70.3,71.1,71.1,66,69.1,58.28
53.06,60.8,72.68,73.4,66.92,77,95,78.98,59,72,69.1,57.6,59,61,81,66.7,68,71.1,61,66,56.66
53.96,59,72.32,73.4,64.94,75.92,92.84,75.02,57.9,70,66.9,56.3,59,60.1,80.1,63.1,66,70,56.3,63.7,54.68
53.96,57.2,71.96,73.4,62.06,73.04,91.94,73.94,57.9,66.9,64.9,55.2,61,59,77,60.8,64.9,66.9,51.6,61.3,55.4
53.96,57.2,71.96,71.6,60.08,71.06,91.94,68,57.9,63,64.9,54,57.9,55.4,75.9,58.1,64,66,46.9,59,53.96
53.96,57.2,71.96,71.6,59,69.08,88.88,68,57.9,64.9,63,52.9,57,51.6,73.9,55.4,64.9,63,45.3,57.4,52.7
53.96,55.4,71.96,69.8,59,66.92,88.88,66.92,57.9,62.1,62.1,52.5,57.9,48,72,53.1,60.1,61,43.7,55.6,51.8
53.06,53.6,71.6,68,57.92,66.92,88.88,62.06,57.9,60.1,59,51.8,57,52.3,71.1,50.9,60.1,57,42.1,54,50.54
53.06,57.2,71.42,69.8,60.98,66.92,87.98,64.94,57.9,63,61,53.4,57,56.7,69.1,50.9,61,61,47.3,56.7,52.7
53.06,59,71.06,71.6,66.92,71.06,87.98,75.02,59,66.9,64,53.6,59,61,73,59,63,70,52.7,59.4,56.84
53.96,60.8,71.96,75.2,73.04,75.02,91.94,82.94,62.1,72,66.9,57.6,64,64.6,79,64.9,66,73.9,57.9,62.1,60.08
53.96,62.6,73.04,80.6,78.08,80.06,95,89.06,66,77,69.1,59.5,71.1,68.4,79,72.9,72,81,64.2,66.7,63.14
53.96,64.4,73.94,84.2,82.94,84.92,97.88,93.92,68,81,72,62.8,75,72,82,79.5,75,86,70.7,71.2,65.48
60.08,66.2,75.56,86,86,87.98,102.92,98.06,73,86,75.9,64.2,78.1,73.9,84.9,84.9,77,87.1,77,75.9,65.66
59,68,77.36,91.4,89.96,91.94,104,98.96,75,91,78.1,67.1,79,76.1,90,88,78.1,91,79,78.6,66.38
59,69.8,78.98,91.4,93.02,93.92,106.88,100.94,79,93.9,80.1,71.1,82,78.1,91.9,90,77,93,81,81.3,66.74
59,69.8,78.98,89.6,96.08,96.98,108.86,102.02,81,97,82,72.7,82.9,78.8,93,91.9,79,93.9,82.9,84,67.82
59,69.8,78.98,87.8,96.08,98.06,110.84,102.02,81,99,82.9,74.7,82.9,79.3,95,92.8,79,93.9,83.7,83.3,68
57.02,68,78.98,84.2,96.98,98.96,110.84,102.02,79,98.1,82,74.8,82.9,80.1,97,92.8,80.1,96.1,84.2,82.8,68.36
55.04,66.2,77.36,86,96.08,98.96,110.84,100.04,78.1,97,79,74.1,82.9,77.4,97,92.8,78.1,95,84.9,82,69.8
53.96,64.4,75.56,84.2,93.02,96.08,108.86,96.08,75.9,90,75.9,74.8,81,74.7,96.1,79.9,77,91.9,81.9,79,67.64
53.06,62.6,73.94,80.6,87.98,93.02,105.98,91.04,70,87.1,73,71.2,77,72,93.9,84.9,75,87.1,79,76.1,66.2
53.06,60.8,73.58,75.2,82.04,87.08,97.88,87.08,66,82,70,67.3,75,67.6,88,77,71.1,79,75.9,73,61.52
51.98,59,73.4,73.4,77,84.92,97.88,82.04,62.1,78.1,69.1,67.8,66,63.3,84.9,68,68,78.1,68.9,70.7,60.8
53.06,57.2,73.04,71.6,73.94,80.96,95.9,78.08,59,75,68,64.2,66.9,59,77,72.9,66.9,71.1,62.1,68.4,62.6
53.06,57.2,72.68,69.8,73.94,78.08,95,77,60.1,71.1,66.9,63.9,64.9,57.4,68,67.8,66,70,55,66,57.92
53.06,59,72.32,69.8,69.08,75.02,92.84,71.96,59,70,66,62.4,63,55.6,70,62.8,63,68,52.3,64,55.76
53.06,57.2,71.96,69.8,68,73.04,95,73.04,55.9,69.1,64.9,61.3,63,54,68,59,61,66.9,49.6,62.1,55.4
53.06,57.2,71.6,71.6,66.92,71.06,95.9,66.92,55.9,66.9,64,58.3,61,52.7,66,54.7,60.1,66,46.9,60.1,53.6
53.06,54.5,71.42,69.8,66.02,68,93.92,68,55.9,64.9,63,58.5,57.9,51.3,64,50.5,59,69.1,45.7,57.7,52.88
53.06,51.8,71.06,68,64.04,68,93.92,64.04,55.9,63,61,54.7,57,50,64.9,46.6,59,69.1,44.2,55.4,53.78
53.06,53.6,71.42,68,62.96,68,93.92,64.04,55,62.1,60.1,54.3,55.9,53.4,61,43,57.9,63,43,53.1,53.42
53.06,53.6,71.6,68,64.94,68,90.86,62.96,55.9,63,60.1,54.9,60.1,56.7,60.1,61.9,59,66,49.3,57,56.48
53.06,60.8,71.96,71.6,69.98,71.96,89.96,73.94,62.1,66.9,61,59.7,63,60.1,69.1,68,63,72,55.8,61,59.36
53.06,62.6,74.66,73.4,75.02,78.98,90.86,80.06,68,72,63,64,68,65.1,75,72.9,66,78.1,62.1,64.9,63.5
53.06,64.4,77.36,75.2,80.96,84.02,92.84,87.08,71.1,78.1,66.9,69.1,72,70,79,74.8,70,82,66.4,68.5,65.3
53.96,66.2,80.06,80.6,84.02,87.98,96.98,93.02,71.1,82,69.1,72,75.9,75,81,77.9,75,87.1,70.7,72.3,64.58
57.02,69.8,80.06,84.2,89.06,91.94,98.96,95,78.1,86,71.1,74.3,81,77.4,82.9,79.9,77,87.1,75,75.9,66.38
60.08,75.2,80.06,87.8,93.92,95,101.84,98.06,82,89.1,75,77.2,82,79.7,87.1,82.9,81,91,78.3,79.7,67.1
59,80.6,80.06,89.6,98.06,98.06,104.18,98.06,84,93,78.1,79.2,84,82,91,85.3,82.9,91,81.7,83.3,67.46
60.08,80.6,78.62,89.6,100.04,100.04,105.98,98.96,84,96.1,80.1,80.8,84,82.8,93,86.9,84,91,84.9,87.1,69.08
59,80.6,77.36,86,102.92,100.04,107.96,96.98,81,98.1,81,81,86,83.3,93.9,88,84,91,86.5,87.1,67.28
57.92,78.8,75.92,84.2,100.94,100.04,106.88,98.96,82,99,80.1,81.9,86,84,95,88,84,90,88.3,87.1,67.82
59,75.2,74.3,82.4,100.94,98.06,106.88,96.08,79,98.1,80.1,81.5,87.1,81.3,95,86,84,90,90,87.1,66.92
57.92,73.4,72.68,77,98.96,96.08,104,93.02,75,93.9,78.1,79.9,86,78.6,93.9,84.9,82.9,88,86.4,84.7,66.2
55.94,69.8,71.06,75.2,93.92,91.94,100.94,89.96,66.9,89.1,75,76.5,82,75.9,93,77,80.1,84.9,82.6,82.4,65.48
55.94,66.2,71.06,71.6,89.06,87.98,97.88,82.94,63,82.9,72,72.1,77,70,87.1,75.9,77,79,79,80.1,64.4
55.94,64.4,71.06,71.6,82.04,84.02,96.98,78.98,60.1,78.1,70,71.6,79,63.9,81,72,75.9,75,72.3,76.5,63.68
55.94,60.8,71.06,69.8,80.06,80.06,91.94,78.08,60.1,75,66.9,71.1,73,57.9,78.1,68,73,75,65.7,72.7,61.52
55.94,60.8,70.7,69.8,75.92,75.92,92.84,75.02,57,75.9,64.9,69.6,72,59.5,66.9,63.9,73,73,59,69.1,60.26
55.94,59,70.34,69.8,73.04,75.02,89.96,71.96,59,73.9,63,68.9,66.9,61.3,66.9,59.7,72,73,55.9,66,57.56
55.94,59,69.98,68,71.96,71.96,89.96,69.98,55.9,72,62.1,66.6,64.9,63,69.1,56.7,66.9,64,53.1,63.1,57.92
55.94,55.4,69.98,68,71.96,69.98,90.86,69.08,55.9,68,61,64,63,62.2,66.9,53.2,64.9,63,50,60.1,57.74
55.94,60.8,69.98,66.2,71.06,69.08,86.9,64.94,55,66.9,59,60.1,63,61.7,62.1,50,63,64.9,50.4,58.1,55.58
55.94,55.4,69.98,66.2,69.08,66.02,86.9,62.06,55,68,59,57.2,62.1,61,59,50,64,64,50.7,55.9,54.5
55.04,53.6,69.98,68,68,66.02,86.9,60.98,54,66,57.9,59.2,62.1,63,59,50,60.1,64.9,51.1,54,55.22
55.04,53.6,69.98,69.8,69.08,66.02,86.9,60.98,55,64.9,57.9,62.2,64,64.9,57.9,47.8,60.1,64,55.4,56.7,54.5
53.96,62.6,69.98,71.6,77,71.06,86.9,73.04,61,66,60.1,64.4,69.1,66.9,66,50,61,66.9,59.7,59.4,57.2
55.04,66.2,70.7,73.4,82.94,75.02,87.98,80.96,69.1,70,62.1,67.5,73,70.3,73,52,64.9,69.1,64,62.1,60.8
55.04,69.8,71.24,75.2,87.08,78.98,89.96,86,71.1,75,66,71.8,77,73.6,79,54,68,72,67.3,67.1,64.4
55.94,73.4,71.96,80.6,91.94,84.02,91.94,89.96,73.9,79,70,74.5,82,77,80.1,56.8,75,75,70.7,72,65.84
57.92,78.8,72.68,86,95,87.98,92.84,93.92,75,82,73.9,77.7,88,80.4,84,59.9,79,78.1,73.9,77,68.18
57.92,80.6,73.22,89.6,98.06,91.04,95.9,96.98,82.9,88,79,79.9,90,83.7,87.1,61.9,84.9,80.1,77.9,80.4,69.44
57.92,80.6,73.94,93.2,100.04,93.92,97.88,98.06,86,88,82.9,82.9,91,87.1,91,63.9,87.1,81,82,83.7,69.62
57.02,84.2,74.3,93.2,102.92,93.92,99.86,98.96,87.1,84.9,86,84.9,93,86,93.9,66.9,89.1,82.9,86,87.1,69.98
57.92,87.8,74.66,91.4,104,95,99.86,98.06,87.1,71.1,88,86.5,93,85.1,96.1,66.9,90,84.9,87.1,83.1,70.88
57.02,84.2,75.02,87.8,102.92,95,101.84,98.06,86,71.1,87.1,86,93,84,97,68,90,88,88,79,69.44
57.02,84.2,73.94,84.2,98.96,95,100.94,96.08,81,69.1,86,85.6,91.9,82.8,96.1,68,90,87.1,89.1,75,68
55.94,82.4,73.04,78.8,93.92,93.02,100.76,91.94,80.1,68,84,82.4,91,81.3,96.1,66.9,90,86,85.5,73.4,68.72
55.04,78.8,71.96,75.2,87.98,87.98,99.14,87.98,77,68,81,78.8,88,80.1,91.9,64.9,87.1,84.9,81.7,71.6,66.56
55.04,75.2,71.6,73.4,82.94,84.02,95.9,80.06,70,66.9,78.1,73.4,82,75,88,61.9,81,81,78.1,70,64.4
55.04,71.6,71.42,73.4,80.06,80.96,93.92,80.06,66.9,66,75.9,75.7,73.9,70,80.1,57.9,79,77,71.4,66.7,63.32
55.04,69.8,71.06,71.6,75.02,78.08,91.94,75.02,63,66,73.9,74.1,71.1,64.9,75,55.9,78.1,75,64.6,63.3,58.82
55.04,64.4,71.06,71.6,71.96,75.02,90.86,75.92,62.1,64,71.1,67.8,73,63,69.1,52.3,73.9,72,57.9,60.1,58.28
53.96,64.4,71.06,69.8,69.98,71.96,88.88,68,61,64.9,69.1,64.2,72,61,71.1,48.9,71.1,70,61,58.5,57.56
55.04,60.8,71.06,69.8,68,69.98,87.98,62.96,60.1,64.9,69.1,64.2,68,59,69.1,46.6,69.1,71.1,63.9,56.7,59.36
55.04,64.4,70.7,69.8,66.92,68,87.98,59,61,64.9,66.9,62.1,66,57.7,70,43.9,66,70,66.9,55,57.56
55.04,62.6,70.34,68,64.94,66.02,87.98,57.92,60.1,64.9,63,60.3,64.9,56.3,68,41.2,63,64,61.9,52.7,56.3
55.04,60.8,69.98,68,62.96,64.94,86.9,55.94,59,64,63,59,63,55,70,38.8,62.1,59,57,50.4,55.76
53.96,62.6,70.34,68,62.96,64.04,86.9,51.98,60.1,64,60.1,58.3,62.1,58.1,69.1,36,59,62.1,52,48,54.86
53.96,57.2,70.7,69.8,62.96,64.04,86.9,53.96,62.1,63,62.1,62.2,66.9,61,66,38.1,55.9,59,57,51.6,57.2
53.96,68,71.06,71.6,66.02,64.04,86.9,66.92,69.1,63,64,66.9,71.1,64,73,45,55.9,68,61.9,55.4,60.44
55.94,73.4,71.78,73.4,69.98,71.96,88.88,75.92,75.9,64,69.1,70.7,75,68.4,79,52,57,77,66.9,59,63.68
55.04,77,72.32,78.8,73.04,78.08,90.86,82.94,82,66,73.9,73,80.1,72.7,80.1,61,59,80.1,70.3,64.6,66.2
57.02,80.6,73.04,82.4,77,82.94,91.94,87.98,89.1,69.1,79,74.8,86,77,82.9,66.9,62.1,84.9,73.6,70.3,66.56
57.02,86,73.94,84.2,80.96,87.08,95,91.04,93,75,82.9,76.1,91,80.4,88,68.9,62.1,86,77,75.9,68.36
59,89.6,75.02,87.8,84.02,93.02,95.9,95,95,78.1,87.1,77.7,93,83.7,91.9,73.9,64,89.1,79,77.9,69.08
59,93.2,75.92,89.6,87.98,95,93.92,96.08,91,80.1,91,81.3,93.9,87.1,93.9,77.9,66,91.9,81,80.1,70.7
60.08,91.4,75.56,87.8,89.96,98.06,90.86,96.98,93,82,95,83.3,95,87.4,96.1,79.9,66,93,82.9,82,72.32
62.06,87.8,75.38,86,89.96,98.06,93.92,98.06,95,84.9,97,82.4,95,87.6,95,81.9,66.9,91.9,84,80.8,72.68
60.98,87.8,75.02,86,87.98,98.06,95.9,96.98,88,87.1,97,84.9,93.9,88,99,82.9,68,88,84.9,79.3,72.5
60.98,86,74.3,82.4,87.08,98.06,95.9,96.08,90,88,98.1,83.3,93,84.9,98.1,81,66.9,88,86,78.1,72.32
60.08,80.6,73.76,80.6,82.94,96.08,93.92,93.02,87.1,87.1,96.1,82.4,91,82,95,79,66.9,89.1,82.4,75.7,69.08
55.94,77,73.04,77,78.08,91.94,92.84,86,82.9,82,91.9,77.5,87.1,79,91.9,75,64.9,86,78.6,73.4,69.8
53.96,75.2,72.68,73.4,73.04,87.08,91.94,82.04,82,73.9,84.2,73.9,82,73.4,88,69.3,62.1,82,75,71.1,65.84
48.92,69.8,72.32,73.4,69.98,84.02,91.94,82.04,73.9,70,81,74.8,81,67.6,80.1,64.9,60.1,75,69.6,68.7,64.4
48.92,71.6,71.96,73.4,66.02,80.96,90.86,75.02,71.1,68,79,73.6,79,62.1,73.9,61.9,60.1,75,64.4,66.4,60.08
51.08,69.8,71.6,71.6,64.04,78.08,88.88,69.08,69.1,66,75,69.1,77,60.1,78.1,59.5,57.9,75.9,59,64,59.36
53.96,66.2,71.42,71.6,62.96,75.92,86.9,66.02,68,64,75,69.1,73.9,57.9,75,57.2,57.9,66.9,57,62.8,59
53.06,66.2,71.06,69.8,60.98,66.02,87.98,64.04,66.9,63,71.1,66.4,70,55.9,69.1,55.9,55.9,68,55,61.3,57.56
53.96,59,71.06,69.8,60.98,66.02,86.9,60.98,64.9,61,69.1,62.1,68,54.7,71.1,54.3,57,61,53.1,60.1,56.66
53.96,62.6,71.06,68,60.08,68,87.98,60.98,64,61,66.9,65.1,66,53.2,70,52.9,55,63,51.1,59.4,56.84
53.96,57.2,71.06,68,60.08,66.02,86.9,59,63,61,68,64.4,64.9,52,66.9,52,55,64.9,48.9,58.6,55.4
53.96,59,71.06,68,59,62.96,86,55.04,63,60.1,64.9,63.3,63,55,66.9,55.9,53.1,63,46.9,57.9,55.58
53.96,60.8,71.06,66.2,60.08,66.92,83.84,60.08,63,61,66,62.6,63,57.9,64,50.9,54,63,54,59.5,57.2
53.96,66.2,71.06,68,64.04,69.98,86.9,69.98,71.1,61,68,67.3,64,61,68,55.9,55.9,72,61,61.3,58.1
53.96,73.4,73.4,71.6,66.92,77,89.96,77,75.9,63,70,69.8,66.9,67.6,72,63.9,62.1,75,68,63,60.8
53.96,73.4,75.74,75.2,71.06,84.02,92.84,82.94,81,64.9,73,72.5,71.1,74.3,78.1,72.9,64,82,71.4,66.6,64.4
57.02,77,78.08,78.8,73.94,87.08,95.9,87.98,86,66.9,75,73.8,73.9,81,81,79,68,87.1,74.7,70.3,66.56
57.02,80.6,78.08,82.4,78.08,91.04,98.96,89.96,80.1,68,78.1,75.7,79,84,82.9,84.9,72,89.1,78.1,73.9,69.8
57.92,86,78.08,84.2,82.94,95,101.84,95,84,71.1,82,79,80.1,86.9,86,88.9,73.9,89.1,81.3,76.6,73.04
57.92,82.4,78.08,84.2,84.02,98.06,104.9,96.08,82.9,75,84.9,81,82,90,88,90.9,78.1,90,84.7,79.3,72.5
57.92,82.4,77.36,84.2,87.08,100.94,105.98,96.98,82.9,81,87.1,84.9,82,89.6,89.1,90,80.1,91,88,82,72.5
57.02,80.6,76.64,82.4,89.06,102.02,106.88,96.98,84,84,88,86.4,82.9,89.4,91,88.9,81,93,88.3,82.9,72.68
57.02,77,75.92,82.4,87.98,100.04,108.86,98.06,80.1,84.9,90,88.2,82.9,89.1,93,88,82,89.1,88.7,84,68.9
59,73.4,74.66,80.6,86,100.04,108.86,96.08,79,82.9,90,89.2,82,85.1,93,88,82,90,89.1,84.9,69.8
55.94,69.8,73.22,77,82.04,98.06,107.96,91.94,78.1,82,88,87.3,81,81,91.9,86,81,88,84.7,82.2,66.92
55.04,68,71.96,73.4,77,91.94,106.88,87.08,73.9,79,82.9,85.8,77,77,90,84.9,78.1,82.9,80.2,79.7,65.48
53.96,64.4,71.96,73.4,71.96,87.08,104,84.02,64,73.9,78.1,78.1,72,73.9,84,79.9,73,78.1,75.9,77,63.5
50,62.6,71.96,71.6,69.08,82.94,100.94,82.94,62.1,71.1,73,73.4,69.1,71.1,77,75.9,70,71.1,70,73,59.18
51.98,60.8,71.96,71.6,66.02,78.08,98.96,80.96,61,66.9,70,72.5,69.1,68,75,72.9,68,70,63.9,68.9,58.1
53.96,57.2,71.96,71.6,64.04,75.02,98.96,78.98,59,66,66.9,65.1,66.9,66,68,70.9,68,71.1,57.9,64.9,58.64
53.96,57.2,71.96,69.8,62.06,71.96,96.98,75.92,60.1,64.9,66,61.5,64,64,63,68.2,66,68,55.9,62.2,55.4
53.96,57.2,71.96,68,59,69.98,95,73.94,60.1,63,63,61,57.9,62.1,66.9,66.6,64,66.9,54,59.7,55.04
53.96,53.6,71.96,66.2,57.92,68,93.92,69.08,60.1,59,62.1,60.4,55.9,61,64,64.6,63,66,52,57,53.24
55.04,53.6,71.96,66.2,57.02,66.02,91.94,66.02,59,59,60.1,57,54,60.1,62.1,62.6,63,64.9,50.7,55.4,53.24
55.04,53.6,71.96,64.4,55.94,64.04,90.86,66.02,59,55.9,59,54.5,52,59,57.9,61,61,64.9,49.3,53.6,52.88
53.96,53.6,71.96,64.4,53.96,64.94,87.98,62.96,57.9,55.9,57.9,55.8,51.1,61,55.9,57.9,60.1,66,48,52,51.44
53.96,53.6,71.96,64.4,55.04,62.96,86.9,66.02,57,55.9,59,56.8,53.1,63,52,56.8,59,64.9,54,54.7,52.16
55.04,57.2,71.96,64.4,60.98,64.94,89.96,73.94,57.9,60.1,59,58.3,57.9,64.9,59,57.9,63,69.1,60.1,57.4,55.22
55.04,60.8,72.68,69.8,66.92,68,95,78.08,59,64,60.1,60.3,63,69.3,70,59.9,64,73.9,66,60.1,58.1
55.04,62.6,73.22,73.4,71.96,73.04,101.84,82.94,60.1,69.1,62.1,62.4,64.9,73.8,73.9,63,66,79,70.3,64.8,60.44
55.94,66.2,73.94,78.8,75.92,75.92,104,87.98,61,72,63,65.1,70,78.1,77,65.8,75.9,82,74.7,69.3,62.42
55.94,69.8,75.38,80.6,80.96,80.06,105.98,89.96,63,75.9,66.9,65.8,71.1,81.7,82,68.9,78.1,82.9,79,73.9,65.3
55.94,73.4,76.64,84.2,86,84.92,107.96,93.02,66,79,72,68.7,73.9,85.5,84.9,72,82.9,84.9,82,77.9,66.38
59,71.6,78.08,84.2,87.98,87.98,106.88,93.92,66,84.9,78.1,70.2,75.9,89.1,87.1,75.9,84,88,84.9,82,69.8
60.98,71.6,77,86,89.96,89.96,109.94,96.98,64.9,87.1,81,70.7,77,88.7,90,77.9,84.9,90,88,86,69.98
62.06,73.4,76.1,86,91.04,91.94,111.92,98.96,64.9,88,84,71.2,79,88.3,91.9,79.9,82.9,87.1,88.3,86,69.98
60.08,69.8,75.02,82.4,93.02,91.94,108.86,91.04,64,89.1,84.9,72.1,77,88,93.9,79.9,84.9,87.1,88.7,86,70.88
60.08,68,73.94,80.6,91.04,91.04,108.86,91.04,63,88,88,71.1,79,84.7,93.9,79,84,88,89.1,86,71.06
59,66.2,73.04,75.2,86,91.04,107.96,89.06,62.1,86,86,70,77,81.3,93.9,79,79,86,84.7,84.7,69.8
57.02,62.6,71.96,73.4,80.06,87.08,104.9,84.92,61,82,82.9,67.6,72,78.1,91.9,75.9,78.1,82.9,80.2,83.3,73.4
53.06,59,71.6,71.6,73.94,84.02,99.86,82.94,60.1,77,79,64.8,68,77,88,70,78.1,79,75.9,82,67.1
51.98,57.2,71.42,71.6,69.98,80.96,97.88,82.04,60.1,72,75.9,61.2,64.9,76.1,80.1,65.8,77,75,75,76.6,62.24
50,55.4,71.06,69.8,66.02,77,96.98,80.06,60.1,69.1,73,60.3,61,75,70,62.8,73,72,73.9,71.4,59.72
48.92,55.4,71.06,68,62.96,73.94,95.9,75.02,59,68,71.1,61.9,55,72.7,73,60.8,73,73,73,66,57.74
46.94,55.4,71.06,66.2,60.08,71.06,95,71.96,59,66,69.1,61.9,57.9,70.3,70,58.8,66.9,72,70.7,62.4,58.28
53.96,55.4,71.06,64.4,60.08,69.08,92.84,68,59,66,68,61.5,55.9,68,64.9,58.1,69.1,70,68.4,58.6,58.1
51.08,55.4,71.06,64.4,60.08,66.92,95,66.02,59,64.9,64.9,58.1,54,65.3,64.9,56.8,69.1,64.9,66,55,57.92
48.92,55.4,71.06,64.4,57.92,66.02,86.9,64.04,59,64,64,56.5,51.1,62.8,62.1,55.8,70,59,64.8,53.4,55.04
51.08,53.6,71.06,64.4,59,64.04,86.9,60.08,59,62.1,63,55.8,45,60.1,60.1,54.9,70,59,63.3,51.6,54.5
51.98,53.6,71.06,64.4,57.92,62.96,86.9,60.98,59,61,61,57.6,50,61.7,55.9,45,63,55,62.1,50,54.5
51.08,55.4,71.06,62.6,57.02,62.96,89.96,62.96,59,62.1,60.1,58.8,55.9,63.3,57,48.2,64.9,57.9,63.7,53.4,56.84
53.96,57.2,71.06,64.4,62.06,66.92,88.88,71.96,59,63,61,61.3,59,64.9,62.1,55.9,68,63,65.3,56.7,58.1
60.98,60.8,72.32,64.4,66.92,71.96,89.96,80.96,60.1,68,62.1,64.2,63,70.3,72,59.9,75.9,68,66.9,60.1,62.24
60.98,62.6,73.76,69.8,71.06,75.92,93.92,86,61,70,64,66.6,64,75.6,75.9,64.9,73.9,73.9,69.6,65.1,65.12
60.98,64.4,75.02,73.4,75.02,80.06,95.9,91.04,61,73.9,69.1,69.6,66.9,81,80.1,70,70,79,72.3,70,66.02
62.06,68,75.74,75.2,78.08,84.02,97.88,93.02,62.1,75.9,75,72.5,69.1,83.7,80.1,74.8,73.9,82.9,75,75,72.5
60.08,69.8,76.28,78.8,80.96,87.08,99.86,96.98,64,79,81,74.5,71.1,86.4,84,77.9,77,84,77.4,80.6,68.54
62.06,71.6,77,80.6,84.02,91.04,101.84,98.96,66,82.9,84.9,75.9,75.9,89.1,88,81,77,86,79.7,86.4,69.8
62.06,71.6,76.28,82.4,84.92,91.94,104,100.94,64.9,84,88,77.2,73.9,87.6,89.1,83.1,75.9,88,82,91.9,71.6
64.04,69.8,75.74,80.6,86,93.02,104.9,100.04,66.9,84.9,90,78.3,70,86.4,91,84.2,66.9,88,82.8,92.3,72.5
64.04,69.8,75.02,78.8,84.92,93.02,105.98,98.96,64.9,84.9,91.9,77.2,69.1,84.9,93,84.9,66.9,88,83.3,92.7,73.58
60.98,68,73.94,77,82.94,93.02,105.98,98.06,63,84.9,91.9,76.3,69.1,82.6,91.9,84.9,60.1,86,84,93,74.84
62.06,64.4,73.04,71.6,78.08,91.04,104.9,96.98,62.1,82.9,89.1,73.9,69.1,80.4,82.9,83.3,60.1,86,81,90,73.4
62.06,62.6,71.96,69.8,73.94,87.08,102.92,93.92,61,77,84,70.7,66.9,78.1,73.9,79.9,57.9,84,78.1,87.1,71.06
60.08,60.8,71.6,66.2,69.98,84.02,98.96,89.06,60.1,73.9,79,67.8,64,76.5,73,74.8,59,75,75,84,66.2
57.02,59,71.42,64.4,66.92,80.96,96.98,87.08,60.1,70,75,68.5,61,74.7,70,70.9,55.9,71.1,72.7,82.4,61.34
55.04,57.2,71.06,64.4,64.04,78.08,93.92,82.94,60.1,66,73.9,67.5,62.1,73,69.1,67.3,57,69.1,70.3,80.6,61.16
59,57.2,70.7,66.2,62.06,73.94,93.92,80.06,60.1,64.9,69.1,66.6,61,71.4,70,64.6,57.9,66,68,79,61.7
57.02,57.2,70.34,64.4,60.08,71.06,92.84,77,59,60.1,66.9,65.1,59,69.6,68,61.9,57.9,62.1,67.3,76.3,59
50,55.4,69.98,64.4,59,68,91.94,78.08,59,62.1,66.9,63,57.9,68,68,60.4,59,60.1,66.7,73.8,59.36
55.04,57.2,69.98,64.4,57.02,66.02,90.86,71.06,59,59,64,62.2,57.9,65.7,66.9,58.5,57.9,57,66,71.1,59.72
51.98,57.2,69.98,66.2,55.94,64.94,89.96,66.92,59,57,62.1,61.7,57,63.3,63,56.7,57.9,55.9,65.3,68.7,60.08
53.06,57.2,69.98,66.2,55.04,64.04,89.96,64.04,59,54,61,61.2,57.9,61,57.9,55.2,57,57,64.8,66.4,57.74
53.06,57.2,70.34,66.2,57.02,62.06,89.96,66.02,59,52,60.1,60.1,57.9,62.6,57,54,55,55.9,64,64,56.48
53.06,57.2,70.7,66.2,53.96,62.06,87.98,66.92,59,53.1,60.1,59.9,54,64.4,55,50.9,55.9,57,66,66.4,57.92
53.96,59,71.06,66.2,59,64.94,86.9,75.92,59,57,60.1,64.2,52,66,54,52,57.9,60.1,68,68.7,60.26
55.04,60.8,72.68,66.2,64.04,66.92,89.96,82.94,59,62.1,63,67.1,54,71.1,55,52,60.1,64,70,71.1,63.14
55.94,60.8,74.3,66.2,68,71.96,91.94,89.96,61,66,63,69.6,54,75.9,54,55.9,63,64,72.7,74.3,65.66
55.04,62.6,75.92,69.8,71.96,73.94,95.9,96.08,61,72,66,72.9,55.9,81,55.9,57.9,66.9,66,75.4,77.7,69.08
57.92,64.4,76.28,71.6,77,78.08,98.96,96.98,62.1,75,68,76.8,57.9,83.3,57,61.9,69.1,66.9,78.1,81,71.06
57.92,69.8,76.64,73.4,80.96,82.04,100.94,98.96,64.9,78.1,70,79,57.9,85.6,57,64.9,71.1,64.9,78.8,83.7,69.8
57.92,69.8,77,75.2,82.94,86,104,102.92,66,82.9,73,79.7,60.1,88,59,68,75,63,79.3,86.4,71.96
57.92,69.8,76.28,78.8,84.92,87.98,104.9,104,66,84.9,77,81,60.1,88.3,61,70,77,60.1,80.1,89.1,73.04
60.98,68,75.74,78.8,87.08,89.06,106.88,102.02,64,89.1,81,82.6,57,88.7,61,70.9,78.1,60.1,79,89.4,73.22
60.08,66.2,75.02,77,86,89.96,106.88,98.06,64,89.1,82,82.8,57.9,89.1,60.1,70.9,75.9,62.1,78.1,89.6,72.32
60.98,64.4,73.76,73.4,84.02,89.06,105.98,96.08,63,88,81,81.5,59,86.4,62.1,70,75.9,64,77,90,69.8
60.08,62.6,72.32,71.6,80.96,89.06,104.9,91.04,61,86,80.1,79.5,59,83.7,62.1,68.9,75,64.9,75.4,86.7,67.1
57.92,60.8,71.06,68,75.92,86,102.92,87.08,61,81,77,75.7,59,81,59,66.9,69.1,63,73.6,83.3,64.58
57.02,59,71.06,66.2,69.98,82.94,98.96,86,60.1,75.9,73,73.2,57.9,78.6,55.9,63.9,64,59,72,80.1,63.14
53.06,59,71.06,64.4,59,80.06,95.9,78.98,60.1,71.1,69.1,73.8,57.9,76.3,54,59,62.1,59,69.3,76.1,63.14
51.98,60.8,71.06,64.4,64.04,77,93.92,73.94,60.1,66.9,66,73.6,57.9,73.9,52,55.9,62.1,59,66.7,72,62.6
53.06,59,71.06,62.6,59,73.04,92.84,71.96,59,64,64,71.6,57,70.9,52,54.7,61,59,64,68,62.24
53.06,60.8,71.06,62.6,57.92,71.06,90.86,68,59,62.1,63,68.5,55,68,52,53.6,61,57.9,64,68,61.7
55.94,60.8,71.06,64.4,57.92,69.08,89.96,68,57.9,61,60.1,68.9,55,64.9,53.1,53.6,57.9,57,64,68,60.98
55.94,60.8,70.7,64.4,55.04,66.92,87.98,68,57.9,57,59,62.8,55,64.6,52,53.2,59,55,64,68,59.9
55.94,60.8,70.34,64.4,53.06,64.94,87.98,66.92,57.9,54,59,61.7,54,64.4,51.1,52.9,57,54,63.7,65.7,59.72
55.94,59,69.98,64.4,53.06,64.04,87.98,64.94,57.9,55,59,59.2,54,64,52,52.9,57,54,63.3,63.3,59.54
55.04,57.2,69.98,64.4,53.06,62.96,86.9,62.06,57.9,52,59,59.7,53.1,65.7,51.1,54,55,54,63,61,59
55.04,59,69.98,64.4,55.04,62.96,86,62.06,57.9,53.1,57.9,59.4,53.1,67.5,48.9,50.9,55.9,53.1,63.3,64,59
55.04,59,69.98,64.4,60.98,66.02,86,69.08,57.9,57.9,57.9,62.2,53.1,69.1,51.1,52.9,57.9,55,63.7,66.9,59.72
55.94,60.8,71.24,64.4,66.02,69.08,89.96,82.04,59,62.1,59,64.2,54,72.7,55,63,61,59,64,70,60.44
57.02,62.6,72.68,66.2,69.98,73.04,92.84,87.98,59,69.1,60.1,66.2,55,76.5,57,64.9,66.9,63,66,73.4,61.16
57.02,64.4,73.94,68,75.92,77,95.9,91.94,60.1,71.1,61,70,55,80.1,60.1,68.9,72,66,68,76.6,60.98
57.92,66.2,75.38,71.6,80.06,82.04,98.96,96.98,61,77,63,73,55.9,82.4,62.1,72,75.9,69.1,70,80.1,61.7
60.08,68,76.64,73.4,86,86,101.84,98.06,64,79,64.9,77,55.9,84.7,66,74.8,81,70,71.1,82.4,62.06
62.06,69.8,78.08,75.2,89.06,87.98,104.9,100.94,64,81,69.1,78.3,57,87.1,69.1,77,82.9,69.1,72,84.7,62.6
62.06,69.8,77.36,78.8,93.02,89.96,106.88,95,64,84.9,72,79.5,57,87.1,70,79.2,84.9,73.9,73,87.1,62.06
62.06,68,76.64,75.2,93.92,91.04,107.96,93.02,64,86,75,80.6,57.9,87.1,72,80.2,84.9,72,73.4,86,61.88
62.96,66.2,75.92,75.2,93.92,93.02,108.86,89.96,63,84,78.1,81.5,60.1,87.1,72,81,87.1,73.9,73.6,85.1,62.24
62.06,66.2,74.66,71.6,93.02,91.94,109.94,89.96,61,82,80.1,80.2,59,81.3,72,79.9,87.1,75,73.9,84,61.7
60.08,62.6,73.22,69.8,91.04,91.04,109.94,86,61,80.1,77,77.4,59,75.7,72,78.8,86,71.1,72.3,80.1,61.7
57.02,60.8,71.96,66.2,82.94,87.08,108.86,82.94,60.1,75,73.9,75.2,57.9,70,72,75.7,82,68,70.7,75.9,59.54
55.94,60.8,71.24,64.4,78.08,84.02,105.98,77,60.1,71.1,73.9,73,57,68.4,68,70.9,77,64,69.1,72,59.36
53.06,60.8,70.7,64.4,71.96,80.96,102.92,78.08,60.1,66.9,72,67.8,55.9,66.6,64,65.1,77,60.1,66,69.6,59.36
53.06,60.8,69.98,64.4,69.98,80.06,100.94,73.94,59,64,68,64.9,55.9,64.9,59,60.3,73.9,59,63.1,67.3,59.54
51.08,60.8,69.62,62.6,68,75.92,95.9,73.94,59,63,64,64.4,55.9,64.6,59,56.5,73,57.9,60.1,64.9,59.54
50,60.8,69.44,62.6,64.94,73.04,92.84,73.94,59,60.1,63,63.5,55.9,64.4,57,52.5,69.1,55.9,58.5,64,58.82
51.98,59,69.08,62.6,60.08,71.06,91.94,71.06,57.9,57,61,63.5,54,64,55.9,50,68,57,56.7,63,58.64
53.96,59,68.72,62.6,60.08,69.08,91.94,69.98,57.9,55,59,63,53.1,61.7,54,46.8,63,57.9,55,62.1,57.56
55.04,60.8,68.36,62.6,60.08,68,89.96,71.96,57.9,55.9,57.9,56.1,52,59.4,57,43.9,63,59,53.4,61,57.2
53.96,59,68,62.6,57.02,66.02,88.88,68,57.9,53.1,59,55.4,52,57,55,43.9,61,60.1,51.6,60.1,57.38
53.06,59,68,62.6,55.94,64.94,89.96,64.04,57.9,52,57.9,54.9,52,57.7,53.1,43.5,63,57,50,59,57.2
51.98,59,68,64.4,57.02,64.94,88.88,60.08,57.9,53.1,59,58.6,53.1,58.3,54,43.9,64.9,57,52,60.3,57.92
53.06,59,68,64.4,62.96,66.92,90.86,69.98,57.9,57,57.9,57.7,55,59,57.9,54.9,63,63,54,61.7,58.46
53.96,60.8,69.98,64.4,64.04,71.96,93.92,77,59,62.1,59,62.2,55,64.9,64,62.2,69.1,66,55.9,63,58.82
55.04,60.8,71.96,64.4,71.06,75.92,96.98,80.06,61,68,59,64.2,55.9,71.1,68,68.9,73,70,61.9,66,59.72
55.94,64.4,73.94,66.2,78.08,80.96,97.88,84.92,61,70,62.1,68.9,54,77,72,74.8,80.1,72,68,68.9,60.08
55.94,66.2,75.02,70.7,80.96,84.92,99.86,87.98,62.1,73,64,69.4,55,79,77,79.5,87.1,75,73.9,72,60.44
60.08,66.2,75.92,74.48,84.92,89.06,101.84,89.96,63,77,68,73.2,60.1,81,79,83.3,91,75.9,71.2,75.6,61.52
62.96,68,77,77,87.98,91.04,104,91.04,64,80.1,72,75.2,64.9,82.9,81,86.4,91.9,75.9,68.7,79.3,62.42
64.04,66.2,77,78.8,91.04,93.02,106.88,93.02,66,82.9,75,77.9,69.1,81.7,82.9,88.7,93.9,78.1,66,82.9,63.5
64.94,66.2,77,77,93.2,95,108.86,87.98,64,84.9,75.9,78.4,63,80.2,84.9,90,93.9,79,68.7,81.3,64.76
64.94,66.2,77,77,93.92,93.92,110.84,87.98,63,86,78.1,79.2,60.1,79,89.1,90.9,93.9,77,71.2,79.7,63.14
64.94,64.4,75.38,73.4,93.02,93.92,110.84,89.06,62.1,84,79,79,61,75.9,86,90,93.9,75,73.9,78.1,62.6
59,60.8,73.58,69.8,91.04,93.02,107.6,86,62.1,80.1,79,77.9,55.9,73,73.9,88.3,91.9,73.9,71.6,76.6,62.6
55.94,60.44,71.96,66.2,82.94,87.98,102.92,80.96,61,75.9,75,75.7,54,70,66.9,84.9,89.1,62.1,69.3,75.4,61.34
53.96,60.8,71.24,66.2,78.08,84.92,98.96,75.92,61,71.1,69.1,74.1,53.1,68.4,64,69.3,84,63,66.9,73.9,60.08
51.98,60.8,70.7,66.2,66.92,82.04,95.9,75.02,60.1,68,64.9,70.7,53.1,66.6,59,54.9,84,62.1,62.6,70,58.64
51.98,60.8,69.98,66.2,69.08,80.06,95,75.92,60.1,63,62.1,64.9,53.1,64.9,57.9,64.9,81,63,58.3,66,58.46
51.08,60.8,69.26,64.4,66.92,77,93.92,66.02,60.1,60.1,61,63.7,53.1,63.7,57.9,62.1,78.1,62.1,54,62.1,57.74
51.08,60.8,68.72,64.4,64.04,73.94,92.84,68,61,57.9,60.1,61.3,53.1,62.2,57,59.4,75.9,60.1,51.6,61.3,57.2
48.02,60.8,68,64.4,62.24,71.96,90.86,64.04,61,55.9,59,59.9,53.1,61,55,57.6,73,59,49.3,60.8,58.46
46.94,60.8,67.64,62.6,60.08,69.08,89.96,60.98,60.1,54,59,58.1,50,59.4,55.9,55.6,72,59,46.9,60.1,57.02
44.96,60.8,67.28,62.6,59,68,88.88,57.02,60.1,52,59,57.9,48.9,57.6,55,53.6,69.1,55,46.6,58.5,53.6
44.06,60.8,66.92,62.6,57.92,66.02,87.98,57.02,60.1,51.1,59,56.8,48.9,55.9,55,52,66.9,55,46.4,56.7,56.3
44.06,60.8,67.64,62.6,55.94,64.94,87.98,57.02,60.1,48.9,59,59.4,48,59.5,55,61,62.1,54,46,55,54.14
44.06,60.8,68.36,62.6,59,64.04,87.98,55.04,61,50,59,59.9,48,63.3,55.9,59.2,62.1,53.1,49.1,58.1,53.96
51.08,60.8,69.08,62.6,64.04,66.92,87.98,66.02,60.1,54,57.9,59.9,48,66.9,55.9,61.9,66,55,52,61,56.48
51.98,60.8,70.34,64.4,69.08,71.06,89.96,75.02,61,59,57.9,60.1,51.1,70.3,57,66.9,68,59,55,64,58.64
53.96,60.8,71.78,64.4,75.02,75.02,92.84,80.96,62.1,64.9,59,63,53.1,73.6,61,70,72,61,60.4,68,60.98
59,62.6,73.04,66.2,80.06,78.98,95.9,87.08,63,68,60.1,63.9,57.9,77,60.1,75,78.1,66,65.7,72,62.6
59,64.4,73.94,69.8,84.92,82.94,98.96,89.96,63,73,62.1,66.4,61,78.1,57.9,79,80.1,64.9,71.1,75.9,65.48
60.98,66.2,75.02,73.4,89.06,87.98,100.94,93.02,64,78.1,64,66.6,64,79,63,81.9,79,66.9,74.1,79.7,66.92
60.98,66.2,75.92,77,98.06,91.04,104,95,64.9,82,66,68.5,63,80.1,64,85.3,80.1,66.9,77,83.3,68.54
62.96,66.2,75.56,80.6,96.98,91.94,105.98,95,66,84,66.9,68.5,64.9,80.4,66,88,80.1,69.1,80.1,87.1,69.98
62.06,66.2,75.38,80.6,98.06,93.92,105.98,96.98,69.1,86,66.9,66.9,64.9,80.6,68,88.9,81,66.9,81.3,87.1,70.16
62.06,64.4,75.02,80.6,98.06,93.92,106.88,96.98,69.1,88,68,66,69.1,81,68,90,80.1,54,82.8,87.1,70.52
60.98,64.4,73.76,78.8,98.06,93.02,105.98,95,66.9,87.1,69.1,63.9,66.9,78.3,68,88.9,79,57.9,84,87.1,69.98
59,62.6,72.32,75.2,96.08,91.04,104.9,91.94,64.9,82.9,70,63.3,66,75.7,66.9,87.3,75.9,57.9,80.6,84.7,68.18
55.94,60.8,71.06,71.6,89.96,87.08,102.92,84.02,63,78.1,69.1,62.6,63,73,66,83.8,73,57,77.4,82.4,65.48
53.96,59,70.7,66.2,82.94,84.92,98.96,80.96,60.1,73.9,66.9,61.9,59,70.3,62.1,79,70,55,73.9,80.1,64.04
51.98,59,70.34,66.2,75.02,82.04,95.9,78.98,59,71.1,64.9,61,57.9,67.6,57.9,72.9,68,52,67.6,76.6,64.04
53.06,57.2,69.98,66.2,77,78.08,95,77,59,66.9,63,59,57,64.9,55,72.9,64,50,61.3,73.4,63.68
53.96,59,69.26,64.4,75.02,78.08,92.84,69.08,60.1,66.9,61,58.3,57,64.2,53.1,59,62.1,48,55,70,59.36
51.08,59,68.72,64.4,73.04,71.96,90.86,69.98,60.1,63,60.1,57.2,54,63.7,48.9,58.3,61,46,53.1,68,58.1
50,59,68,62.6,66.02,69.08,91.94,66.02,61,62.1,60.1,57.4,53.1,63,48,58.8,60.1,44.1,50.9,66,58.1
48.92,59,67.28,62.6,64.94,66.92,91.94,57.02,60.1,62.1,60.1,56.5,51.1,59.9,48,58.8,60.1,45,48.9,64,58.64
48.02,57.2,66.74,60.8,64.94,66.02,91.94,53.06,60.1,59,59,55.9,48.9,57,46.9,59,60.1,44.1,48.6,60.6,58.82
48.92,57.2,66.02,60.8,64.04,66.02,90.86,55.94,60.1,57,57.9,55.9,46.9,54,45,57.2,57,45,48.4,57.4,57.38
53.06,57.2,66.02,60.8,64.94,66.92,90.86,53.96,59,54,57,55,45,55.2,39.9,60.8,55.9,45,48,54,58.64
51.98,57.2,66.02,60.8,66.92,64.04,89.96,51.08,59,55,57,55.2,50,56.7,41,57.6,55,46.9,53.1,57,59.18
51.98,57.2,66.02,62.6,71.96,64.04,87.98,64.94,59,59,57.9,55.8,53.1,57.9,44.1,57.9,57,46.9,57.9,59.9,60.98
53.06,60.8,68,66.2,78.08,64.04,89.96,73.04,59,64,59,56.5,55.9,62.6,48.9,60.6,59,48,63,63,62.78
55.94,60.8,69.98,69.8,82.04,64.94,92.84,78.98,60.1,66.9,61,58.5,60.1,67.3,52,62.1,63,48,67.6,67.6,64.94
60.98,62.6,71.96,71.6,84.92,69.08,96.98,84.02,61,72,63,61.3,63,72,57,65.8,68,48,72.3,72.3,63.86
60.08,62.6,73.58,73.4,91.04,69.98,99.86,87.08,63,75,64.9,63.1,64.9,72.7,60.1,68.4,72,46.9,77,77,64.94
62.06,62.6,75.38,77,93.02,77,101.84,89.96,64.9,78.1,66.9,64.2,66.9,73.2,62.1,70,75,46.9,80.1,81.7,65.84
62.96,64.4,77,80.6,96.08,80.96,104,91.04,68,81,71.1,64.2,69.1,73.9,64,72,79,46.9,82.9,86.4,66.74
62.96,64.4,76.64,80.6,98.96,82.94,104.9,93.02,68,84.9,73.9,68.9,70,74.7,64.9,72.5,82.9,48,86,91,66.92
60.08,64.4,76.28,80.6,100.04,84.02,105.98,93.02,68,87.1,77,68.5,70,75.2,68,72,86,48,85.3,91.9,64.58
60.08,64.4,75.92,82.4,100.04,84.92,106.88,91.94,66.9,87.1,78.1,67.8,69.1,75.9,66.9,70,86,48.9,84.7,93,65.12
59,62.6,74.3,80.6,98.06,84.92,104.9,89.96,63,86,78.1,68.4,70,73.6,70,70.9,86,48.9,84,93.9,65.66
57.92,59,72.68,75.2,93.02,82.94,100.94,87.08,61,84,75.9,65.8,69.1,71.4,68,68.9,86,48.9,79.3,90.9,65.12
55.94,59,71.06,71.6,87.08,78.98,98.78,82.04,60.1,75.9,73,63.5,64.9,69.1,66,64.9,82.9,48.9,74.7,88,63.32
53.96,57.2,70.7,68,82.04,75.92,95,77,59,70,70,62.2,62.1,67.5,63,60.6,81,48,70,84.9,61.16
51.08,57.2,70.34,66.2,75.92,73.04,95,73.94,59,69.1,66.9,61,57.9,65.7,60.1,57.7,79,48,66.7,79.9,60.62
53.96,57.2,69.98,64.4,73.94,69.98,92.84,75.92,57.9,66,64.9,58.6,57,64,57.9,55.6,78.1,46.9,63.3,75,60.44
55.04,57.2,69.62,64.4,69.98,68,91.94,71.06,57.9,64.9,63,57.4,57,62.1,51.1,54.5,78.1,45,60.1,70,60.98
55.94,57.2,69.44,62.6,66.92,66.92,89.96,66.92,57.9,62.1,62.1,56.8,54,59.9,52,53.4,73.9,45,59,66.9,60.08
55.94,55.4,69.08,62.6,68,64.94,88.88,59,57,61,62.1,56.8,52,57.9,46.9,53.4,72,45,58.1,64,59.72
55.94,57.2,68.72,60.8,66.02,64.04,88.88,55.94,55.9,59,61,57.2,51.1,54.9,48,53.1,72,46,57,61,60.08
53.96,55.4,68.36,60.8,62.96,62.96,87.98,55.04,55.9,57.9,60.1,54,48,52,45,52.9,71.1,46,55.8,59.4,59.54
53.96,57.2,68,60.8,62.96,62.06,87.98,53.96,55.9,55.9,59,52.7,48.9,48.9,44.1,52.7,64,45,54.3,57.6,59.72
53.96,57.2,68,60.8,60.08,60.08,86,48.92,55,55,59,52.7,46.9,50.4,42.1,52.9,62.1,45,53.1,55.9,59.54
53.96,57.2,68,60.8,60.08,60.08,86.9,53.06,55,54,59,52.7,48.9,51.6,44.1,50,63,46,56.1,58.3,60.08
53.96,57.2,68,59,69.08,62.06,86,62.96,55,59,61,54.1,52,53.1,50,50,70,50,59,60.6,60.8
55.04,57.2,69.62,60.8,73.94,64.94,89.96,69.98,55.9,63,62.1,55.8,55.9,58.5,57.9,52.3,70,54,62.1,63,63.5
55.04,60.8,71.42,64.4,78.98,68,93.92,75.02,55.9,68,64,58.3,61,63.7,62.1,54,75.9,59,67.6,68,65.12
55.04,60.8,73.04,69.8,84.92,71.96,96.98,80.06,57,71.1,64.9,62.2,66.9,69.1,64.9,58.3,82.9,62.1,73.4,73,66.92
55.94,66.2,73.94,73.4,87.98,77,100.94,82.04,57.9,75,66.9,64.9,71.1,71.4,64.9,61.3,88,64.9,79,78.1,67.64
57.92,66.2,75.02,75.2,91.94,80.96,101.84,84.92,60.1,81,69.1,66.2,73,73.6,70,63.5,91,68,80.2,83.1,68
60.08,66.2,75.92,78.8,93.92,82.94,104,87.08,60.1,84.9,70,66.9,75,75.9,70,64.9,93,69.1,81.7,88,65.66
60.08,66.2,75.92,78.8,96.08,86,105.98,89.06,60.1,87.1,70,68.9,75.9,75,73,67.1,96.1,70,82.9,93,64.94
60.08,64.4,75.92,78.8,98.06,87.08,107.96,89.06,61,89.1,70,68.9,77,73.9,73.9,68,97,72,83.3,94.3,63.32
57.02,64.4,75.92,78.8,98.06,89.06,108.86,89.06,60.1,90,71.1,70.2,77,73,75,70,97,71.1,83.7,95.7,60.08
59,62.6,73.94,77,96.08,87.98,107.96,87.08,60.1,89.1,71.1,69.3,77,71.1,75.9,69.4,97,71.1,84,97,59.9
57.02,60.8,71.96,73.4,93.02,87.98,105.98,84.02,59,87.1,70,67.6,75,68.9,75,67.8,96.1,70,81.3,92.7,61.16
55.94,57.2,69.98,69.8,84.02,84.02,102.92,78.98,57.9,82,68,63.9,71.1,66.9,75,64.2,90,66,78.6,88.3,61.52
55.94,59,69.62,66.2,78.98,80.96,98.96,78.08,57.9,77,66,61.5,66.9,62.6,69.1,59,86,61,75.9,84,61.52
55.94,59,69.44,66.2,75.92,78.08,95,71.96,57.9,75.9,64,59,62.1,58.3,59,55,86,60.1,73.6,80.4,60.98
55.04,57.2,69.08,64.4,73.94,75.92,92.84,73.94,57.9,71.1,62.1,60.4,59,54,60.1,52,84,60.1,71.4,76.6,60.44
55.94,59,68.72,64.4,69.98,73.04,90.86,73.94,57.9,68,61,58.8,57.9,52,60.1,48.2,80.1,55.9,69.1,73,60.44
55.94,57.2,68.36,64.4,71.06,69.98,90.86,68,57,66.9,60.1,58.1,60.1,50,60.1,44.4,75.9,57,67.1,70.3,61.16
55.04,57.2,68,62.6,69.98,66.92,89.96,60.98,57,64,60.1,57.4,59,48,60.1,41.9,70,55.9,64.9,67.6,60.08
53.96,57.2,68,62.6,69.08,66.02,89.96,55.04,57.9,64,57.9,56.7,57,46.8,57,38.8,69.1,55,63,64.9,59
53.96,57.2,68,60.8,64.04,64.04,88.88,53.06,57.9,61,57,55.8,55,45.3,57.9,36,70,55.9,62.2,63,59.72
53.96,57.2,68,60.8,62.06,62.96,86.9,48.92,57.9,57.9,55,55.6,53.1,44.1,60.1,34.9,66,55,61.7,61,59.54
53.96,55.4,67.64,60.8,60.08,62.06,86.9,48.02,57.9,57.9,55.9,54,50,47.3,57,30.4,64,55,61,59,59.54
53.06,55.4,67.28,60.8,59,64.94,86.9,44.96,57.9,57.9,55,53.8,53.1,50.7,54,25.5,66,57,62.1,61.7,60.08
53.96,55.4,66.92,62.6,66.92,64.94,87.98,59,60.1,62.1,57,56.5,57,54,57,24.3,69.1,57.9,63,64.2,60.8
53.96,57.2,68.36,66.2,71.96,66.92,92.84,66.02,61,64.9,57.9,58.8,63,59.7,63,25.3,73,62.1,64,66.9,62.6
53.96,57.2,69.62,69.8,77,71.06,96.98,71.96,61,71.1,62.1,60.8,68,65.3,66,26.6,73.9,64.9,66.4,71.2,64.94
55.04,57.2,71.06,73.4,82.04,75.02,97.88,78.08,62.1,75,64,62.4,73,71.1,72,28.8,75,64.9,68.7,75.7,64.76
55.04,57.2,72.32,75.2,86,78.98,100.94,80.96,63,79,66,64.4,75.9,74.1,75,29.8,79,66.9,71.1,80.1,65.3
57.92,57.2,73.76,77,89.96,82.94,102.92,84.02,64,82,69.1,66.2,77,77,75.9,29.8,79,69.1,74.1,84,65.66
59,57.2,75.02,78.8,91.94,87.08,104.9,86,64,86,72,68.2,79,80.1,78.1,29.1,86,72,77,88,66.02
60.98,59,75.38,80.6,96.08,87.08,105.98,86,64,87.1,73.9,67.5,81,81.3,80.1,26.8,82.9,70,80.1,91.9,65.12
60.98,57.2,75.56,80.6,96.08,89.06,107.96,86,62.1,87.1,75,69.3,81,82.8,82,23.9,84,72,80.4,91,66.2
59,57.2,75.92,80.6,96.08,87.98,109.94,87.08,62.1,87.1,75,67.3,81,84,82.9,34.3,82,72,80.6,90,65.66
60.98,57.2,74.3,78.8,93.92,87.08,108.86,84.92,62.1,84,75,68,81,81.7,82.9,43.7,84.9,70,81,89.1,65.12
57.02,57.2,72.68,77,89.06,87.98,109.94,82.94,62.1,82,73.9,66.2,79,79.3,82,52,84.9,61,77.4,86.4,64.22
55.94,57.2,71.06,71.6,82.94,84.92,106.88,75.92,60.1,78.1,71.1,63.7,73,77,80.1,58.3,78.1,61,73.6,83.7,63.5
55.94,57.2,70.34,69.8,75.92,82.04,104.9,75.92,60.1,73,68,62.4,66.9,72.7,75,63,71.1,57.9,70,81,62.6
55.94,55.4,69.8,68,73.04,80.06,97.88,75.02,60.1,72,66,59.2,66,68.4,71.1,58.3,69.1,57.9,68,78.6,62.24
55.94,56.3,69.08,66.2,69.98,77,95.9,73.04,59,71.1,64,58.3,66,64,61,54.5,66.9,57,66,76.3,61.7
55.94,57.2,68.72,64.4,64.94,71.06,93.92,71.06,59,69.1,62.1,57.9,68,62.8,61,51.6,64.9,57,64,73.9,59.72
55.94,57.2,68.36,64.4,62.06,71.06,93.92,66.02,60.1,68,61,58.1,60.1,61.3,63,48.7,63,55,63.7,71.2,59.72
57.02,57.2,68,64.4,60.98,68,91.94,62.96,60.1,64,60.1,57.9,59,60.1,62.1,47.1,62.1,55,63.3,68.7,56.84
57.02,57.2,68,64.4,60.08,66.02,90.86,57.02,60.1,63,57.9,57.4,57,60.4,55,45,62.1,52,63,66,56.48
55.94,57.2,68,62.6,57.02,64.94,90.86,51.98,60.1,63,57,57.4,57,60.6,53.1,43,62.1,53.1,61.7,62.4,57.2
55.04,57.2,68,62.6,53.96,62.96,90.86,48.02,60.1,63,55.9,57,55.9,61,57.9,41.4,61,52,60.3,58.6,57.2
55.94,57.2,68,62.6,55.94,62.06,90.86,46.04,59,63,55.9,57.4,54,61,55,39.9,59,51.1,59,55,57.74
55.04,57.2,68,60.8,57.92,62.06,89.96,48.02,59,62.1,55,57.2,55,61,55.9,40.8,57.9,50,60.1,58.6,58.82
55.94,59,68,62.6,60.08,64.04,90.86,60.08,60.1,62.1,55.9,57.4,57.9,61,54,46.2,57,54,61,62.4,59.72
55.94,60.8,69.98,66.2,62.06,69.98,92.84,66.02,61,66,57.9,57.7,63,66,62.1,54,59,55,62.1,66,61.88
55.94,60.8,71.96,70.7,69.08,75.02,98.96,71.96,60.1,73,61,58.6,66.9,70.9,69.1,62.6,61,57.9,65.3,71.1,63.32
57.92,64.4,73.94,75.2,73.04,80.06,100.94,77,62.1,75,64,60.8,70,75.9,73,70.5,64,61,68.7,75.9,64.58
59,64.4,75.02,80.6,78.08,84.92,101.84,82.04,64,77,66,62.8,72,77.4,78.1,77.2,66,63,72,81,65.84
64.04,69.8,75.92,84.2,78.98,87.08,104.9,84.92,64.9,80.1,68,66.2,72,78.6,80.1,82.9,69.1,66,75,84.6,65.12
62.96,69.8,77,84.2,80.96,89.96,106.88,87.98,66.9,81,71.1,66.6,73,80.1,80.1,88,73,66.9,77.9,88.3,68.9
64.04,69.8,77.36,84.2,82.94,91.04,107.96,89.06,66.9,84,73,69.8,73.9,81.3,84,88.9,75,70,81,91.9,69.8
62.96,69.8,77.72,87.8,82.04,91.94,108.86,91.04,66.9,86,75,68,75,82.8,86,90,75.9,71.1,75.9,91,69.08
62.06,69.8,78.08,86,80.06,91.94,108.86,91.04,66,87.1,75,66.6,73.9,84,87.1,90.9,78.1,73,71.1,90,70.34
60.08,66.2,76.1,84.2,75.02,93.02,109.94,89.06,64.9,87.1,75.9,68.2,73,81,87.1,91.9,78.1,73.9,66,89.1,69.62
60.08,64.4,73.94,78.8,69.08,91.04,106.88,86,64,84,73.9,66.2,72,78.1,87.1,89.6,78.1,73,64.8,86.4,68.72
57.02,60.8,71.96,75.2,64.94,87.08,104.9,78.98,62.1,78.1,71.1,64.4,66.9,75,86,85.5,75.9,70,63.3,83.7,66.38
55.04,60.8,71.6,71.6,62.96,84.02,95,78.08,61,73,68,62.6,64,72.7,78.1,79.3,71.1,66.9,62.1,81,64.94
53.06,59,71.42,69.8,60.98,82.04,95,75.92,61,69.1,66,62.6,60.1,70.3,66.9,74.7,70,55.9,62.1,78.3,64.76
51.98,59,71.06,66.2,60.08,78.08,92.84,73.94,60.1,66,63,63,59,68,69.1,70.9,71.1,57,62.1,75.7,63.14
51.98,59,70.7,64.4,60.08,75.02,92.84,69.98,60.1,63,61,61.5,57.9,64.9,66.9,67.3,68,55.9,62.1,73,61.52
55.04,57.2,70.34,64.4,60.08,71.96,91.94,62.06,60.1,62.1,61,60.1,55.9,62.1,61,63.7,64.9,55,60.6,71.8,61.52
55.04,57.2,69.98,62.6,60.08,69.98,90.86,55.94,59,60.1,61,56.5,54,59,57,61.2,64,54,59.4,70.3,60.62
55.94,57.2,69.62,62.6,60.08,68,89.96,51.98,59,60.1,57.9,57.6,51.1,57,52,58.3,63,54,57.9,69.1,59.36
55.94,57.2,69.44,62.6,57.92,66.02,88.88,48.92,59,55.9,57,54.5,46.9,55,51.1,55.6,63,53.1,59,66,58.28
55.94,57.2,69.08,60.8,57.92,64.94,87.98,48.02,59,57,55.9,53.1,46.9,53.1,52,53.1,62.1,53.1,59.9,63.1,59.36
55.04,57.02,69.08,59,57.92,62.96,86.9,48.92,59,54,55.9,51.8,46,54,48.9,50.9,62.1,50,61,60.1,58.64
55.04,57.2,69.08,60.8,57.92,62.96,86,48.02,60.1,55,57,54,50,55,46.9,51.1,62.1,51.1,61.7,62.4,59
55.94,57.2,69.08,64.4,60.98,66.92,86,60.08,61,59,59,56.7,55,55.9,50,55.9,63,55,62.2,64.6,62.06
57.02,60.8,71.06,66.2,64.94,73.04,88.88,68,63,63,61,59.4,57.9,61.7,60.1,64.9,66,61,63,66.9,63.5
60.08,62.6,73.04,71.6,68,78.98,91.94,75.92,64.9,69.1,63,63,62.1,67.3,64.9,70,68,66,66.6,70.3,66.74
60.98,62.6,75.02,73.4,71.96,80.96,95.9,80.06,66,73.9,63,65.1,66,73,68,74.3,68,70,70.3,73.6,68
62.96,64.4,76.1,80.6,73.94,84.92,99.86,87.08,68,75.9,64.9,69.4,70,75.7,70,77.5,66.9,73,73.9,77,71.42
64.04,64.4,77,84.2,77,87.98,101.84,89.06,68,82,61,72.9,73,78.3,73.9,79.5,68,75,76.3,81.3,70.88
64.04,66.2,78.08,87.8,80.06,91.04,104.9,91.04,68,84,63,73.8,77,81,75.9,81.1,64,77,78.6,85.6,73.4
64.04,64.4,77.36,89.6,84.02,93.02,104.9,93.92,70,86,64.9,74.8,75.9,82,79,81.9,68,78.1,81,90,71.78
60.08,64.4,76.64,89.6,84.02,93.92,106.88,93.92,70,86,68,76.6,78.1,82.9,82,81.5,69.1,77,81.3,86,71.06
60.08,62.6,75.92,89.6,84.02,93.92,106.88,95,69.1,86,71.1,74.3,77,84,82.9,81,63,80.1,81.7,82,72.14
59,60.8,74.3,86,78.08,93.92,106.88,93.02,66,84.9,71.1,73.9,75.9,81.7,84,77.9,62.1,80.1,82,78.1,66.56
59,57.2,72.68,80.6,73.04,91.94,104.9,89.96,64.9,82,68,72.1,73.9,79.3,81,73.9,60.1,77,76.1,75,66.74
59,57.2,71.06,78.8,66.02,87.08,102.92,77,64,79,69.1,66.7,70,77,75.9,68,60.1,73,70,72.1,65.66
59,57.2,70.34,71.6,62.96,84.02,99.86,75.92,63,75.9,68,63.1,68,73.6,75,60.3,59,69.1,64,69.1,62.42
59,57.2,69.8,71.6,62.06,82.04,96.98,73.94,62.1,73,66.9,60.4,64,70.3,71.1,54,59,66.9,63,67.6,62.6
57.92,57.2,69.08,68,62.06,78.08,93.92,69.98,55,69.1,64.9,60.6,61,66.9,64.9,63,59,64.9,62.1,66.4,62.78
57.92,57.2,69.08,66.2,60.98,75.92,90.86,62.06,53.1,66,64,60.3,57,65.3,64,60.6,57.9,64,61,64.9,62.6
57.92,57.2,69.08,66.2,60.08,71.96,89.96,55.94,52,64,64,57.9,57,63.7,64.9,58.3,57.9,63,59.7,62.6,60.44
57.92,57.2,69.08,66.2,60.08,69.98,88.88,55.04,51.1,63,63,58.6,52,62.1,64.9,57.2,57.9,61,58.3,60.3,60.8
57.92,57.2,68,64.4,60.98,68,87.44,48.92,50,64,63,57.2,53.1,59,62.1,55.6,57,57.9,57,57.9,60.62
59,57.2,67.1,64.4,60.98,66.02,86,51.98,50,64,63,54.1,48,56.1,61,54.1,55.9,57,57.4,56.7,59.72
59,57.2,66.02,62.6,60.08,64.04,86,46.94,48.9,64,63,52.7,50,53.1,64,52.9,53.1,55.9,57.6,55.2,60.44
59,57.2,67.1,62.6,60.08,64.04,84.92,48.92,50,64,63,55.4,48.9,55.4,68,52,54,55.9,57.9,54,60.8
57.92,57.2,68,62.6,60.08,64.04,84.92,46.94,50,64,63,55.6,53.1,57.7,66.9,51.6,52,53.1,58.3,54.7,60.08
57.92,57.2,69.08,64.4,62.96,66.92,84.92,60.98,54,64,63,58.3,57,60.1,61,55.9,54,54,58.6,55.2,62.42
60.98,57.2,70.7,69.8,66.92,77,86.9,69.08,62.1,64.9,64,61.3,61,65.3,59,63,57.9,57,59,55.9,63.86
60.08,57.2,72.32,75.2,69.98,77,87.98,75.92,66,66.9,64,66,64.9,70.7,55.9,69.8,63,62.1,60.6,57.9,65.84
60.08,59,73.94,80.6,71.96,80.96,92.84,82.94,66.9,70,64.9,70,70,75.9,60.1,75.9,68,64,62.4,60.1,67.28
57.92,60.8,75.02,84.2,75.02,84.92,95,86,69.1,73,64.9,71.8,72,78.6,66.9,80.8,72,69.1,64,62.1,68.18
59,62.6,75.92,87.8,78.08,89.06,96.98,91.04,72,75,66,74.1,77,81.3,63,84.7,75.9,70,66.7,65.7,70.88
59,62.6,77,87.8,80.06,93.02,98.24,95,70,73,66.9,77,79,84,57.9,88,77,73,69.3,69.4,69.62
59,62.6,75.92,84.2,82.04,95,98.96,96.08,71.1,73,66.9,79.2,80.1,84,64,88,78.1,75.9,72,73,69.98
57.02,64.4,75.02,84.2,82.04,95,101.84,98.06,72,75,66,80.1,81,84,68,89.1,80.1,72,73.9,75.4,68.9
57.92,62.6,73.94,86,80.96,95,102.92,96.98,70,73,66.9,80.6,80.1,84,68,90,81,57.9,76.1,77.7,68.18
57.92,60.8,73.04,87.8,80.06,95,102.92,96.08,69.1,72,66,79.5,80.1,81.3,66,88.9,81,57.9,78.1,80.1,66.38
57.02,59,71.96,84.2,75.02,93.92,101.84,93.02,66.9,69.1,64,75.9,77,78.6,66,86.9,80.1,59,73.8,77,67.46
55.94,57.2,71.06,80.6,71.06,89.06,100.94,78.98,64,64,64.9,70.5,71.1,75.9,64.9,82.9,77,59,69.3,74.1,67.1
55.94,57.2,70.34,75.2,68,84.92,96.98,78.98,63,64,64,68.5,69.1,73.6,63,81,73.9,55,64.9,71.1,63.5
55.04,55.4,69.8,73.4,64.94,82.94,93.92,73.94,62.1,62.1,63,66.4,66.9,71.4,62.1,77,72,52,61.9,67.6,61.16
55.94,55.4,69.08,69.8,62.96,80.06,91.94,66.92,61,61,63,68.2,63,69.1,61,73.9,70,52,59,64.4,60.26
53.96,55.4,68.72,68,62.06,77,89.96,62.06,57.9,60.1,61,66.7,64,66.4,60.1,71.8,69.1,53.1,55.9,61,60.26
53.96,55.4,68.36,66.2,60.98,73.94,88.88,57.02,55.9,57.9,60.1,64.4,61,63.7,53.1,69.4,68,52,54.7,59.4,60.62
55.04,55.4,68,66.2,60.98,71.06,87.98,55.94,53.1,59,59,58.6,60.1,61,51.1,68.5,64,52,53.2,57.6,59.36
55.04,55.4,68.36,64.4,60.08,69.08,86,51.08,57.9,55.9,59,62.8,60.1,57.9,48.9,67.1,62.1,52,52,55.9,58.46
55.04,53.6,68.72,62.6,60.08,66.92,86,51.98,59,57,59,61.3,60.1,55,48,65.7,57.9,52,51.6,55,58.46
53.96,53.6,69.08,62.6,60.98,66.02,84.92,48.02,57,55.9,57.9,58.1,59,52,48,64.6,54,53.1,51.4,54,59.36
53.96,53.6,69.08,62.6,57.02,64.94,84.92,50,57.9,55.9,59,59.2,61,53.6,48.9,63.9,55,53.1,51.1,53.1,59.9
53.96,53.6,69.08,62.6,59,64.04,84.92,46.04,57.9,55.9,59,57.7,60.1,55.4,50,63.9,53.1,54,54.3,53.8,59.18
53.96,53.6,69.08,64.4,64.04,68,82.94,60.98,57.9,57,59,61.9,63,57,55,65.3,54,55.9,57.7,54.3,60.26
57.02,55.4,70.7,66.2,69.08,73.94,88.88,69.98,57.9,60.1,60.1,66,68,63.7,57,68.9,57.9,60.1,61,55,61.7
55.04,55.4,72.32,69.8,71.96,80.06,93.92,80.06,60.1,62.1,62.1,70.2,71.1,70.3,57.9,77.9,64,62.1,65.7,61,64.94
55.04,55.22,73.94,73.4,75.92,84.02,95,84.92,62.1,66,64.9,72.3,75,77,64.9,80.6,66.9,64,70.3,67.1,66.56
55.94,55.4,75.02,78.8,78.98,87.98,98.96,87.98,64.9,66.9,66,76.5,73.9,79.3,70,82.2,75,66,75,73,68
57.92,57.2,75.92,84.2,80.96,91.94,102.92,93.92,64,66,66.9,78.4,79,81.7,73,82.8,82.9,70,78.3,77.4,68.9
57.92,57.2,77,84.2,84.02,93.92,104,96.08,62.1,69.1,66,81.1,81,84,75.9,82.8,81,71.1,81.7,81.7,68.54
60.98,59,76.64,82.4,86,96.08,105.98,96.98,62.1,70,64,82.9,82,84.7,77,81.9,81,72,84.9,86,66.02
64.04,59,76.28,80.6,86,98.96,106.88,96.98,60.1,69.1,66,84.2,82,85.3,75.9,77.9,81,70,82.2,85.3,65.3
64.04,60.8,75.92,78.8,86,100.04,108.86,98.06,60.1,69.1,66.9,83.7,81,86,79,74.8,81,73,79.7,84.7,65.3
64.94,59,73.58,77,84.02,98.96,108.86,98.06,60.1,70,69.1,82,81,81.7,81,79,82.9,73,77,84,68
62.96,57.2,71.42,73.4,78.98,96.98,107.96,93.02,60.1,70,68,78.8,79,77.4,78.1,77.9,81,72,75,81,67.28
60.98,57.2,69.08,69.8,73.94,91.04,105.98,84.02,60.1,64.9,66,74.5,75,73,73.9,74.8,79,66,73,78.1,64.94
60.08,55.4,68.72,68,71.06,87.08,104,77,60.1,62.1,64,72.1,71.1,71.1,69.1,70.9,62.1,64,71.1,75,62.06
57.92,55.4,68.36,66.2,69.98,87.08,95.9,73.94,59,59,62.1,70.9,70,68.9,61,70,60.1,64,69.6,71.4,58.64
53.06,55.4,68,64.4,69.08,80.96,91.94,69.08,60.1,62.1,60.1,70.2,70,66.9,57,66.4,60.1,62.1,68.4,67.6,57.56
51.98,55.4,67.28,64.4,68,80.96,91.94,62.96,59,60.1,61,68.4,66.9,65.3,63,63.7,60.1,60.1,66.9,64,57.92
50,55.4,66.74,64.4,66.92,73.04,88.88,62.96,59,57,59,68,60.1,63.7,60.1,61,57.9,60.1,64.9,62.8,56.66
48.92,55.4,66.02,62.6,66.02,71.06,90.86,53.96,59,57.9,60.1,65.3,66,62.1,61,59.5,59,57.9,63,61.3,56.66
48.92,55.4,64.94,62.6,64.94,71.06,90.86,50,59,57.9,57,63.3,61,61.7,61,57.7,57,55,61,60.1,55.94
48.92,53.6,64.04,62.6,64.94,68,88.88,53.06,59,54,55.9,63.5,60.1,61.3,60.1,55.9,57.9,55.9,60.6,57.7,55.22
51.08,53.6,62.96,60.8,64.04,66.02,86,51.08,59,53.1,55.9,62.1,61,61,57,54.1,55,54,60.4,55.4,54.86
51.08,53.6,63.68,60.8,60.08,68,83.84,51.08,59,54,55,59,63,63,55,52.7,55,46.9,60.1,53.1,55.22
50,53.6,64.22,60.8,60.08,68,86,46.04,59,50,55,60.1,62.1,64.9,52,51.8,55,50,60.1,54.7,56.48
51.08,53.6,64.94,64.4,66.92,75.02,87.98,62.96,60.1,53.1,54,63.3,64.9,66.9,54,55.8,57,52,60.1,56.3,59.18
53.06,53.6,67.64,68,71.06,78.98,89.96,71.96,62.1,57,57.9,68.4,66.9,70.7,63,61.9,60.1,57.9,60.1,57.9,62.42
57.02,55.4,70.34,73.4,75.02,84.02,91.94,80.06,63,63,61,71.4,68,74.3,72,67.3,66,62.1,61,61.3,64.4
59,55.4,73.04,78.8,78.98,87.98,96.98,84.02,64,66,64,74.8,73,78.1,73.9,72,71.1,68,62.1,64.6,64.4
60.08,55.4,73.94,82.4,80.96,93.02,100.94,89.06,66,69.1,66.9,77.9,75,79,75.9,75.6,75.9,70,63,68,68.54
64.94,57.2,75.02,84.2,84.92,98.06,104.9,95,66.9,71.1,69.1,79.9,77,80.1,78.1,77.9,81,73.9,63.3,66.7,69.8
69.98,57.2,75.92,89.6,87.08,98.06,106.88,96.08,68,73.9,71.1,84,77,81,79,79.9,84,79,63.7,65.3,67.82
69.08,60.8,75.56,91.4,87.98,100.94,108.86,98.06,66.9,77,73,84.4,79,81.3,80.1,81,87.1,82.9,64,64,70.16
68,60.8,75.38,89.6,89.96,102.02,109.94,98.96,66,78.1,73,85.3,75.9,81.7,82.9,81.5,88,84,66,64.9,70.88
68,60.8,75.02,87.8,89.06,102.92,109.94,98.06,66,78.1,73,85.5,75.9,82,86,81.9,89.1,84.9,68,66,68.72
68,59,73.94,86,87.98,100.94,110.84,96.08,64.9,75,73.9,85.6,63,79,87.1,81,88,84.9,70,66.9,69.44
66.02,57.2,73.04,82.4,86,100.04,107.96,91.04,63,73,73,83.1,60.1,76.1,86,80.4,87.1,82,67.6,64.6,68
57.92,55.4,71.96,80.6,78.98,93.92,102.92,87.08,61,69.1,71.1,76.3,57.9,73,81,78.1,82,78.1,65.3,62.4,64.04
57.02,55.4,71.06,75.2,73.94,89.06,98.96,82.04,61,64.9,68,74.5,55.9,68,75.9,73.9,78.1,73.9,63,60.1,62.78
53.96,55.4,69.98,73.4,69.98,86,95.9,75.92,60.1,62.1,66,74.7,55.9,63,64,71.1,73.9,70,61,57,62.78
53.06,55.4,69.08,71.6,69.98,82.94,93.92,73.04,59,59,64.9,71.4,55.9,57.9,64,68.9,72,68,59,54.1,62.78
53.06,55.4,68,71.6,69.98,80.06,92.84,69.98,57,57,62.1,68.4,55,55.2,64,66.2,69.1,66,57,51.1,59.72
51.08,55.4,67.1,69.8,64.94,77,90.86,66.02,53.1,55,61,68,53.1,52.7,61,63.5,68,59,55,50.7,58.46
48.02,57.2,66.02,69.8,64.04,75.92,88.88,66.02,51.1,54,60.1,68,53.1,50,55.9,62.1,66,60.1,53.1,50.4,58.28
46.94,55.4,65.3,69.8,60.98,73.04,87.98,62.06,51.1,52,57.9,67.3,50,49.6,55.9,60.1,64.9,59,51.1,50,57.56
46.04,55.4,64.76,66.2,60.98,71.06,86.9,59,48.9,48.9,55.9,65.5,53.1,49.3,52,58.5,64.9,57.9,50.4,50.4,57.38
46.94,55.4,64.04,66.2,59,71.06,86,55.94,52,48,55.9,64.8,51.1,48.9,57,56.8,63,57,49.6,50.7,56.84
46.04,55.4,65.3,66.2,59,69.98,84.92,57.02,50,48,52,63.3,51.1,51.6,62.1,55.9,61,57,48.9,51.1,55.22
44.96,55.4,66.74,68,57.92,68,84.92,55.94,53.1,46.9,54,64.8,52,54.3,59,54,61,57,50.5,52,55.58
48.92,55.4,68,71.6,64.94,71.96,86,66.92,55.9,52,55.9,65.8,55,57,64,59.9,61,60.1,52.3,53.1,59.9
53.96,57.2,69.26,75.2,71.06,78.08,87.98,73.94,62.1,55.9,59,67.5,57.9,61.3,66.9,65.3,66.9,66.9,54,54,62.24
55.94,57.2,70.7,84.2,77,84.02,91.94,80.96,64,61,63,68.9,62.1,65.7,66.9,70.2,71.1,72,58.6,56.3,65.12
57.02,59,71.96,87.8,80.96,87.98,95,87.08,66,64.9,66,73.6,66,70,69.1,74.3,73,75.9,63.3,58.6,67.28
57.92,62.6,73.04,91.4,84.02,91.04,96.98,89.96,66.9,69.1,70,74.7,69.1,73.4,71.1,77.2,75.9,80.1,68,61,66.92
60.98,62.6,73.94,93.2,89.96,96.08,98.96,93.02,68,72,75,75.9,71.1,76.6,73.9,79,78.1,84.9,70.7,60.6,67.46
60.98,64.4,75.02,98.6,93.02,98.96,100.94,95,66.9,77,78.1,78.3,73,80.1,75,81.9,77,86,73.2,60.4,70.7
60.98,66.2,75.02,96.8,95,100.94,101.84,96.98,68,80.1,80.1,81.3,75,80.4,75.9,83.8,77,87.1,75.9,60.1,71.24
60.98,64.4,75.02,96.8,96.98,102.02,104,96.08,68,82,82.9,79.5,75,80.6,75,84.6,79,88,74.3,62.8,71.6
60.08,62.6,75.02,96.8,96.98,102.02,104.9,93.92,66.9,84,82.9,80.2,75,81,77,84.9,80.1,87.1,72.7,65.3,70.88
59,60.8,73.4,93.2,95,102.92,104,91.04,66,84.9,82.9,80.2,75,75.9,80.1,72.9,79,82.9,71.1,68,69.8
57.02,60.8,71.6,87.8,89.96,100.04,102.92,87.98,63,82.9,81,76.6,73.9,71.1,79,72.7,78.1,77,69.6,64.9,68.9
55.04,57.2,69.98,87.8,84.92,93.92,98.96,84.92,61,77,77,74.3,69.1,66,75.9,70.7,73,72,68.4,62.1,68.9
51.08,59,69.26,86,78.08,89.96,95.9,78.08,59,69.1,73,72.7,66,62.1,71.1,66.9,69.1,66.9,66.9,59,66.2
48.92,57.2,68.72,86,75.92,87.08,95,80.96,57,64.9,73,70.9,64.9,57.9,64.9,61.5,66.9,63,66,57,63.68
48.92,57.2,68,84.2,73.04,84.02,93.92,75.92,55.9,66,71.1,69.6,63,54,63,56.8,64,63,64.9,55,65.12
50,57.2,67.28,82.4,69.08,82.04,91.94,69.98,53.1,63,69.1,66.4,62.1,53.6,60.1,54.9,63,60.1,64,53.1,61.16
48.02,57.2,66.74,77,64.04,77,89.96,64.94,51.1,60.1,68,64.9,59,53.4,59,52.9,62.1,59,63,53.8,59.54
48.92,57.2,66.02,75.2,62.96,75.92,87.98,62.06,51.1,60.1,66,62.1,59,53.1,55.9,52,60.1,60.1,62.1,54.3,59.36
51.98,51.8,65.66,75.2,62.06,73.04,88.88,60.98,48.9,55,64,60.6,57,51.4,55,50.9,57.9,61,61,55,60.98
51.98,53.6,65.3,75.2,62.06,71.06,87.98,53.96,48,55.9,62.1,61.5,55,49.6,54,49.8,57,60.1,60.3,54.3,59.54
51.98,50,64.94,73.4,60.98,69.98,87.98,57.02,48.9,54,62.1,59.4,55.9,48,51.1,48.9,55,57.9,59.7,53.8,59.54
51.08,51.8,64.94,73.4,60.98,69.08,86.9,50,48,53.1,60.1,58.5,55,50.4,53.1,46.9,54,57.9,59,53.1,57.74
51.08,51.8,64.94,73.4,59,69.08,86,50,46,52,59,58.8,55,52.7,51.1,45.9,53.1,55.9,60.1,52.7,60.44
51.08,57.2,64.94,77,66.92,73.94,86,64.04,50,57,61,61.5,57.9,55,48.9,52.9,54,57.9,61,52.3,60.8
51.98,62.6,67.64,78.8,73.04,78.98,87.98,69.98,55.9,63,63,61.3,61,60.6,55.9,59,55.9,61,62.1,52,63.32
53.06,62.6,70.34,84.2,78.08,84.92,83.84,75.92,60.1,66,66,63.3,64.9,66.4,60.1,66.7,60.1,63,65.3,52.7,66.38
53.96,64.4,73.04,87.8,84.02,89.96,83.84,82.04,64.9,71.1,69.1,64.9,69.1,72,64,73.9,64.9,63,68.7,53.2,68.72
55.94,69.8,74.3,91.4,87.08,93.02,86,87.08,68,75.9,72,66.6,73,75.4,64.9,79.9,68,64.9,72,54,69.44
57.02,71.6,75.74,95,91.04,96.98,81.86,89.06,64.9,81,75.9,72,75.9,78.6,69.1,82.9,71.1,69.1,73.9,55.6,70.34
59,75.2,77,95,95,100.04,86,91.94,64.9,84.9,78.1,72,77,82,70,86,73.9,70,76.1,57.4,71.06
60.98,75.2,76.28,96.8,96.08,100.04,84.92,93.92,66.9,87.1,80.1,68.9,79,81,71.1,86.9,75.9,73,78.1,59,73.4
59,75.2,75.74,95,98.06,102.02,87.98,93.92,66,88,82.9,68.4,79,80.1,72,88,77,72,77.7,58.3,74.12
57.02,75.2,75.02,95,98.96,102.02,89.96,93.02,66,88,84,70,79,79,71.1,88,78.1,72,77.4,57.7,71.6
55.94,73.4,73.4,93.2,96.08,100.94,92.84,93.02,66,88,84,70.9,79,75.4,69.1,86.4,77,71.1,77,57,71.6
55.04,69.8,71.6,89.6,93.92,98.96,89.96,89.96,64,84,81,69.3,77,71.6,70,83.7,75,71.1,73.9,55.9,71.96
53.96,64.4,69.98,87.8,86,93.02,86.9,78.98,62.1,77,77,66,75,68,69.1,79.2,71.1,69.1,71.1,55,67.64
53.06,64.4,69.98,82.4,80.06,89.06,86,77,59,71.1,73,64.6,69.1,65.3,66,72.9,66.9,63,68,54,62.42
53.96,62.6,69.98,84.2,77,87.08,84.92,71.96,57.9,70,69.1,61.7,66,62.8,64,67.5,64.9,60.1,65.7,53.6,62.06
55.04,62.6,69.98,84.2,73.94,82.94,83.84,66.02,55.9,70,66,58.8,66,60.1,53.1,63,63,59,63.3,53.4,62.06
55.04,60.8,69.62,82.4,71.06,80.96,81.86,62.06,55,66,64,58.6,63,57.7,52,59.5,62.1,62.1,61,53.1,62.06
55.04,60.8,69.44,75.2,68,77,79.88,60.98,53.1,64,63,58.5,61,55.4,51.1,55.9,60.1,60.1,57.9,52.3,62.6
55.04,57.2,69.08,75.2,66.02,75.02,79.88,55.94,51.1,61,62.1,58.3,64,53.1,48,53.6,59,59,55,51.8,60.98
55.04,60.8,69.08,75.2,64.94,71.96,80.96,57.92,50,62.1,60.1,58.1,61,51.4,50,50.9,57.9,55,52,51.1,59.54
55.94,55.4,69.08,75.2,64.04,69.98,78.98,51.08,50,57,59,58.6,62.1,49.6,48.9,48.4,57,55.9,51.3,50.4,59.72
55.04,55.4,69.08,75.2,62.06,68,78.98,51.98,48,55,59,58.8,62.1,48,46,45.9,54,57,50.7,49.6,58.1
53.96,57.2,68.72,73.4,60.98,66.92,78.98,48.02,46.9,53.1,57.9,58.3,59,51.1,45,43.9,55,57.9,50,48.9,57.56
55.04,57.2,68.36,71.6,62.06,66.92,78.98,51.08,48,54,57,59,59,54,46,43,55,57,52.3,50,55.76
55.04,60.8,68,77,69.08,71.96,78.98,64.94,53.1,57.9,57.9,60.3,62.1,57,50,50.9,55.9,55.9,54.7,50.9,58.64
55.94,66.2,69.26,80.6,75.92,75.92,79.88,71.96,57.9,63,61,60.6,64,60.1,55.9,58.6,59,59,57,52,60.98
55.94,68,70.7,86,80.06,82.04,88.88,78.08,63,69.1,62.1,61,66.9,63,61,65.7,64,63,62.1,54,64.04
57.02,71.6,71.96,89.6,84.92,86,90.86,84.02,64.9,72,64.9,63,73,66,64,72,71.1,64.9,66.9,55.9,64.58
57.92,71.6,73.04,93.2,89.96,89.06,95,87.98,66,75.9,69.1,63.3,79,69.1,69.1,77.2,72,66.9,72,57.9,65.48
59,80.6,73.94,96.8,95,93.02,97.88,93.02,68,79,72,63.5,81,72,72,81.3,75,66.9,72.3,59,64.94
59,84.2,75.02,98.6,96.98,96.98,100.94,95,64,84.9,75,65.8,82,75,75,84.9,78.1,72,72.7,59.9,66.92
59,78.8,75.74,98.6,100.94,98.96,102.92,96.08,69.1,86,77,66.7,82,73,75.9,87.1,80.1,71.1,73,61,66.56
57.02,78.8,76.28,96.8,100.94,100.94,104,96.08,68,87.1,79,65.1,84,71.1,75.9,88,82,73.9,73.4,61.7,68.36
55.94,78.8,77,93.2,102.02,100.94,104.9,95,68,88,80.1,65.3,82.9,69.1,77,88.5,82,73,73.6,62.2,67.64
57.02,78.8,75.02,91.4,100.04,100.94,105.98,93.92,66.9,86,81,65.7,82.9,66.4,77,88,81,73,73.9,63,65.3
55.04,73.4,73.04,89.6,96.08,98.06,104,91.04,66,82.9,79,65.1,79,63.7,75.9,85.5,79,70,70,61.3,63.86
53.96,69.8,71.06,84.2,89.96,93.02,102.92,82.04,64,77,75.9,63.9,75,61,73.9,81,75,66.9,66,59.5,61.52
53.96,64.4,71.06,80.6,84.92,89.96,100.94,80.96,63,73,73.9,62.6,71.1,57,71.1,73.9,71.1,64.9,62.1,57.9,59.54
53.96,64.4,71.06,78.8,80.06,86,98.96,75.92,62.1,71.1,71.1,62.2,68,52.9,63,70.9,66.9,64,61,54.9,58.28
53.96,60.8,71.06,77,78.98,82.04,92.84,73.94,59,64.9,70,61.2,66.9,48.9,60.1,65.8,68,62.1,60.1,52,59.18
53.96,62.6,70.7,77,73.94,80.06,90.86,66.02,57,64,69.1,61.2,64.9,46.2,57,61.9,66.9,55.9,59,48.9,60.62
53.96,62.6,70.34,75.2,73.04,78.08,89.96,62.96,55,60.1,66.9,61.2,64,43.7,55.9,57.9,64,54,57,46.6,60.98
53.96,62.6,69.98,75.2,68,75.02,89.96,62.96,53.1,57,66,61.3,61,41,53.1,55,63,51.1,55,44.4,60.8
53.06,60.8,69.62,73.4,69.08,71.96,87.98,60.08,52,55.9,66,61,63,39.7,52,51.8,62.1,50,53.1,42.1,59.9
53.06,57.2,69.44,73.4,64.94,71.06,86.9,60.98,53.1,54,64.9,61.2,59,38.3,55,48.7,60.1,50,51.4,41.4,60.62
53.06,57.2,69.08,71.6,64.94,69.08,84.92,55.04,52,52,64,60.3,59,37,54,45.9,57,48.9,49.6,40.6,60.08
53.06,57.2,68.72,69.8,62.96,66.92,83.84,55.94,51.1,51.1,64,58.6,59,40.6,51.1,45,55,45,48,39.9,59.54
53.06,57.2,68.36,71.6,62.06,68,83.84,57.02,48.9,51.1,64,59,59,44.4,48,46.2,55,44.1,49.3,41.5,58.1
53.06,62.6,68,75.2,69.98,71.06,83.84,66.02,53.1,55.9,66,62.2,63,48,51.1,52.2,57.9,48.9,50.7,43.3,59
51.98,66.2,68,80.6,78.08,75.02,88.88,73.94,60.1,62.1,66,65.8,69.1,53.6,63,60.4,60.1,59,52,45,60.08
53.06,68,68,84.2,82.94,80.06,93.38,82.94,64.9,68,69.1,66.9,73,59.4,66,68,66,64,57.9,50.4,60.98
53.06,71.6,68,89.6,87.98,82.94,97.88,87.98,66.9,71.1,70,69.6,77,64.9,70,73.9,73,68,64,55.6,62.42
53.96,75.2,69.98,93.2,91.94,87.08,101.84,93.92,70,75,72,71.4,80.1,66.6,71.1,78.6,78.1,71.1,70,61,65.12
57.02,73.4,71.96,93.2,96.08,91.94,104.9,98.96,71.1,80.1,75,73.2,81,68.4,73.9,82.4,82,73,72,62.6,66.38
57.02,77,73.94,96.8,98.96,96.08,105.98,98.96,72,84.9,78.1,74.7,82.9,70,75.9,85.5,86,73.9,73.9,64.4,66.92
55.04,73.4,73.22,96.8,100.04,96.98,108.86,100.04,73.9,88,80.1,73.4,84,70.7,78.1,87.8,88,75,75.9,66,68.54
55.94,73.4,72.68,96.8,102.02,98.96,107.96,100.04,71.1,90,80.1,76.1,84.9,71.2,81,88.9,89.1,77,76.6,64.9,68.72
55.04,69.8,71.96,93.2,100.94,98.96,109.94,100.04,69.1,90,80.1,75.4,84.9,72,80.1,88.9,89.1,75.9,77.4,64,67.82
53.96,66.2,71.24,89.6,98.96,98.96,108.86,98.06,66.9,91,80.1,75.2,82,68.7,81,86,88,75,78.1,63,67.64
53.96,64.4,70.7,86,93.02,98.06,107.96,91.94,64.9,89.1,78.1,75,81,65.3,80.1,86,86,73.9,74.1,62.2,66.74
53.06,62.6,69.98,82.4,86,91.94,105.98,84.92,61,84,75,74.7,72,62.1,77,81.7,81,71.1,70,61.7,63.86
53.06,60.8,69.98,80.6,80.06,87.98,104,80.96,61,75.9,73,71.6,72,58.6,72,75.6,77,70,66,61,62.78
53.06,59,69.98,78.8,77,84.92,100.94,75.02,61,73.9,71.1,68.4,71.1,55.4,69.1,70.7,75,70,61.7,59.4,63.32
51.98,59,69.98,77,73.04,82.04,95,64.94,61,70,69.1,66.6,68,52,57.9,66.7,73,66,57.4,57.6,63.86
51.98,57.2,69.62,73.4,71.06,78.98,91.94,64.94,62.1,68,68,63.9,64.9,50.7,57,63.9,71.1,64.9,53.1,55.9,59.54
51.98,57.2,69.44,73.4,71.06,75.92,92.84,64.04,62.1,62.1,66,64.9,61,49.3,55,60.8,68,64,51.6,55.9,57.38
53.06,57.2,69.08,73.4,69.08,75.02,91.94,62.96,61,62.1,64.9,64,61,48,55.9,59,68,60.1,50.4,55.9,57.02
53.06,59,68.72,71.6,66.92,73.04,89.96,60.08,61,57.9,64,65.8,60.1,44.6,55,56.8,66.9,57.9,48.9,55.9,57.74
53.06,60.8,68.36,71.6,64.94,71.96,87.98,60.08,61,57.9,63,62.8,57,41.4,57.9,54.9,64.9,57,48,56.3,55.76
53.06,60.8,68,71.6,62.96,69.98,86,62.06,60.1,57,63,59.9,55.9,37.9,54,54.9,62.1,52,46.9,56.7,57.02
53.06,60.8,68,69.8,62.96,69.98,86,55.04,60.1,57.9,63,59.4,53.1,41.4,50,50,60.1,48.9,46,57,57.74
53.06,62.6,68,69.8,62.96,69.08,86,60.08,57.9,55.9,63,59.5,55,44.6,50,57.9,57.9,48.9,49.3,57.4,58.1
53.96,60.8,68,71.6,66.02,71.96,84.92,69.08,59,59,63,64.4,57.9,48,55.9,57.9,64,53.1,52.7,57.6,59
55.94,62.6,68.36,75.2,69.98,75.92,89.96,78.08,60.1,63,63,68.9,63,53.4,66,63.3,64,60.1,55.9,57.9,59.72
57.02,64.4,68.72,78.8,75.02,80.06,92.84,87.98,62.1,66,64,73,71.1,58.6,70,68,71.1,60.1,61.3,57.2,60.62
59,66.02,69.08,84.2,78.98,84.92,95.9,93.02,63,73,64,78.1,73,64,73.9,72.3,75,64.9,66.6,56.7,62.42
57.92,68,70.34,89.6,82.94,87.98,98.96,96.98,63,78.1,66,80.2,75,66.7,75,75.6,79,66.9,72,55.9,66.2
57.02,68,71.78,93.2,87.08,93.02,100.94,100.04,63,80.1,68,83.1,77,69.3,78.1,77.5,81,70,74.7,58.6,65.84
57.02,69.8,73.04,93.2,89.96,96.08,104,102.02,63,84,73,84,79,72,81,79.2,87.1,73.9,77.4,61.3,67.28
55.94,71.6,72.68,93.2,91.94,96.98,106.16,102.02,66,84.9,77,85.5,80.1,71.6,81,79.9,88,75,80.1,64,65.12
55.04,69.8,72.32,93.2,93.02,98.96,107.96,100.04,64.9,79,80.1,87.6,80.1,71.4,84,81.9,90,75,81,62.8,67.82
57.92,68,71.96,91.4,91.94,98.96,107.96,96.08,64.9,69.1,82,88.7,80.1,71.1,84.9,81,89.1,75,82,61.3,66.2
59,66.2,71.24,87.8,87.98,98.06,106.88,93.92,63,62.1,82,87.3,80.1,66.7,84.9,81,89.1,75,82.9,60.1,65.66
55.04,62.6,70.7,82.4,80.6,91.94,105.98,87.98,63,59,80.1,87.4,78.1,62.2,84,77.9,84.9,75,77.9,57.7,64.58
53.96,60.8,69.98,80.6,73.04,87.08,101.84,82.04,62.1,57.9,75,81,71.1,57.9,81,73,82,70,73,55.4,63.86
53.96,60.8,69.98,77,66.02,82.04,95.9,87.08,62.1,57,73,75.2,64.9,55.2,77,66.4,77,68,68,53.1,61.16
55.04,60.8,69.98,73.4,64.04,78.08,95,82.04,62.1,57.9,70,71.1,64.9,52.7,70,66.9,75,66,64.4,51.6,59.18
55.04,60.8,69.98,73.4,62.06,73.94,92.84,77,61,57,69.1,67.8,61,50,64,56.7,73,63,60.6,50.4,57.92
55.04,59,69.62,73.4,62.06,71.96,90.86,73.04,61,57,66.9,66.6,61,49.3,64.9,51.8,71.1,63,57,48.9,57.2
55.04,60.8,69.44,71.6,62.6,69.98,88.88,69.98,61,57,64.9,64.6,57.9,48.7,63,54.1,70,62.1,55.9,48.6,57.56
55.04,60.8,69.08,71.6,60.98,69.08,87.98,71.06,61,57,64,64,54,48,64.9,47.5,69.1,60.1,55,48.4,57.38
55.04,60.8,69.08,71.6,60.98,68,87.98,64.94,61,55.9,63,63.3,57,49.6,68,46.2,66.9,55,54,48,57.56
53.96,60.8,69.08,69.8,60.08,66.92,88.88,64.94,61,55.9,61,63.3,52,51.4,69.1,45,66.9,57,54.3,47.7,57.92
53.96,59,69.08,69.8,59,64.94,86.9,66.02,61,55.9,60.1,63,51.1,53.1,66.9,43.9,64.9,52,54.7,47.3,57.92
55.04,59,69.44,68,59,64.04,86.9,64.94,61,55.9,61,62.6,52,54,68,40.5,64,51.1,55,46.9,57.74
53.96,59,69.62,68,59,64.04,86,62.96,61,55.9,60.1,63,54,55,66,37.9,62.1,48.9,58.6,46.6,59.18
55.04,60.8,69.98,71.6,62.06,68,86,73.94,61,57,61,61.3,57,55.9,69.1,43,63,54,62.4,46.4,58.46
55.94,60.8,71.06,73.4,64.94,71.96,89.96,80.06,61,57.9,63,63.3,64,61,64.9,51.3,64.9,59,66,46,60.26
55.94,60.8,71.96,78.8,69.98,78.08,91.94,87.08,63,59,64.9,66.6,66.9,66,70,60.8,68,64,70.7,46.9,62.06
60.98,64.4,73.04,82.4,71.96,84.92,95,91.94,64,62.1,68,68,72,71.1,73.9,69.4,72,68,75.4,48,62.42
60.98,66.2,73.76,84.2,73.94,87.08,97.88,96.98,64.9,64.9,71.1,69.3,77,68,77,75,79,73,80.1,48.9,64.4
60.08,69.8,74.3,84.2,78.08,89.96,100.94,100.94,64,64.9,75,70.2,80.1,65.1,78.1,78.6,84,75,82,48.9,64.22
60.98,66.2,75.02,87.8,80.96,93.92,102.92,100.94,64.9,66,77,74.1,82.9,62.1,77,80.1,84.9,78.1,84,48.9,65.3
60.98,66.2,74.66,87.8,82.94,96.08,104,100.94,66,68,79,75.2,84,61.3,79,80.6,86,80.1,86,48.9,65.3
62.96,66.2,74.3,86,84.02,98.06,104.9,100.04,64,70,81,75.2,86,60.8,82,82.6,87.1,79,82.4,48.6,65.48
57.02,66.2,73.94,86,82.94,98.96,104.9,96.08,64,70,82,72.9,84.9,60.1,84.9,83.1,84.9,81,78.6,48.4,63.5
62.06,62.6,72.68,82.4,80.06,100.04,105.98,96.98,64,71.1,82,72.1,84,59.7,87.1,82.8,82.9,81,75,48,62.96
62.96,62.6,71.24,78.8,75.02,96.98,104.9,93.92,63,70,82,68,81,59.4,81,81,73,77,72.3,47.7,61.7
60.08,60.8,69.98,73.4,71.06,93.02,100.94,87.98,60.1,66,75,65.5,78.1,59,78.1,75.9,71.1,75,69.6,47.3,61.52
55.04,59,69.98,73.4,68,87.98,96.98,86,57.9,61,71.1,64.2,73,56.3,72,68.9,66,73,66.9,46.9,61.16
53.96,57.2,69.98,71.6,66.92,86,95,78.08,55.9,57.9,69.1,63.3,68,53.8,71.1,47.8,64.9,72,64.9,46.9,60.62
53.96,57.2,69.98,71.6,64.94,82.04,92.84,77,54,57.9,66,62.6,66,51.1,70,61,63,68,63,46.9,60.44
53.96,57.2,69.98,69.8,62.06,78.98,89.96,77,53.1,55.9,64.9,61.7,63,49.5,70,58.1,62.1,70,61,46.9,59.18
53.96,57.2,69.98,68,60.98,75.92,88.88,73.94,54,53.1,64.9,61.5,60.1,47.7,68,55,61,64.9,60.3,46.6,57.74
53.06,57.2,69.98,64.4,59,75.02,86.9,68,52,52,64,59.7,60.1,46,66.9,53.4,63,64.9,59.7,46.4,57.92
53.96,57.2,69.98,66.2,57.92,73.04,86.9,68,51.1,50,63,60.8,60.1,45.7,64,51.3,62.1,64,59,46,57.02
53.96,57.2,69.98,66.2,57.02,73.04,86,66.92,50,48.9,63,60.4,59,45.3,60.1,49.1,62.1,64,59,45.3,56.48
53.06,57.2,69.98,64.4,57.02,71.96,86,66.02,52,48,64,59.7,57,45,59,47.3,61,59,59,44.8,55.4
53.06,57.2,69.98,64.4,57.02,69.08,86.9,62.06,48.9,48,63,59.4,55.9,46.2,60.1,45.9,59,62.1,59,44.1,52.88
53.06,57.2,69.98,64.4,57.02,69.08,84.92,64.04,48.9,46.9,63,59,57.9,47.7,59,38.8,57.9,61,58.6,44.8,54.86
53.06,57.2,69.98,64.4,60.8,73.04,86,69.98,55,48.9,63,57.2,64,48.9,61,43.9,60.1,64.9,58.3,45.3,56.84
53.06,57.2,71.6,68,64.94,78.08,87.98,77,57.9,52,64.9,58.1,66.9,54.7,64,53.8,64.9,66.9,57.9,46,58.46
53.96,60.8,73.4,69.8,69.98,82.04,90.86,82.04,63,54,68,60.3,71.1,60.3,68,63,66.9,70,58.3,48.4,60.26
53.06,62.6,75.02,75.2,73.94,86,93.92,86,64.9,61,68,60.4,75,66,68,70.5,70,73.9,58.6,50.7,62.24
53.96,64.4,75.74,78.8,78.98,87.98,97.88,87.08,64,66.9,70,62.8,80.1,68.7,71.1,77,72,75.9,59,53.1,64.4
55.94,71.6,76.28,80.6,80.96,93.02,99.86,93.02,64.9,72,73,64.9,86,71.2,73,81.9,73.9,75.9,59.4,56.1,66.92
55.04,73.4,77,82.4,84.92,96.08,100.94,95,64,75.9,73.9,66.2,89.1,73.9,77,86,75.9,79,59.7,59,68
57.92,75.2,76.28,82.76,87.98,98.06,101.84,82.04,64.9,80.1,75,67.1,89.1,73.6,79,87.4,75,77,60.1,62.1,68.36
60.08,73.4,75.74,82.04,87.98,98.96,102.92,84.02,64.9,84,77,70.3,90,73.4,80.1,88,72,79,61.7,62.4,68.54
62.96,71.6,75.02,80.6,87.98,100.04,104,89.06,62.1,84.9,78.1,70.9,89.1,73,82,88,63,80.1,63.3,62.6,67.28
60.08,69.8,73.76,78.8,87.08,98.96,102.92,84.92,61,84,78.1,70.7,88,69.4,82,86.9,64,77,64.9,63,67.46
57.02,66.2,72.32,73.4,84.92,96.98,101.84,82.94,60.1,82,77,68.5,84.9,65.7,81,82.4,59,72,63,61.3,66.74
55.04,64.4,71.06,71.6,80.96,91.94,97.88,78.08,59,73,72,66.4,81,62.1,80.1,75.9,57,68,61,59.5,64.94
53.06,62.6,70.7,69.8,77,89.06,93.92,75.02,60.1,68,70,64.6,75.9,59.4,75,68,57,66,59,57.9,64.4
48.92,62.6,70.34,68,73.94,86,91.94,71.06,63,64.9,69.1,61.9,72,56.7,68,59.9,57,66.9,57,56.3,63.5
48.56,61.88,69.98,67.82,72.32,82.94,90.86,67.1,61.9,64,66.2,61.7,70,58.1,68.2,57.7,57.4,66.4,57.9,55.4,62.6
48.38,60.98,69.62,67.46,70.88,79.7,89.78,62.96,60.6,63.3,63.3,61.7,68,59.5,68.4,55.6,57.9,65.8,58.6,54.5,61.34
48.02,60.26,69.26,67.28,69.26,76.64,88.7,59,59.5,62.4,60.4,61.5,66,61,68.5,53.4,58.3,65.3,59.5,53.6,59.9
47.84,59.54,69.08,66.92,67.64,73.4,87.62,55.04,58.5,61.5,57.6,61.3,63.9,62.6,68.5,51.1,58.8,64.6,60.4,52.7,58.64
47.48,58.82,68.72,66.74,66.02,70.34,86.54,51.08,57.4,60.6,54.7,61.2,61.9,64,68.7,48.9,59.2,64,61.3,51.8,57.74
47.3,57.92,68.36,66.38,64.58,67.1,85.46,46.94,56.1,59.9,51.8,61.2,59.9,65.5,68.9,46.8,59.7,63.5,62.1,50.9,57.2
46.94,57.2,68,66.2,62.96,64.04,84.38,42.98,55,59,48.9,61,57.9,66.9,69.1,44.6,60.1,63,63,50,57.02
46.04,55.4,66.92,66.2,62.96,62.96,82.94,44.06,55.9,59,48.9,60.1,55.9,64,66.9,44.6,57.9,63,63,50,56.84
50,57.2,66.92,66.2,60.98,62.06,82.94,46.04,54,59,48.9,59,55.9,64.9,64.9,44.6,55,62.1,63,52,56.48
53.96,60.8,68,69.8,60.98,66.92,83.3,53.06,57,61,51.1,59,62.1,66.9,66,48.2,57,64,62.1,51.1,55.94
57.92,64.4,69.98,75.2,64.04,69.98,86.36,60.08,57.9,66,55.9,61,66,71.1,73,53.6,57.9,68,66,57,57.02
64.04,69.8,71.96,80.6,66.92,71.96,90.5,69.08,59,70,60.1,62.1,71.1,73.9,79,62.6,62.1,70,69.1,64.9,57.02
60.98,71.6,73.04,84.2,69.98,78.98,94.64,71.06,61,72,62.1,63,75,75,84,68,66.9,73.9,70,66.9,57.92
64.94,75.2,73.94,89.6,71.06,84.02,98.06,73.94,63,75,66,59,78.1,77,84.9,75.2,73,75.9,71.1,73,60.08
66.02,80.6,75.92,91.4,71.06,86,101.3,77,64,77,66.9,59,80.1,80.1,87.1,80.6,77,79,73,75,60.08
66.92,86,75.02,93.2,66.02,89.06,103.82,78.08,64,79,69.1,62.1,82,80.1,89.1,82.4,81,80.1,71.1,75.9,60.98
64.94,87.8,75.02,91.4,62.96,93.02,105.8,80.96,64.9,81,72,64,84,80.1,89.1,82.4,84,82,69.1,77,62.06
62.96,89.6,73.94,89.6,62.06,91.94,107.06,80.96,64.9,79,71.1,66,86,79,89.1,82.4,86,82.9,71.1,73.9,62.96
64.94,89.6,73.04,87.8,62.06,93.02,107.78,78.98,64,79,71.1,66,84.9,77,89.1,80.6,86,82.9,70,73,64.04
64.94,82.4,71.06,82.4,62.06,91.04,107.96,78.08,60.1,78.1,71.1,64,84.9,73.9,86,80.6,86,82,73.9,72,62.96
64.94,80.6,69.08,80.6,62.06,89.06,105.62,77,57.9,75,69.1,64,82.9,72,87.1,80.6,84,80.1,72,70,62.06
59,73.4,68,80.6,60.98,82.94,101.66,73.04,57.9,71.1,64,62.1,73.9,71.1,82,77,78.1,73.9,70,69.1,62.06
57.92,73.4,66.92,77,60.98,80.96,97.52,64.94,57.9,66.9,64,61,72,69.1,80.1,66.2,79,66.9,64.9,68,60.98
55.94,71.6,66.92,77,60.98,75.92,94.1,64.04,57.9,64.9,64,60.1,62.1,68,73,57.2,75.9,64,63,64.9,57.92
55.04,69.8,66.92,75.2,60.98,73.04,90.86,60.98,57.9,64,63,59,62.1,66.9,71.1,55.4,73.9,63,59,62.1,57.02
55.04,64.4,68,75.2,60.98,69.98,87.98,57.02,57.9,60.1,63,59,64.9,61,68,57.2,71.1,63,57,60.1,57.02
53.96,64.4,68,73.4,59,68,86.9,59,57,57.9,62.1,57.9,59,55.9,64,55.4,72,64,53.1,59,55.04
55.04,64.4,66.92,73.4,60.08,66.02,86.18,53.96,57,57,62.1,57,57.9,53.1,62.1,51.8,71.1,60.1,48.9,57,55.94
53.96,64.4,66.92,75.2,60.08,66.02,85.28,53.06,57.9,55.9,59,57,57.9,54,60.1,50,71.1,55.9,46.9,53.1,57.92
53.96,64.4,66.92,73.4,60.08,64.94,84.56,53.06,57.9,54,59,55.9,54,51.1,57.9,48.2,66.9,57,44.1,50,57.92
53.96,62.6,66.92,73.22,59,64.04,83.84,51.08,57.9,53.1,59,55.9,53.1,51.1,55.9,48.2,66.9,63,45,50,57.02
53.96,57.2,66.92,73.4,57.92,64.04,82.94,48.02,57.9,48.9,57.9,54,52,48.9,53.1,46.4,64,57.9,43,46.9,55.94
53.96,60.8,66.02,73.4,55.94,62.06,83.12,46.94,57.9,48,55.9,55,57.9,50,51.1,46.4,64.9,57.9,42.1,46.9,55.94
51.98,64.4,66.92,75.2,60.08,64.04,83.48,57.02,59,51.1,55.9,55,64,57,51.1,48.2,62.1,64,44.1,48.9,57.02
55.94,73.4,68,77.54,62.06,69.98,86.72,64.04,57.9,54,59,57,68,64,53.1,55.4,66,71.1,52,54,57.92
55.94,77,71.96,80.6,64.04,75.02,91.04,71.06,59,57.9,61,60.1,71.1,68,54,62.6,73,77,59,60.1,57.92
55.04,78.8,71.96,86,66.92,78.98,95.36,73.04,61,62.1,64,62.1,75,71.1,57.9,66.2,80.1,82,66.9,66.9,60.08
57.02,84.2,73.04,89.6,69.08,82.04,98.96,75.92,63,66,64.9,63,80.1,73.9,59,69.8,82,86,70,71.1,62.96
55.04,87.8,73.94,91.4,73.04,84.92,101.66,75.92,63,68,66,66,84,78.1,63,75.2,87.1,89.1,73,73,66.02
57.92,89.6,73.94,91.4,75.02,87.08,103.64,80.06,63,69.1,66.9,66,86,80.1,64,75.2,88,91,72,77,66.02
60.08,87.8,73.94,93.2,73.94,87.98,105.26,80.96,63,70,66.9,68,88,82.9,66.9,78.8,84,93,73.9,79,66.02
60.98,84.2,75.02,93.2,75.02,87.98,106.16,80.06,62.1,70,68,66.9,89.1,84,66,80.6,88,93.9,77,81,64.94
62.96,82.4,73.94,91.4,75.02,89.06,106.34,80.96,62.1,70,66.9,69.1,90,84.9,68,80.6,89.1,93,79,79,66.02
60.98,77,73.04,89.6,75.02,89.06,105.98,80.96,62.1,70,66.9,68,89.1,82.9,68,80.6,88,93.9,79,81,64.04
59,71.6,71.06,87.8,71.96,84.02,103.82,78.98,61,64.9,66,66.9,87.1,82.9,64.9,78.8,84.9,90,77,82,62.96
57.02,69.8,69.08,84.2,69.98,80.06,100.04,71.96,59,62.1,63,64,80.1,75.9,63,73.4,75.9,79,73,77,62.06
53.06,66.2,69.08,80.6,69.08,75.02,96.08,69.98,55.9,59,62.1,63,71.1,73.4,61,64.4,73,80.1,64,73,60.98
51.98,64.4,69.08,80.6,64.04,71.06,92.84,68,52,59,60.1,62.1,66,73.4,59,68,69.1,78.1,60.1,64.9,62.06
53.06,64.4,69.08,78.8,62.96,68,89.78,64.04,50,57,57.9,61,62.1,70,57,60.8,73,77,55.9,61,62.06
55.94,62.6,69.08,78.8,62.06,66.02,87.08,57.02,53.1,54,55.9,59,62.1,66,55.9,53.6,71.1,72,52,61,60.08
53.96,60.8,69.98,77,60.98,64.94,86.18,59,51.1,54,54,57.9,61,62.4,54,55.4,75,72,50,59,60.08
53.96,60.8,69.08,77,60.08,62.96,85.64,55.94,51.1,52,54,57.9,60.1,56.3,51.1,53.6,73,70,45,57.9,57.92
53.96,59,69.08,75.2,60.08,60.98,84.92,53.06,51.1,51.1,50,57.9,63,53.1,48.9,51.8,66.9,61,46.9,55,57.02
53.06,57.2,68,75.2,59,60.08,84.2,48.92,52,48,50,57.9,60.1,51.4,50,48.2,64.9,60.1,45,52,57.02
51.98,57.2,68,75.2,59,59,83.84,46.04,50,48.9,48,57.9,57.9,50.4,48,46.4,62.1,54,46,53.1,55.94
51.98,57.2,68,75.2,59,57.02,82.94,44.96,48,45,46,57,59,47.5,48,46.4,60.1,64,48,54,55.94
51.08,55.4,68,73.4,59,55.04,82.76,44.06,46.9,46,50,55,62.1,47.8,48.9,46.4,57.9,55.9,46,57,55.94
51.98,59,68,78.8,60.08,59,82.94,53.06,48,46.9,50,55.9,63,55.8,48.9,48.2,57.9,64,48.9,55.9,57.02
55.04,60.8,69.98,80.6,62.96,64.04,85.82,64.94,51.1,52,51.1,57,66,62.1,52,57.2,61,69.1,53.1,60.1,59
55.04,62.6,73.04,84.2,66.02,69.08,89.78,69.98,60.1,57.9,54,59,70,65.5,55.9,66.2,61,77,55.9,62.1,60.98
55.94,64.4,75.02,89.6,69.98,71.96,93.74,73.04,60.1,60.1,57,60.1,75,68.2,60.1,73.4,61,82,60.1,64.9,60.08
59,66.2,75.02,93.2,73.04,77,96.98,75.92,62.1,64,64,61,81,71.1,64.9,75.2,63,84.9,69.1,71.1,60.08
59,68,73.94,98.6,73.94,80.96,99.14,78.98,68,66.9,68,62.1,86,73.6,68,78.8,64,91,71.1,75.9,60.08
59,68,75.02,95,75.02,82.94,100.4,80.96,66.9,71.1,72,62.1,90,74.3,69.1,82.4,64.9,91.9,77,79,60.08
57.02,69.8,75.02,96.8,77,84.92,101.3,82.04,69.1,73.9,73.9,63,93.9,76.1,71.1,84.2,64.9,93,79,84,60.08
60.08,68,73.04,95,77,86,101.48,82.94,68,75.9,75,64,93.9,75.9,72,84.2,63,90,80.1,84,60.08
62.96,66.2,75.02,95,75.92,87.08,101.12,84.02,68,78.1,75.9,66,95,73.9,72,86,64,93.9,78.1,82.9,60.08
60.98,62.6,71.96,95,75.02,86,100.04,84.02,64.9,77,75.9,66,93,72,71.1,86,64.9,86,78.1,82.9,60.98
60.08,60.8,71.06,91.4,69.98,84.02,98.96,80.06,64,75,73,64,90,68,70,82.4,64.9,86,77,82.9,60.08
57.02,57.2,69.98,89.6,64.94,80.06,96.08,75.02,60.1,71.1,70,62.1,86,63,66.9,73.4,63,81,73.9,77,60.08
55.94,57.2,69.98,86,62.96,78.08,93.2,71.06,59,68,66.9,60.1,77,59,63,69.8,59,75.9,70,64,60.08
51.98,57.2,69.08,86,60.08,75.92,90.86,69.08,55.9,63,62.1,59,73,60.1,61,59,59,75,71.1,63,60.08
55.94,55.4,69.08,84.2,59,71.06,88.7,68,53.1,64,63,57.9,75.9,55.9,57.9,60.8,57.9,73.9,64,59,60.08
57.02,57.2,69.08,84.2,57.92,71.06,87.08,64.94,51.1,62.1,61,57,75.9,54,57,55.4,55.9,69.1,60.1,59,60.08
55.94,55.4,68,80.6,57.02,64.04,85.46,64.04,50,59,59,57,70,53.1,55,51.8,55,72,59,57.9,60.08
55.94,57.2,68,78.8,57.02,64.04,84.02,62.06,48.9,57.9,57.9,57,64,45,54,51.8,55.9,69.1,57,54,60.08
55.04,55.4,66.92,78.8,55.94,60.98,82.4,60.98,48,55,55.9,57,64,39,51.1,51.8,55.9,70,55.9,54,59
53.96,53.6,66.92,78.8,53.96,62.06,80.96,55.94,48.9,52,55,55.9,60.1,39.9,51.1,48.2,55,70,55,54,60.08
53.96,53.6,66.92,77.72,55.04,59,79.7,53.96,48.9,53.1,55,55.9,59,39,50,46.4,54,70,55,51.1,59
55.04,53.6,66.02,77,50,59,78.08,48.02,50,52,53.1,55,66.9,37,48.9,46.4,53.1,66,53.1,50,57.92
55.04,51.8,66.02,78.44,50,59,77.54,46.04,52,50,54,55,64.9,37.9,46,46.4,50,68,53.1,50,57.92
57.02,53.6,69.08,82.4,57.92,66.02,77.18,55.94,53.1,52,54,57,66.9,48,48,48.2,51.1,66,54,52,60.08
57.92,59,73.04,86,62.96,71.96,79.52,64.94,54,55,57,60.1,72,55,51.1,55.4,51.1,78.1,55.9,55.9,60.98
57.92,62.6,73.94,77,66.02,77,83.12,69.98,55,60.1,60.1,62.1,78.1,59,55,64.4,50,80.1,59,60.1,60.98
60.08,64.4,75.02,93.2,68,82.04,86.54,75.02,60.1,64.9,64,62.1,82,63,60.1,73.4,51.1,82,62.1,64,62.96
62.96,66.2,77,96.8,71.06,87.08,89.42,77,64,69.1,68,61,84.9,66.9,63,78.8,52,84.9,66,68,66.92
62.96,69.8,77,100.4,73.04,87.98,92.12,80.06,66,73.9,71.1,63,88,69.1,66.9,84.2,51.1,90,68,73,66.02
62.96,69.8,75.92,100.4,75.92,91.04,93.92,84.02,69.1,77,75.9,63,89.1,70,71.1,84.2,51.1,88,69.1,75.9,69.98
66.92,69.8,77,100.4,75.92,91.04,95.54,86,68,82,78.1,63,90,72,72,86,51.1,86,71.1,80.1,71.06
60.08,69.8,75.92,100.04,75.92,93.02,96.26,87.08,69.1,84,80.1,63,90,72,73.9,87.8,51.1,90,73.9,82.9,73.94
59,68,75.02,98.6,78.08,93.02,96.44,86,66.9,84,82,64,90,72,75,87.8,51.1,91,72,82,73.04
59,66.2,73.94,96.8,75.92,93.02,96.08,84.92,64.9,84,81,63,90,73,73.9,87.8,51.1,91,69.1,78.1,71.96
57.02,64.4,73.04,93.2,69.98,89.96,95,80.96,64.9,79,78.1,62.1,86,69.1,73.9,86,51.1,89.1,68,73.9,69.08
53.96,62.6,71.06,89.6,64.94,84.92,92.12,75.92,60.1,73.9,72,61,82,57.9,72,77,51.1,84.9,66,72,66.92
51.98,60.8,71.06,89.6,62.96,80.96,89.06,73.04,55.9,71.1,72,57.9,73.9,60.1,70,71.6,50,73.9,64,66,64.94
44.96,60.8,69.98,84.92,60.98,77,86.72,69.98,53.1,68,70,57.9,77,60.1,64.9,68,50,73,61,64,64.94
46.04,60.8,69.98,80.6,59,75.92,84.56,66.02,53.1,64,66,55.9,75,57.9,61,62.6,50,75,61,62.1,64.94
51.08,60.8,69.98,78.8,57.02,71.06,82.94,60.98,51.1,63,64,55.9,69.1,60.1,61,66.2,50,69.1,59,57.9,62.06
53.96,60.8,69.98,77,53.96,66.92,81.86,55.04,48.9,60.1,60.1,55,69.1,59,59,69.8,50,71.1,62.1,60.1,62.06
53.96,59,69.98,77,51.98,64.94,81.32,55.04,48,59,62.1,55,64,57,55.9,69.8,50,66.9,62.1,59,60.98
53.96,59,69.98,77,53.06,62.96,80.42,46.94,48,55.9,60.1,55,66,57.9,55,68,50,66.9,62.1,55,59
53.96,59,69.98,75.2,51.08,62.06,79.7,51.08,48,53.1,55.9,53.1,64.9,55.9,54,68,50,64.9,59,54,60.08
53.06,57.2,69.98,75.2,53.06,64.94,78.98,50,46.9,52,55.9,53.1,64.9,55,53.1,68,50,64.9,57,53.1,60.08
53.06,57.2,69.08,73.4,51.98,62.06,78.08,46.94,48,53.1,55,51.1,62.1,55,52,66.2,50,64.9,57,52,59
53.06,57.2,69.98,73.4,51.98,62.06,77.18,48.02,46,51.1,52,52,61,48,51.1,64.4,48,66,55.9,52,59
51.98,59,71.06,77.36,55.94,69.08,76.28,57.92,50,54,57,51.1,64.9,53.1,52,59,48,66,55.9,51.1,59
53.06,61.16,75.02,82.4,62.96,73.04,78.44,66.02,60.1,57.9,57.9,54,68,55.9,55,60.8,50,66.9,57,57,60.08
53.96,62.6,78.08,84.2,68,80.06,81.5,73.04,66.9,61,61,55,75,61,57,60.8,54,63,57,63,60.98
55.94,64.4,77,89.6,71.96,84.92,84.56,78.08,73.9,64.9,64.9,55.9,79,64,61,62.6,57.9,63,59,66.9,60.98
57.92,66.2,80.06,91.4,77,89.96,87.08,82.04,77,70,69.1,55.9,84.9,68,64.9,64.4,62.1,70,60.1,70,62.96
60.08,68.18,80.96,95,78.08,93.02,90.5,86,79,73.9,73.9,57.9,87.1,69.1,66.9,64.4,64.9,72,63,73,64.04
57.02,69.62,80.06,95,80.06,96.08,93.2,89.96,79,78.1,77,61,89.1,71.1,70,66.2,66.9,73.9,64.9,75,64.94
60.98,69.8,80.96,95,82.04,96.08,95.36,91.04,80.1,81,81,62.1,90,72,72,66.2,69.1,75.9,64.9,75.9,64.94
64.04,69.8,80.06,95,82.04,98.06,96.8,91.04,78.1,84,84,62.1,91,72,72,69.8,70,75.9,69.1,77,66.02
64.94,69.8,82.94,91.4,80.96,98.06,97.7,91.04,75.9,86,84.9,63,90,70,73.9,69.8,70,72,69.1,71.1,66.02
64.94,66.2,78.98,91.4,80.96,96.98,98.06,89.06,73.9,86,86,63,89.1,71.1,73,68,70,68,62.1,72,66.02
64.04,64.4,73.94,86.36,77,95,97.34,84.02,71.1,84,79,61,84.9,62.1,72,66.2,69.1,63,57.9,69.1,62.96
57.92,62.6,73.04,82.04,71.06,87.08,94.82,78.98,64.9,77,73,59,75.9,61,70,64.4,66,61,59,66.9,62.06
55.04,60.8,71.96,78.8,69.08,84.92,92.12,73.94,60.1,72,71.1,57.9,72,60.1,64.9,64.4,63,60.1,55.9,62.1,60.98
55.04,60.8,71.96,77.18,64.04,82.94,90.14,71.06,57.9,68,69.1,57.9,68,60.1,64,64.4,62.1,57.9,54,61,60.08
53.06,60.8,71.06,75.74,64.04,80.06,88.34,71.96,55,66,64,55.9,66.9,59,59,57.2,60.1,57.9,54,61,60.08
50,59,71.06,74.66,62.06,77,87.08,57.92,54,64.9,61,54,66,57.9,60.1,55.4,57.9,57.9,53.1,59,60.08
50,57.2,71.06,73.94,60.08,73.94,85.46,57.02,53.1,62.1,63,53.1,66,54,57.9,55.4,57.9,59,52,59,60.08
48.02,57.2,71.06,73.22,62.06,71.96,84.38,55.94,52,61,61,51.1,64,52,55,57.2,55,57,52,54,55.94
46.94,57.2,71.06,72.32,60.98,69.98,82.94,51.08,55,57.9,60.1,51.1,64,45,53.1,53.6,57,57.9,52,53.1,51.98
46.94,57.2,71.06,71.6,57.02,68,81.68,51.08,54,57,57,51.1,59,42.1,51.1,55.4,54,59,50,52,51.98
46.94,57.2,71.06,69.8,53.06,66.02,80.42,51.98,54,55,55.9,50,62.1,41,50,55.4,54,59,48.9,53.1,51.98
46.94,57.2,71.06,69.8,51.98,62.96,78.98,48.92,54,54,55,48.9,60.1,42.1,50,55.4,52,59,48,51.1,51.98
48.92,57.2,71.96,69.8,51.08,64.04,78.62,48.02,55,54,55,51.1,59,42.1,50,55.4,52,59,48,51.1,53.06
55.04,57.2,75.02,71.6,60.98,69.08,78.62,59,55,55,55.9,52,63,50,50,57.2,53.1,57.9,48.9,52,53.96
64.94,59,77,74.84,66.02,75.02,81.32,69.08,55.9,57.9,59,53.1,69.1,55.9,55.9,60.8,55.9,59,52,52,55.04
66.92,60.8,78.98,78.8,69.08,80.06,85.1,77,57,64,63,54,73.9,60.1,61,59,61,61,52,53.1,57.02
69.98,64.4,78.98,84.2,73.04,84.92,88.88,82.04,59,68,64,55.9,79,64,64.9,62.6,66.9,64,55,54,59
69.98,66.2,80.06,87.8,75.92,89.06,91.94,86,60.1,73,70,57.9,84.9,68,68,69.8,69.1,66,55.9,55,60.98
66.02,66.2,80.96,89.6,80.96,93.02,95.18,89.96,61,78.1,73,57,88,70,70,73.4,73,71.1,60.1,57,62.06
64.94,66.2,80.06,91.4,82.94,96.08,97.7,91.04,62.1,82.9,75.9,57.9,91,72,73,75.2,75.9,75,61,57.9,62.06
62.06,66.2,80.06,93.2,86,98.06,99.86,93.02,62.1,86,78.1,59,91,72,75.9,77.2,73.9,78.1,63,62.1,60.08
60.08,64.4,80.06,93.2,86,100.04,101.12,93.02,61,89.1,80.1,61,91.9,73.9,79,78.8,72,79,64.9,63,60.08
57.92,64.4,80.06,91.4,87.08,100.04,101.84,91.94,61,90,78.1,60.1,91.9,72,80.1,77,70,80.1,64.9,64,60.98
55.04,62.6,80.06,86,87.08,98.96,102.02,91.94,59,90,75.9,60.1,91,68,79,62.6,66.9,80.1,64.9,63,60.98
53.96,60.8,77,80.6,84.02,96.08,101.12,84.92,59,86,73.9,59,88,63,79,62.6,64,78.1,63,60.1,60.08
53.06,59,73.94,78.8,75.92,89.06,98.42,80.06,57.9,79,71.1,57.9,79,60.1,75,59,60.1,73.9,61,59,57.92
51.08,59,73.94,75.2,69.98,84.92,95.54,75.02,57,75,70,57,81,57.9,66.9,60.8,57,71.1,60.1,55,57.92
51.08,57.2,73.94,73.4,68,82.94,93.38,66.02,57,69.1,68,57.9,81,55.9,64.9,60.8,53.1,68,57.9,54,59
50,57.2,73.94,71.6,66.92,80.96,91.4,62.96,57,66.9,66.9,57,75.9,51.1,63,57.2,53.1,66.9,53.1,54,59
50,55.4,73.04,69.8,64.04,78.98,89.96,57.02,57.9,64,64.9,57,72,57,60.1,57.2,52,66,52,54,57.02
50,55.4,71.96,69.8,62.06,73.94,88.88,59,57,61,66,57,68,51.1,59,55.4,51.1,64,52,52,53.96
50,55.4,71.06,69.8,59,71.96,88.16,53.96,57,55.9,64.9,57,69.1,42.1,57.9,57.2,51.1,63,52,53.1,51.98
50,55.4,71.06,68,60.08,69.98,87.26,57.92,55.9,53.1,64.9,57,66.9,43,57.9,51.8,51.1,61,52,53.1,51.98
50,55.4,69.98,66.2,55.94,68,86.54,51.98,55.9,54,64,55,66,39.9,57.9,51.8,52,60.1,52,52,51.08
50,55.4,69.98,66.2,55.04,64.94,85.82,53.06,55.9,52,62.1,54,63,39,55.9,48.2,52,59,52,52,48.92
50,55.4,69.08,64.4,53.96,66.02,84.92,53.96,55.9,50,57.9,54,62.1,37,54,46.4,52,60.1,52,50,50
50,55.4,69.98,64.4,51.08,64.04,84.74,51.08,55.9,51.1,57,54,62.1,37.9,53.1,46.4,52,59,51.1,50,53.06
51.98,55.4,73.94,71.6,60.08,69.08,84.92,62.06,55.9,53.1,55.9,55,63,45,54,48.2,51.1,59,51.1,50,55.04
53.06,57.2,78.98,75.2,68,73.04,87.8,69.98,57,57.9,57.9,57,64,54,59,55.4,53.1,59,52,52,57.02
53.06,57.2,82.04,78.8,73.94,78.08,91.76,78.08,57.9,63,61,57.9,69.1,60.1,64.9,60.8,57,60.1,54,54,57.02
50,59,82.04,84.2,78.08,82.94,95.72,84.02,57.9,68,63,57.9,71.1,62.1,70,64.4,59,62.1,54,57.9,57.92
53.06,60.8,82.94,87.8,82.94,87.08,98.96,87.98,60.1,73.9,66,63,66.9,66,73,69.8,61,64,57,57.9,60.08
55.04,62.6,82.04,91.4,87.98,91.04,102.2,91.94,60.1,79,66.9,64,68,66.9,75.9,73.4,62.1,66,59,61,60.98
57.02,64.4,82.04,95,89.06,93.92,104.72,93.02,60.1,82,68,64,70,68,77,78.8,64,66,55.9,62.1,62.06
57.02,66.2,80.06,96.8,93.02,96.98,106.88,93.02,61,84.9,69.1,66,72,68,79,80.6,66.9,70,62.1,64.9,62.96
55.04,64.4,80.06,93.2,93.92,96.98,108.14,93.92,60.1,88,69.1,66,70,69.1,82,80.6,66.9,75.9,61,63,62.96
55.04,64.4,80.06,96.8,93.92,98.96,108.86,93.92,60.1,88,69.1,66.9,70,68,84,78.8,66.9,80.1,52,62.1,64.04
53.96,62.6,80.06,89.6,91.94,96.98,109.04,91.94,59,88,66.9,66,69.1,68,82.9,78.8,66,78.1,55,59,62.96
53.06,60.8,77,87.8,87.98,93.02,107.6,86,57.9,84,66.9,63,69.1,63,82.9,80.6,64.9,75.9,54,57,62.96
53.06,59,75.02,86,78.08,87.08,105.8,82.04,57,79,64,60.1,63,59,79,73.4,64,75,53.1,54,60.08
53.06,57.2,73.94,82.4,75.02,82.94,101.84,78.08,57,75,63,60.1,60.1,54,75,69.8,61,66.9,50,53.1,57.92
51.98,57.2,73.94,78.8,78.08,80.96,98.6,71.06,57,72,61,60.1,57,55,68,66.2,60.1,68,46.9,53.1,59
51.98,57.2,73.04,75.92,69.98,78.08,95,66.92,57,66.9,59,59,55.9,48,68,55.4,57.9,68,46.9,48.9,59
51.08,55.4,71.96,73.4,71.96,77,91.4,60.98,57,61,57,57.9,54,44.1,63,60.8,55.9,70,44.1,51.1,55.94
51.08,51.8,71.96,71.6,64.94,73.94,89.6,60.08,57,61,55.9,55.9,53.1,43,61,57.2,55,64.9,43,50,57.02
51.08,51.8,71.06,69.8,60.98,71.06,89.6,55.94,57,59,54,55.9,53.1,41,62.1,66.2,53.1,60.1,43,48.9,55.94
50,55.4,71.06,69.8,59,68,87.8,53.96,57,57.9,53.1,55,52,37.9,63,68,54,59,43,48.9,53.06
50,55.4,71.06,68,57.92,66.02,87.8,55.04,57,55.9,52,53.1,50,37,60.1,60.8,53.1,60.1,44.1,46,53.06
50,55.4,69.08,68,53.96,64.94,86,51.98,57,55,51.1,52,50,37,57,55.4,50,60.1,45,45,53.06
50,51.8,69.98,68,55.94,64.04,86,51.98,57,55,50,50,52,37,57,53.6,50,57.9,46,44.1,50
50,53.6,69.98,68,57.02,64.94,86,53.06,57,53.1,50,52,51.4,39.9,55.9,53.6,50,57.9,43,44.1,50
48.92,57.2,73.04,71.6,62.06,66.92,86,60.08,57,55,52,55,50,44.1,55,55.4,53.1,55.9,43,45,53.96
48.92,59,75.92,77,69.98,71.06,87.8,71.06,57.9,59,57,57,51.4,50,63,55.4,55.9,57.9,48,46,57.92
50,60.8,80.06,82.4,78.08,75.92,91.4,77,57.9,63,61,61,51.3,54,69.1,55.4,61,60.1,55,50,60.08
51.08,62.6,80.96,87.8,82.94,80.96,93.2,82.94,59,69.1,66.9,63,51.1,57.9,72,53.6,66.9,61,57.9,53.1,60.08
53.96,66.2,82.04,95,86,84.92,95,89.06,60.1,75,73,64,52,62.1,75,53.6,69.1,63,61,55.9,62.96
55.04,69.8,80.96,96.8,91.04,87.98,97.7,91.04,62.1,80.1,82,66,53.1,66.9,77,53.6,71.1,64.9,60.1,57.9,62.06
60.98,73.4,80.96,96.8,93.02,91.04,99.68,93.02,62.1,86,84,68,52,69.1,82,57.2,73,64.9,63,57.9,64.94
60.98,73.4,82.04,95,93.02,93.02,101.3,93.92,63,88,84.9,70,51.1,68,84,62.6,75,66.9,63,63,66.92
66.02,75.2,82.04,93.2,93.92,93.92,102.2,93.92,63,88,86,73,51.1,69.1,84.9,64.4,75.9,66.9,64,64.9,62.96
64.94,73.4,80.06,93.2,93.02,93.02,102.38,93.92,64,88,86,73,51.1,69.1,86,62.6,77,68,66,66,64.04
64.04,69.8,78.08,95,91.04,91.94,102.02,91.04,61,87.1,82.9,73.9,50,70,86,62.6,73.9,66.9,64,64.9,64.04
60.08,68,75.92,93.2,84.92,87.98,100.22,84.92,57.9,82,80.1,68,50,68,86,60.8,70,64.9,63,64.9,62.96
57.02,64.4,73.04,87.8,78.08,82.94,96.8,82.04,57,77,78.1,63,50,57,82,55.4,66,61,59,57.9,60.98
55.04,62.6,73.04,86,71.96,80.06,93.02,82.94,57,75,71.1,62.1,50,57.9,77,51.8,64,57,55,54,59
50,62.6,71.96,83.12,69.98,77,89.96,75.92,57,71.1,68,62.1,48.9,57.9,72,50,61,55.9,50,48,55.04
51.08,60.8,71.96,80.6,69.08,73.04,87.26,69.98,55.9,66.9,63,61,48.9,55.9,70,48.2,59,55,45,48,53.96
55.04,57.2,71.96,77,68,71.06,84.92,62.96,55.9,64.9,59,59,48.9,51.1,68,44.6,57.9,55,41,46,53.96
55.04,57.2,71.96,76.1,64.94,69.08,84.56,64.04,55.9,63,59,59,50,50,66.9,41,55,55,39,46,51.98
55.04,53.6,71.06,75.2,62.96,66.02,84.56,57.02,55,63,57.9,57.9,50,48,66.9,39.2,54,53.1,37.9,43,53.06
55.04,53.6,69.98,73.4,60.98,64.94,84.38,60.08,55.9,60.1,59,55.9,48.9,46,64.9,41,52,53.1,37.9,41,53.06
55.04,53.6,69.08,73.4,57.02,64.04,84.2,51.08,55.9,55,55.9,55,48,45,64.9,37.4,51.1,55,37.9,41,53.06
55.04,51.8,69.98,71.6,57.02,62.96,84.38,55.04,55,55,55.9,55,46.9,44.1,62.1,41,51.1,55,39,39.9,51.08
53.96,53.6,68,71.6,55.04,62.96,84.02,53.96,55,53.1,54,54,45,45,57,37.4,50,55,41,39,48.92
55.04,51.8,69.08,69.8,57.02,62.06,83.48,50,55,54,54,53.1,45,44.1,55,35.6,50,51.1,41,36,51.98
55.04,57.2,69.98,75.2,62.96,64.04,83.3,60.08,55.9,55,55.9,55.9,48,51.1,55,36.3,51.1,57,39,37.9,55.04
55.94,64.4,73.04,78.8,69.08,66.92,85.82,71.96,55.9,57.9,63,60.1,51.1,59,61,41.4,54,62.1,44.1,42.1,57.92
57.02,66.2,77,82.4,73.04,71.06,89.42,78.98,55.9,63,69.1,62.1,55,64,64,46.4,60.1,66.9,48.9,48,60.98
60.08,68,78.08,89.6,78.08,73.94,93.2,82.94,57.9,68,73.9,63,57.9,66.9,66.9,53.6,66,72,54,52,60.98
62.06,73.4,82.04,92.84,80.06,77,96.08,87.98,60.1,73,78.1,66,59,71.1,73,55.4,71.1,73.9,61,55.9,60.98
66.92,77,80.96,95,84.02,77,99.5,91.04,61,75,82.9,68,61,73.9,75,55.4,75.9,77,64.9,63,62.06
66.02,80.6,82.04,96.8,84.92,78.98,102.2,91.94,64.9,79,86,69.1,61,77,77,59.4,80.1,79,66,66,62.96
66.02,82.4,80.06,96.8,87.08,82.04,104.54,89.96,66.9,84,90,70,62.1,78.1,79,62.6,75.9,82,66.9,70,64.04
64.94,82.4,80.96,96.8,89.06,82.04,106.16,86,66,86,91,71.1,63,79,80.1,66.2,78.1,81,68,70,64.94
64.04,78.8,82.94,97.16,89.06,82.04,107.06,84.92,64.9,86,91.9,70,62.1,79,80.1,66.2,78.1,82,69.1,71.1,64.04
64.04,78.8,82.94,96.8,87.08,80.96,107.42,86,63,80.6,89.1,69.1,60.1,79,80.1,64.4,75.9,81,68,73,64.04
62.06,75.2,78.08,93.2,82.94,78.98,106.34,78.08,59,77,84,66.9,57.9,73.9,80.1,64.4,73,80.1,68,71.1,62.96
60.98,73.4,75.92,89.6,78.98,75.02,103.64,69.08,55,73,79,63,57,62.1,75.9,60.8,70,75.9,63,64.9,62.06
57.02,66.2,73.94,86.72,73.94,73.04,100.76,69.08,55,70,73.9,62.1,57,57.9,73.9,55.4,68,71.1,55,55.9,60.98
55.94,66.2,73.04,84.2,71.06,71.96,98.42,69.98,54,68,72,61,55.9,60.1,70,50,66,68,53.1,54,60.98
48.02,64.4,73.04,82.4,66.92,69.98,96.44,64.94,54,66,66.9,59,54,54,66,46.4,64,66.9,46.9,54,59
48.92,62.6,71.96,78.8,64.04,68,95,64.94,55,64.9,66.9,57.9,54,51.1,64,46.4,57.9,62.1,45,52,57.92
46.04,60.8,71.06,77,60.98,64.94,93.38,60.98,55,63,63,57,53.1,51.1,62.1,46.4,57.9,66.9,44.1,48,57.02
50,60.8,69.08,77,57.92,64.94,91.94,55.04,52,57.9,61,57,53.1,50,61,46.4,55.9,68,42.1,46,57.92
51.98,57.2,68,75.2,55.94,64.04,90.32,53.96,53.1,57,62.1,55,52,48,62.1,46.4,55.9,68,41,46.9,57.02
53.96,57.2,69.08,73.4,57.02,60.98,88.88,53.06,52,55,61,53.1,52,46.9,59,44.6,55,68,42.1,43,57.02
55.04,51.8,69.08,73.4,55.04,59,87.62,50,51.1,52,61,52,52,46,57,44.6,53.1,64.9,39,45,57.02
55.04,57.2,69.08,73.4,53.06,59,86,51.08,52,55,60.1,53.1,51.1,45,55.9,46.4,54,60.1,39.9,43,55.94
53.96,55.4,68,71.6,51.98,59,85.1,48.92,52,53.1,59,51.1,50,45,54,46.4,54,64,39,41,55.04
53.06,60.8,73.04,77,59,60.98,84.2,59,53.1,53.1,61,54,51.1,53.1,55,44.6,57,64,39.9,42.1,55.04
55.04,69.8,75.92,80.6,64.94,66.02,86.36,68,54,57.9,66.9,57.9,55,61,59,44.6,59,66,50,48,57.92
57.02,71.6,77,84.2,69.98,69.98,89.42,75.02,55.9,63,70,61,57.9,66,64.9,48.2,60.1,69.1,55,52,59
57.02,73.4,78.98,87.8,75.92,73.94,92.48,80.06,57,68,73.9,63,59,71.1,68,50,64,70,57,57,60.98
62.96,78.8,78.98,91.4,80.96,78.08,95,84.92,57.9,73.9,77,66,62.1,77,72,50,64,72,62.1,61,60.98
62.96,82.4,82.04,93.2,84.02,80.06,98.24,87.98,59,78.1,81,66.9,63,80.1,75,48.2,64.9,70,66.9,66.9,62.96
62.96,87.8,82.94,96.8,86,82.94,100.76,89.06,59,82,84,69.1,64,82,79,48.2,68,64.9,69.1,72,64.04
64.94,84.2,80.96,93.2,87.08,82.94,102.92,89.96,59,86,84.9,72,64,82.9,82.9,50,70,63,73,75,64.94
62.06,84.2,80.96,93.2,89.96,82.94,104.18,89.96,60.1,87.1,87.1,73,64.9,84.9,84,51.8,71.1,61,75.9,79,66.02
57.92,78.8,78.08,91.4,89.96,84.02,104.9,89.06,59,88,87.1,72,64.9,84.9,84,51.8,71.1,62.1,75.9,80.1,64.94
57.02,77,78.08,90.14,87.98,82.94,105.08,87.08,57.9,88,84,72,63,84,84,51.8,70,59,75.9,81,64.04
57.02,71.6,77,87.8,84.02,80.06,104,82.94,57,86,79,69.1,62.1,75.9,84.9,53.6,66.9,57,73.9,79,62.96
55.94,66.2,75.92,86,77,75.02,101.12,78.08,55.9,82.9,73.9,66.9,61,68,82,53.6,63,55.9,68,71.1,60.98
57.02,62.6,75.92,84.2,73.04,73.04,98.06,80.96,55.9,79,70,64.9,61,63,73.9,53.6,59,55,57,64,60.08
57.02,60.8,73.94,80.24,71.06,69.98,95.72,66.92,55.9,77,64.9,63,57.9,62.1,71.1,51.8,59,54,52,61,60.08
55.94,59,73.04,76.64,64.04,66.92,93.56,73.04,55.9,75,61,63,57,57.9,70,51.8,60.1,53.1,51.1,60.1,55.94
55.94,57.2,71.06,73.4,60.98,66.02,91.94,68,55.9,72,57,61,57,55,66.9,51.8,57.9,53.1,48,55.9,57.02
53.06,57.2,69.98,73.4,59,64.04,90.68,66.92,55.9,68,59,57.9,57,57.9,66,50,55.9,53.1,48,55,55.04
53.06,57.2,69.98,71.6,60.08,62.06,89.96,62.06,55.9,64.9,57,57,57,53.1,66.9,48.2,55.9,53.1,45,53.1,51.98
53.06,57.2,68,69.8,57.92,60.08,88.88,60.98,55.9,63,57,57,57,50,66.9,48.2,50,52,45,52,51.98
51.98,57.2,68,68,55.94,59,87.98,57.02,55.9,62.1,55.9,55.9,55.9,54,66,48.2,48,52,43,46.9,51.98
51.08,55.4,66.92,68,55.94,59,87.08,55.04,55.9,61,55,55.9,55,50,64.9,44.6,46.9,52,42.1,44.1,51.98
51.08,55.4,66.02,68,53.96,57.92,86,50,55,59,55.9,54,55,48,64.9,44.6,45,52,43,46.9,51.08
50,51.8,66.02,68,55.04,55.94,85.28,55.04,55,57.9,55,53.1,55,50,63,41,48,51.1,39.9,45,50
50,57.2,69.08,69.8,60.98,57.92,84.92,59,55.9,60.1,55.9,57,55,57,62.1,44.6,48.9,50,44.1,45,53.06
53.06,60.8,73.94,73.4,66.92,60.98,87.26,69.98,57,63,61,59,55.9,64,62.1,46.4,53.1,50,54,51.1,60.98
55.04,62.6,75.92,75.2,73.04,66.02,90.68,73.94,57.9,69.1,63,62.1,57,70,66.9,50,55,50,57.9,55,62.06
55.94,66.2,78.98,78.98,77,71.06,94.28,78.98,59,73,64.9,66,60.1,75,75,53.6,57,50,63,60.1,62.96
60.08,68,80.06,82.4,82.04,73.94,96.98,80.96,60.1,75.9,68,68,63,79,80.1,57.2,60.1,48.9,66.9,64,64.04
57.92,69.26,78.98,82.4,86,77,100.22,82.94,61,78.1,70,70,64,82,82.9,60.8,62.1,48.9,71.1,69.1,64.94
57.02,69.8,78.98,82.4,89.96,78.98,102.74,86,62.1,82,71.1,71.1,66.9,84.9,84.9,62.6,66,48.9,73.9,73.9,66.02
57.92,69.8,80.06,84.2,91.94,80.06,104.9,87.08,61,84,73,73,69.1,87.1,84.9,66.2,66,48.9,78.1,80.1,69.08
57.92,68,84.02,84.2,93.92,78.98,106.16,87.98,60.1,84,73.9,73.9,68,87.1,87.1,66.2,66.9,48.9,81,84,69.98
55.94,66.2,82.04,82.4,93.92,78.98,106.88,87.98,60.1,82,75,73.9,68,88,87.1,66.2,66.9,50,81,84.9,69.08
55.94,64.4,84.02,78.8,93.02,78.98,107.06,86,59,79,75,72,66.9,86,87.1,66.2,66,50,79,84,68
51.98,60.8,80.06,77,87.98,77,106.52,82.04,57.9,77,72,70,66,81,84.9,66.2,64,48.9,77,80.1,64.04
51.98,59,75.92,73.4,80.06,73.04,104.18,78.08,57,75.9,69.1,64.9,64.9,69.1,81,62.6,60.1,48,68,75.9,62.96
53.06,57.2,75.02,73.4,78.98,71.96,101.66,73.94,57,73.9,66,64.9,63,62.1,75.9,60.8,61,48,57.9,73,62.06
53.96,57.2,75.02,71.6,73.94,68,99.68,73.04,57,73,64,64,60.1,59,75.9,60.8,59,48,53.1,64.9,60.08
53.06,55.4,73.94,70.52,69.98,66.02,98.06,68,57,71.1,64,63,57.9,57.9,72,59,57,48,53.1,57,60.08
53.06,55.4,71.06,69.8,68,62.96,96.98,69.08,57,70,62.1,60.1,57,55.9,69.1,57.2,57,46,48.9,55,60.08
50,55.4,69.98,68,64.94,60.98,95.54,62.06,57,69.1,62.1,57.9,52,54,68,53.6,53.1,44.1,50,55,55.04
51.08,55.4,69.08,68,62.06,60.08,94.64,57.92,57,68,61,57.9,51.1,53.1,64.9,53.6,52,42.1,46.9,53.1,53.06
51.08,55.4,69.08,68,60.98,59,93.38,53.96,55.9,66,60.1,59,53.1,50,63,53.6,51.1,42.1,46,48.9,51.08
51.98,55.4,69.08,68,60.08,57.02,92.12,55.04,57,66,61,55,55,50,61,53.6,50,41,44.1,48.9,53.06
51.08,55.4,68,68,57.02,55.94,91.04,50,57,64.9,61,54,50,48,61,53.6,45,41,46.9,48,51.08
51.98,55.4,66.92,68,57.02,55.94,89.78,50,57,63,60.1,54,46.9,55.9,61,53.6,44.1,39.9,43,45,51.98
51.98,55.4,66.02,69.8,55.04,55.04,88.7,48.92,57,62.1,59,53.1,48,54,61,51.8,46,42.1,43,46.9,51.08
51.98,55.4,69.98,69.8,62.96,57.02,88.16,57.02,57,61,59,57,53.1,55,64.9,53.6,46.9,41,44.1,44.1,53.96
53.06,55.4,75.92,69.8,71.96,60.08,90.14,68,57,62.1,59,61,55.9,66,64.9,55.4,50,39.9,55,51.1,60.08
53.96,57.2,71.96,71.6,77,64.94,93.2,75.02,57.9,63,61,64.9,57.9,71.1,59,60.8,54,41,60.1,55.9,62.96
55.04,59,71.06,75.2,80.06,68,96.62,82.04,57.9,64.9,64.9,69.1,60.1,75.9,59,62.6,61,39.9,64.9,62.1,66.02
53.96,60.8,75.02,78.44,84.02,71.06,98.96,86,59,68,66.9,71.1,62.1,82,61,66.2,66.9,39,68,64.9,66.92
55.94,62.6,80.06,80.6,84.92,73.94,101.66,89.06,62.1,69.1,70,72,63,84.9,60.1,65.7,73,41,72,71.1,68
55.94,62.6,77,82.4,86,75.92,103.64,91.04,62.1,71.1,72,73,64,88,60.1,64.6,75.9,41,77,75.9,69.98
59,64.4,73.94,82.4,87.08,77,105.26,89.96,62.1,71.1,71.1,75.9,64.9,89.1,60.1,62.6,78.1,41,79,80.1,71.06
57.02,66.2,71.96,84.2,86,78.98,106.16,91.04,62.1,73,71.1,75.9,64,90,62.1,60.8,79,42.1,81,84,71.06
55.04,64.4,71.06,81.86,86,78.98,106.34,89.96,62.1,73,71.1,75.9,66,90,63,57.2,79,41,81,87.1,71.06
55.94,62.6,69.98,78.8,84.92,78.08,105.98,84.92,60.1,72,66.9,73.9,64,89.1,63,57.2,78.1,41,81,86,71.96
53.06,59,68,75.2,82.04,75.92,104.9,80.96,59,70,64.9,71.1,61,80.1,64.9,55.4,77,41,78.1,82.9,68
53.96,55.4,66.92,71.6,78.08,71.96,102.02,78.98,59,66,61,68,55.9,73,62.1,51.8,73,41,69.1,73.9,64.04
53.96,55.4,68,69.8,75.92,69.08,99.14,75.02,57,63,57.9,66.9,57,73,60.1,42.8,70,39.9,61,68,62.96
53.06,57.2,66.92,69.8,75.92,68,96.8,73.94,55.9,63,57,66.9,54,73,57.9,42.8,68,39.9,54,64,60.98
53.06,55.4,66.92,68,73.94,64.94,94.64,71.96,55.9,60.1,57,64.9,51.1,71.1,55.9,41,66,39.9,48.9,61,57.92
51.08,55.4,64.94,68,71.06,62.96,93.02,64.94,55.9,59,55.9,63,46,68,55,39.2,64.9,39,48,55.9,57.92
51.08,57.2,62.96,68,69.98,60.98,91.76,59,57,57,55.9,64,42.1,66.9,53.1,37.4,60.1,39.9,45,55.9,55.04
51.08,57.2,62.96,68,69.08,59,91.04,60.08,55.9,55,55.9,59,39.9,57,51.1,32,60.1,39,44.1,53.1,55.04
50,57.2,62.96,67.82,69.08,59,89.96,59,55.9,55.9,55.9,61,42.1,52,48.9,33.8,59,39.9,44.1,50,53.96
50,55.4,62.96,67.82,69.08,57.02,89.06,53.96,55.9,55,55,55,43,48.9,50,33.8,57.9,41,42.1,50,53.96
50,55.4,62.96,67.64,68,57.02,88.16,55.94,55.9,55,55,55,41,46.9,51.1,32,53.1,41,41,48,51.98
51.08,55.4,64.94,68,66.02,55.94,87.08,53.96,55.9,55.9,54,55,39.9,46.9,51.1,32,48.9,42.1,39,48,51.98
51.08,55.4,64.94,68,66.02,53.06,86.18,55.04,55.9,55.9,53.1,55,37,50,50,30.2,48.9,42.1,37.9,43,51.08
51.08,53.6,66.02,68,69.08,55.94,85.64,62.96,57,55.9,53.1,57.9,45,57.9,50,33.8,54,42.1,39,45,53.06
51.08,53.6,66.92,69.8,73.04,62.06,87.8,71.96,57.9,57.9,54,61,51.1,64.9,53.1,39.2,55,44.1,50,50,60.08
51.08,55.4,69.08,73.4,75.02,64.94,91.04,75.92,60.1,57,54,64.9,55.9,71.1,55.9,46.4,61,46,57.9,57,64.94
51.98,57.2,69.08,77,77,69.98,94.46,84.02,63,64,55,64.9,61,75.9,60.1,51.8,66,48,64,62.1,64.04
60.98,59,71.06,78.8,82.04,73.94,96.98,87.08,62.1,66,57,66.9,62.1,80.1,61,55.4,72,51.1,69.1,68,66.92
60.98,62.6,73.94,82.4,84.92,77,99.5,89.06,62.1,69.1,57.9,68,64.9,84,60.1,55.4,78.1,54,75.9,72,68
64.04,64.4,75.02,84.2,89.06,78.08,101.3,89.96,64,68,59,70,66.9,86,62.1,57.2,81,60.1,79,78.1,71.96
66.02,64.4,75.92,84.2,93.92,80.06,102.74,91.94,64,70,59,73,66.9,86,62.1,57.2,82.9,62.1,81,81,73.04
64.94,62.6,75.02,84.2,95,80.96,103.46,91.94,64.9,69.1,59,73.9,66.9,87.1,63,59,84,62.1,82.9,84,73.94
60.08,62.6,73.94,81.86,95,80.96,103.46,91.04,64.9,70,57.9,75,68,87.1,63,60.8,82.9,64.9,82.9,86,73.04
57.92,60.8,71.96,78.8,93.02,80.06,102.92,89.06,62.1,69.1,59,75,68,86,55.9,60.8,81,61,82,84,71.06
57.92,59,69.08,75.2,89.06,78.08,101.48,82.94,60.1,66.9,57.9,73,64,78.1,57,60.8,77,60.1,81,81,69.08
57.92,57.2,69.08,71.6,84.02,73.94,98.24,73.04,57,64,57.9,69.1,57,63,55.9,55.4,73,55,73,73.9,66.92
57.02,57.2,68,71.6,80.96,71.96,94.64,69.08,55,62.1,57,66,54,60.1,54,53.6,73,52,66.9,66,64.04
55.94,57.2,68,70.52,78.08,71.96,91.94,68,53.1,60.1,57,64.9,54,57.9,52,46.4,71.1,48,57.9,62.1,64.04
55.94,55.4,68,69.8,73.04,68,89.42,71.06,51.1,59,57,64.9,51.1,55,50,42.8,66,45,53.1,57.9,59
55.04,57.2,68,68.9,73.94,66.92,87.44,66.02,50,55.9,55.9,64,51.1,52,50,37.4,66,46,50,57.9,55.94
55.04,55.4,66.92,68,69.08,64.94,86,60.08,48.9,53.1,55.9,64,48.9,50,48,35.6,61,44.1,48,54,57.92
55.04,55.4,68,64.4,69.08,62.96,84.92,57.92,50,52,55,62.1,46.9,52,48.9,33.8,57,46,45,53.1,55.04
55.04,55.4,68,64.4,71.06,62.06,83.66,55.94,46.9,51.1,55,59,48,50,48,39.2,55.9,46.9,44.1,50,51.98
53.96,55.4,66.92,64.4,68,60.08,82.4,55.04,48.9,48.9,55,57,48,48.9,46.9,39.2,55,44.1,43,46.9,53.96
53.96,55.4,66.02,62.6,66.02,60.08,81.5,53.06,52,46.9,54,57,48.9,48,48,39.2,57,44.1,42.1,46,51.08
53.96,55.4,66.92,62.6,64.04,59,80.06,53.96,57,48,54,55,46,46.9,46.9,32,53.1,44.1,44.1,43,48.02
53.96,55.4,66.92,60.8,62.96,55.94,79.7,53.96,57,48,54,53.1,46.9,46.9,46.9,30.2,53.1,45,42.1,44.1,51.08
53.96,55.4,64.94,64.4,66.92,60.98,79.7,60.98,59,48.9,54,57,51.1,55.9,48,33.8,53.1,48,44.1,42.1,53.06
55.04,57.2,66.02,70.34,73.94,68,82.4,71.06,57.9,51.1,57,60.1,57,64.9,50,41,54,54,51.1,51.1,57.92
55.94,57.2,68,77,77,71.06,86.18,77,57.9,57,57.9,63,57.9,70,52,48.2,60.1,55.9,61,54,64.04
57.92,60.8,68,82.4,80.06,75.02,89.96,78.98,57.9,62.1,60.1,64.9,63,75.9,54,57.2,66,62.1,64,57.9,64.04
57.02,62.6,69.98,86,82.04,78.98,93.02,82.94,57,66,64.9,68,66.9,81,57,60.8,73,63,68,64,64.94
59,64.4,71.96,87.8,84.02,82.94,95.72,84.92,57.9,69.1,69.1,70,71.1,82.9,59,64.4,77,64,73,70,66.92
59,66.2,73.94,91.4,82.04,84.02,97.7,84.92,60.1,71.1,69.1,73,72,84,60.1,66.2,78.1,66,75.9,75,66.92
57.92,69.8,73.94,89.6,84.92,86,99.32,87.08,62.1,73,73.9,75,73,84,62.1,69.8,81,71.1,80.1,78.1,64.04
60.98,69.8,73.04,89.6,84.92,86,100.22,87.08,61,73,75.9,75,73.9,84,61,71.6,81,71.1,81,81,62.06
60.98,66.2,73.04,87.8,82.94,86,100.4,87.98,59,75,75.9,75.9,73.9,82.9,64,69.8,82,72,82,82.9,64.04
57.02,64.4,71.96,87.8,80.96,84.92,100.04,86,59,75,75,77,72,82,64,69.8,82,70,80.1,84,64.04
57.92,62.6,71.06,84.2,78.08,82.94,98.6,82.04,55,73.9,72,71.1,68,75,64,68,80.1,66.9,79,79,60.98
57.92,60.8,69.98,80.6,75.02,78.98,95.36,77,52,70,68,69.1,64.9,69.1,61,62.6,78.1,61,66,73,57.02
55.94,59.9,69.98,78.8,71.96,75.92,92.12,73.94,52,63,64,66,63,66.9,59,57.2,73,53.1,57,64.9,59
55.04,59.36,69.98,77,69.98,73.94,89.42,69.98,53.1,63,63,64.9,63,64.9,55,55.4,71.1,54,55,66,60.08
55.04,59,69.08,84.2,68,71.96,86.9,68,54,61,60.1,63,61,61,53.1,44.6,69.1,52,53.1,62.1,59
55.04,59,69.08,75.2,66.02,69.98,84.92,62.06,52,60.1,59,62.1,59,57.9,54,44.6,68,54,48.9,61,59
55.04,59,69.08,75.2,64.94,68,84.02,59,53.1,60.1,55.9,61,57.9,59,54,41,64.9,53.1,48,55.9,59
55.04,59,68,77,62.96,64.04,83.48,57.02,52,60.1,53.1,59,55.9,57.9,55,39.2,60.1,55,46.9,54,57.92
55.94,59,68,75.2,60.98,62.96,82.76,53.06,54,61,53.1,57.9,54,57,55,35.6,64,55,46,54,59
55.04,57.2,66.92,75.2,60.08,60.98,82.22,50,53.1,60.1,51.1,55,48.9,55.9,54,37.4,59,54,45,50,57.92
55.04,57.2,66.92,75.2,57.92,60.98,81.68,51.98,53.1,61,51.1,53.1,45,53.1,52,35.6,54,55,46,53.1,57.92
59,57.2,66.92,75.2,57.02,57.92,80.96,50,52,61,50,53.1,45,53.1,53.1,35.6,55.9,55,46,48,57.02
55.04,57.2,66.92,73.4,57.02,60.98,80.24,51.08,50,61,48.9,52,45,54,53.1,33.8,57,55,43,48,55.94
55.04,59,68,73.4,62.06,64.04,79.52,57.02,52,60.1,52,55.9,50,59,54,37.4,57.9,57,44.1,46.9,57.92
55.94,59,71.06,75.2,66.92,68,81.86,66.92,55.9,61,55.9,57,55,66.9,55.9,39.2,57.9,60.1,53.1,52,60.98
57.92,60.8,69.08,80.6,71.06,73.04,85.1,75.92,57,60.1,59,60.1,59,70,59,50,64.9,61,57.9,61,62.06
60.08,64.4,71.96,84.2,75.02,78.98,88.34,78.98,59,61,62.1,66,60.1,73,64,60.8,68,62.1,63,64,64.94
60.98,66.2,75.02,86,78.08,82.94,91.04,82.94,55,64,68,64.9,63,77,66,64.4,73.9,64,68,72,62.96
62.96,66.2,75.92,87.8,82.04,86,93.92,84.92,57.9,64.9,72,70,63,80.1,66.9,69.8,81,66,71.1,75.9,64.04
62.96,69.8,75.92,87.8,84.02,89.06,96.08,87.08,62.1,66.9,75,71.1,64,81,66.9,73.4,82.9,66,75.9,81,64.94
64.94,68,78.08,87.8,84.02,91.04,97.88,87.08,61,66,79,71.1,64.9,84.9,64.9,77,82,68,79,86,64.94
60.08,69.8,77,86,84.92,91.94,98.78,89.06,61,70,81,73,64.9,86,66.9,78.8,81,66,82,86,66.02
60.08,69.8,75.92,84.2,84.92,93.02,99.14,89.06,61,72,82,75,64.9,82.9,68,73.4,80.1,64.9,81,84.9,66.02
60.08,66.2,73.94,84.2,82.94,93.02,99.14,86,60.1,71.1,80.1,73,63,82.9,68,71.6,77,62.1,78.1,84.9,64.04
57.2,62.6,71.06,80.6,77,89.96,97.34,82.04,57.9,70,78.1,71.1,60.1,73,66.9,68,73,59,73,82,62.96
55.4,60.8,69.98,77,71.96,84.02,93.74,77,55,66.9,73,70,55.9,68,59,64.4,70,54,69.1,78.1,60.98
55.4,60.8,69.08,77,68,80.06,90.14,78.08,52,63,64,64.9,54,66.9,59,64.4,70,48.9,64.9,70,60.08
53.6,59,69.08,75.2,64.94,75.92,87.08,69.08,52,63,63,61,53.1,64,57,66.2,62.1,46.9,62.1,66,60.08
51.8,59,69.08,74.12,64.04,75.02,84.38,62.96,51.1,60.1,63,57.9,52,61,57,64.4,62.1,44.1,57,63,59
51.8,59,69.08,73.4,62.96,73.04,82.04,60.08,50,59,60.1,57,50,61,55,62.6,57.9,46,55,63,59
51.8,59,69.08,73.4,62.06,71.06,80.96,57.02,50,57,59,55.9,44.1,57.9,54,55.4,55.9,42.1,51.1,59,59
50,59,68,71.6,60.98,66.92,80.42,59,46.9,57,57.9,54,45,57.9,52,48.2,55,39,48.9,55,59
50,57.2,68,71.6,57.92,62.06,79.7,55.04,46,55.9,57,54,45,53.1,51.1,46.4,53.1,42.1,48,55.9,57.92
51.8,57.2,68,71.6,57.02,62.96,78.98,53.06,45,54,55,53.1,46.9,53.1,50,50,53.1,45,48,53.1,57.02
51.8,57.2,66.92,69.8,55.04,62.96,78.44,50,45,53.1,55,52,44.1,54,48.9,57.2,52,44.1,46,52,57.02
51.8,57.2,66.02,69.8,55.04,62.96,77.54,51.98,44.1,53.1,53.1,52,43,50,48.9,53.6,50,44.1,45,50,55.94
51.8,57.2,68,69.8,55.04,62.96,77.36,51.98,43,54,52,51.1,43,52,48.9,57.2,48.9,44.1,45,51.1,55.94
53.6,57.2,68,71.6,60.98,66.02,77.18,59,43,54,55,51.1,45,55.9,50,57.2,50,44.1,45,46.9,55.94
55.4,57.2,69.08,75.2,64.94,71.06,80.06,68,48.9,57,60.1,52,50,57.9,51.1,57.2,50,48,53.1,52,57.92
57.2,59,69.98,77,69.98,78.08,84.02,75.02,57,60.1,64,52,53.1,60.1,55.9,57.2,51.1,51.1,60.1,57.9,60.08
55.4,60.8,71.96,80.6,75.02,82.04,87.8,80.06,60.1,64,68,53.1,54,64,60.1,60.8,51.1,53.1,64,60.1,62.96
57.2,62.6,71.96,84.2,78.08,82.04,91.04,84.02,62.1,68,71.1,53.1,54,66.9,62.1,62.6,51.1,55,68,66.9,64.94
57.2,68,71.96,86,82.04,84.02,94.28,87.98,62.1,70,73.9,54,53.1,70,64,69.8,51.1,55,72,75,64.94
59,68,71.96,87.8,84.02,89.06,96.8,89.96,64,72,78.1,55,57.9,72,66.9,68,54,53.1,72,78.1,66.02
55.4,69.8,71.06,86,87.08,89.96,98.78,89.96,64,75.9,80.1,55.9,50,71.1,70,71.6,55.9,57,70,75.9,68
57.2,69.8,71.06,75.2,87.98,91.04,100.04,89.96,63,77,82,57,54,71.1,72,68,57.9,57,71.1,75.9,66.92
55.4,69.8,69.98,84.2,87.08,89.96,100.76,89.06,62.1,77,84,57,55,70,73.9,66.2,57.9,57.9,66.9,73,68
53.6,68,68,82.94,86,89.06,100.94,87.98,60.1,77,84,57.9,52,68,75,62.6,59,55,66,71.1,64.94
53.6,64.4,66.92,80.6,82.94,86,98.96,80.96,57.9,75,82,55,50,66,73,59,54,53.1,64.9,69.1,62.96
53.6,62.6,66.92,78.8,78.98,82.94,95.36,75.02,55.9,71.1,73.9,54,48.9,64,68,55.4,54,46.9,63,66,62.06
53.6,60.8,66.02,78.8,73.94,80.06,91.58,69.98,55.9,68,73,54,46.9,62.1,64.9,53.6,53.1,39.9,61,64,60.08
51.8,60.8,66.02,77,73.04,77,88.34,64.04,53.1,66.9,66.9,55,45,63,61,50,48.9,43,55.9,62.1,55.94
51.8,60.8,66.02,75.2,73.04,69.98,85.46,60.08,51.1,64.9,64,55,45,61.2,59,44.6,46,39.9,53.1,60.1,55.94
53.6,60.8,66.02,74.3,69.98,71.06,82.94,57.02,46.9,63,60.1,55,44.1,59.5,57,39.2,45,39.9,55,57,57.02
55.4,60.8,64.94,73.4,68,69.08,81.68,57.02,45,60.1,62.1,55,46,58.1,57,44.6,45,36,54,59,55.94
51.8,59,64.94,73.4,64.94,66.92,80.96,55.04,44.1,57.9,61,55,45,56.7,57.9,35.6,44.1,36,53.1,57,53.06
51.8,59,64.94,69.8,62.06,64.94,79.88,55.04,44.1,55.9,57.9,54,43,55.2,57.9,33.8,43,34,51.1,57,51.98
51.8,59,64.94,71.6,60.08,66.02,78.98,53.06,42.1,52,55.9,54,42.1,53.8,55,37.4,41,32,52,55.9,53.06
51.8,59,66.02,69.8,60.08,64.94,78.08,51.98,39.9,54,55.9,53.1,41,52.7,52,42.8,39.9,34,51.1,55.9,51.98
51.8,59,64.94,71.6,57.02,62.06,77,53.96,39.9,53.1,55.9,53.1,39.9,52,54,39.2,42.1,33.1,50,52,48.92
51.8,59,64.94,71.6,57.02,62.96,77.18,51.08,41,53.1,53.1,52,39,52,54,44.6,39,33.1,50,51.1,53.06
51.8,60.8,66.92,71.6,62.96,66.02,77.54,60.08,44.1,54,55,52,42.1,52,53.1,42.8,39.9,36,51.1,50,53.06
53.6,62.6,68,73.4,69.98,73.04,80.78,68,53.1,55.9,57,52,45,55.9,57,41,42.1,41,51.1,51.1,53.96
53.6,64.4,69.98,78.8,77,77,85.1,75.92,59,60.1,59,53.1,48.9,59,61,42.8,46,46,52,53.1,55.04
55.4,64.4,71.06,82.4,80.96,82.04,89.42,80.96,63,63,63,53.1,51.1,64,64,39.2,52,48.9,52,54,55.94
57.2,68,73.04,84.2,86,84.92,93.02,84.02,64.9,64.9,66,53.1,52,66,68,42.8,55,50,53.1,55,57.92
57.2,69.8,71.96,86,87.98,89.96,96.26,84.92,69.1,64.9,70,55,53.1,69.1,71.1,44.6,57.9,51.1,55,55.9,60.98
57.2,71.6,71.96,84.2,91.04,91.94,98.78,84.92,69.1,66,72,55,55.9,72,78.1,48.2,57,52,51.1,57.9,64.94
57.2,73.4,71.96,86,93.92,93.92,100.76,82.94,71.1,69.8,73.9,55,57.9,70,77,50,57,54,54,57,64.94
57.2,73.4,71.06,84.2,93.92,95,102.02,82.04,66.9,69.1,75.9,55.9,59,72,79,50,60.1,54,55.9,57,66.92
55.4,73.4,71.06,84.56,95,95,102.74,82.04,64.9,66.9,77,55.9,59,71.1,79,51.8,57.9,54,55.9,57.9,66.92
55.4,71.06,68,84.2,93.92,95,102.92,80.06,63,63,75,55.9,57.9,69.1,77,51.8,59,54,57,55.9,64.94
55.4,68,66.02,82.4,87.98,91.04,101.48,69.98,61,61,71.1,55.9,54,64,73,48.2,55.9,52,55,55,62.06
55.4,64.4,66.02,78.8,80.96,82.94,98.42,64.04,57,59,69.1,55.9,51.1,62.1,68,46.4,53.1,46.9,53.1,55.9,60.08
55.4,62.6,64.94,77,75.92,82.04,95.18,62.96,57.9,59,64.9,57,50,60.1,66.9,42.8,53.1,45,53.1,53.1,60.08
55.4,60.8,66.02,75.2,73.94,78.08,92.66,62.06,52,57,63,55.9,48.9,55.9,64.9,42.8,50,45,51.1,52,60.08
55.4,59,66.02,73.4,71.06,75.92,90.14,60.98,48.9,55.9,61,55,46.9,57,64,37.4,48.9,44.1,50,51.1,60.08
55.4,59,66.02,71.6,69.08,73.04,88.34,60.08,48.9,55.9,60.1,55,44.1,55.9,63,35.6,48,43,48.9,50,57.92
53.6,60.8,66.02,71.6,68,69.98,87.44,57.92,46.9,55,60.1,55,42.1,48.9,63,33.8,46,44.1,50,50,57.02
53.6,60.8,66.92,71.6,66.02,68,87.08,57.02,45,53.1,60.1,55,43,46.9,64.9,30.2,43,41,46,50,57.02
51.8,60.8,66.02,68,64.94,66.02,86.36,55.94,44.1,52,59,55,43,39.9,64,30.2,43,39.9,46.9,48.9,55.94
51.8,60.8,66.92,68,62.96,64.04,85.82,55.94,43,50,60.1,55,43,37,60.1,30.2,42.1,39,48,48.9,57.02
51.8,59,66.92,66.2,60.98,62.06,85.46,53.06,43,48.9,60.1,55.9,43,41,60.1,28.4,37.9,39,46.9,48,57.02
53.6,57.2,66.92,66.2,60.98,62.06,84.56,51.08,44.1,48.9,57.9,54,42.1,37.9,57.9,28.4,42.1,39,46.9,48,57.92
53.6,55.4,68,66.2,62.06,62.06,83.84,51.98,44.1,48.9,57,54,42.1,39.9,54,26.6,37,37.9,46.9,48.9,57.92
55.4,59,68,71.6,64.04,62.96,83.3,57.02,45,48.9,57,55,45,45,55,28.4,37,37,46.9,50,59
57.2,64.4,69.08,73.4,71.96,64.94,85.64,62.06,48,50,57,55,50,51.1,54,35.6,37.9,37.9,50,50,59
59,66.2,71.06,71.6,78.08,71.06,88.88,64.04,57,52,57,55.9,54,60.1,54,42.8,44.1,39,52,53.1,60.08
59,68,73.04,75.2,82.94,75.92,92.3,69.08,61,55,57.9,55,59,64.9,55,46.4,48.9,39,55.9,57,62.06
60.8,69.8,71.96,82.4,89.96,78.08,95,71.96,63,57,59,55.9,62.1,69.1,55.9,51.8,53.1,39.9,57.9,59,62.06
62.6,75.2,73.04,85.64,91.94,82.04,97.34,69.98,66.9,57,57.9,60.1,64.9,71.1,55,55.4,57.9,41,60.1,59,62.96
62.6,78.8,73.04,87.8,96.98,84.92,99.14,71.96,66,59,59,60.1,66,75,55.9,55.4,63,42.1,61,63,62.96
60.8,80.6,73.04,87.8,98.96,86,100.4,71.96,66,60.1,59,60.1,66,78.1,55.9,59,63,42.1,61,63,64.94
60.8,80.6,71.96,87.8,100.94,84.02,100.76,73.94,64.9,63,60.1,61,66.9,80.1,57,59,66.9,39.9,64,64,64.04
60.8,78.8,71.06,86,100.04,84.92,100.76,75.02,64,63,60.1,61,66,79,55.9,59,66,41,61,64,62.96
62.6,78.8,69.98,84.2,100.04,87.98,100.04,73.94,64,62.1,60.1,61,66,75.9,57,59,64,39.9,59,62.1,64.04
60.8,75.2,68,78.8,95,84.02,98.96,68,60.1,60.1,59,60.1,64,72,57.9,55.4,61,39.9,60.1,60.1,62.96
60.08,71.6,66.92,75.2,87.08,80.06,96.08,64.04,57,57,59,61,60.1,66.9,57,53.6,61,39,57,59,60.98
51.98,71.6,66.92,75.2,84.92,78.98,93.2,62.06,55,53.1,57.9,60.1,59,68,54,42.8,59,37,55,57,59
51.08,66.2,66.02,71.6,84.02,78.08,90.86,60.08,54,51.1,57.9,55.9,57.9,63,54,44.6,55.9,37,53.1,55.9,55.94
60.08,62.6,66.02,69.8,78.98,75.92,88.7,55.94,52,51.1,57.9,55.9,57,64,54,35.6,54,37,51.1,55.9,55.04
60.08,64.4,66.02,69.8,77,75.02,87.08,53.06,50,48.9,57.9,55,57,57.9,53.1,35.6,55,37,46,53.1,53.06
60.08,62.6,66.02,68,73.94,73.04,86.36,51.98,48.9,45,57.9,53.1,55.9,55.9,52,33.8,52,37,44.1,54,53.06
57.92,60.8,66.92,66.2,69.08,71.06,86,51.98,48.9,45,57.9,54,55.9,48.9,53.1,32,48.9,36,43,54,51.98
57.02,57.2,66.02,66.2,68,66.02,85.46,53.06,46,46,57.9,54,55.9,46,53.1,28.4,48,36,41,54,51.08
57.92,57.2,66.02,66.2,66.02,66.02,84.92,50,48,46,57.9,54,55,46,52,28.4,46,36,39.9,54,51.08
57.92,60.8,66.02,64.4,64.04,64.04,84.74,51.08,48,46,57.9,54,55.9,43,53.6,30.2,46,36,39,45,51.08
57.92,62.6,66.92,62.6,62.96,64.04,84.02,50,50,46,57.9,54,54,43,52,28.4,42.1,36,37,44.1,51.98
57.92,62.6,66.92,62.6,64.04,64.04,82.04,48.02,51.1,45,57.9,54,54,43,52,28.4,44.1,36,35.1,42.1,48.92
57.92,68,68,66.2,66.92,66.02,80.24,55.94,52,45,59,54,55,50,52,30.2,44.1,36,35.1,41,53.06
60.08,71.6,68,73.4,77,69.98,81.32,62.06,55,46,60.1,54,60.1,57.9,52,37.4,46,39,41,45,53.96
62.06,71.6,69.08,75.2,80.06,78.98,83.48,69.98,57.9,48,60.1,55.9,61,64.9,53.1,44.6,51.1,41,48.9,51.1,53.96
66.02,73.4,68,78.8,84.02,84.02,85.64,73.94,63,50,60.1,59,66,69.1,54,51.8,57.9,42.1,59,55,57.02
66.02,75.2,69.98,80.6,89.06,87.98,87.08,77,64.9,55.9,63,59,68,72,57,55.4,62.1,46.9,64,61,57.92
68,82.4,71.06,82.4,91.94,89.06,89.6,80.96,66.9,57,63,61,70,73.9,57,57.2,68,45,66.9,64,59
69.98,84.2,71.06,82.4,96.98,91.04,91.4,84.02,64,57.9,64,62.1,70,78.1,59,62.6,70,46,66.9,69.1,60.08
69.98,87.8,71.96,82.76,98.96,91.94,92.84,84.02,64.9,60.1,64,63,72,79,62.1,64.4,71.1,48,71.1,72,62.06
64.04,82.4,71.06,82.22,100.94,93.02,93.56,84.92,64.9,61,64,64.9,72,84,63,66.2,72,48,73.9,75.9,62.96
66.92,80.6,71.06,80.6,100.94,93.92,93.56,80.96,64.9,61,63,63,70,80.1,64,68,71.1,50,73,77,60.98
64.94,75.2,69.98,78.8,98.96,91.94,93.02,78.98,60.1,57.9,61,63,69.1,77,61,66.2,71.1,52,71.1,75,59
62.06,73.4,68,75.02,96.08,89.96,90.5,75.02,57.9,55.9,60.1,60.1,64.9,72,59,64.4,66,46,69.1,73,59
59,69.8,66.92,71.96,87.98,87.08,86.36,73.04,57,53.1,57,57.9,61,70,55.9,62.6,62.1,42.1,66,69.1,57.92
55.94,68,68,69.8,84.02,84.02,82.04,73.94,55.9,54,57.9,55.9,57.9,66.9,53.1,50,61,42.1,64,64,57.92
53.96,64.4,68,68,82.04,80.06,78.44,71.96,54,52,57,55,52,66.9,53.1,55.4,61,41,63,61,57.92
50,60.8,68,68,78.08,78.08,75.02,69.08,54,52,57,54,48.9,62.1,50,50,61,39.9,61,63,57.02
51.98,64.4,68,64.4,75.02,75.02,71.96,66.02,53.1,52,57,54,50,59,48.9,48.2,59,39.9,62.1,55.9,55.94
55.04,62.6,68,64.4,73.04,73.04,70.88,60.08,53.1,50,55,53.1,48.9,60.1,46.9,44.6,55,39,59,57.9,55.04
55.04,62.6,68,62.6,71.96,69.08,70.16,57.92,54,50,55,52,45,60.1,45,46.4,48.9,37.9,59,63,53.96
51.98,59,68,62.6,68,66.02,69.26,55.94,52,48.9,55,51.1,43,57,45,46.4,48,39,57.9,64,53.96
48.92,62.6,66.92,62.6,66.92,66.92,68.54,53.06,53.1,48.2,54,50,43,55.9,45,44.6,45,39,57,64,53.06
46.94,57.2,66.92,59,66.02,64.94,67.82,51.98,53.1,48,54,50,42.1,54,45,46.4,45,37.9,53.1,62.1,51.98
46.94,57.2,66.92,59,66.02,64.04,66.92,51.08,53.1,46.9,54,48.9,39.9,51.1,45,39.2,43,37.9,51.1,61,53.06
46.94,57.2,68,59,66.92,64.04,66.38,46.94,53.1,46.9,54,48.9,39.9,46,44.1,35.6,42.1,37.9,44.1,53.1,53.96
50,60.8,68,60.8,73.04,66.02,65.84,57.02,54,46,55,51.1,45,48.9,44.1,35.6,44.1,39.9,39,53.1,53.06
57.92,68,69.08,68,80.96,71.06,68.36,64.04,55,48,57,52,50,55.9,46.9,42.8,48,44.1,50,53.1,55.04
53.96,71.6,69.98,71.6,84.02,77,71.78,71.06,57,51.1,57,55.9,54,60.1,51.1,48.2,53.1,48,54,57,55.94
66.02,73.4,71.96,75.2,87.98,82.94,75.2,75.92,62.1,54,60.1,60.1,59,64,55.9,55.4,57,52,55.9,61,55.94
68,78.8,73.04,78.8,91.04,87.08,78.08,80.96,64.9,57,59,60.1,62.1,64.9,55.9,60.8,62.1,54,57,63,57.02
66.92,82.4,73.94,80.6,93.92,91.04,80.6,82.94,66,59,63,62.1,64.9,68,60.1,64.4,66.9,55.9,60.1,64.9,59
68,86,75.02,80.6,96.98,93.02,82.4,84.92,73,61,59,63,66,68,63,66.2,72,57.9,61,68,59
66.02,86,73.04,80.6,98.06,95,83.84,84.92,71.1,61,61,64,68,70,63,66.2,73.9,59,63,68,57.92
64.04,84.2,71.96,80.6,98.96,95,84.56,86,63,64,63,64.9,66.9,72,64,68.7,75,60.1,64,68,60.08
64.94,78.8,71.96,80.6,98.96,95,84.56,84.92,59,64.9,63,66,66.9,71.1,63,69.8,73.9,60.1,64,68,57.92
64.04,75.2,71.06,78.8,98.06,93.02,84.02,82.94,59,64,62.1,64,66,70,63,68,73,59,64,66,60.08
62.06,71.6,69.08,75.2,87.98,89.96,83.66,77,59,63,61,59,60.1,64,62.1,66.2,66.9,55.9,61,63,57.02
59,68,69.98,69.8,80.06,86,81.68,73.94,57.9,60.1,59,60.1,53.1,54,57.9,62.6,63,51.1,55,57.9,55.04
55.94,66.2,69.08,71.6,75.92,82.94,79.52,71.96,57,55,57.9,61,52,57,54,60.8,62.1,48,53.1,55.9,51.08
51.98,64.4,69.08,69.8,71.96,82.04,78.08,69.98,57,53.1,57,55.9,51.1,59,52,54.3,60.1,45,48,51.1,48.92
50,62.6,69.08,68,68,80.96,76.82,66.92,55.9,52,57,55,48,43,51.1,48.2,57,43,45,48,48.92
50,62.6,69.08,68,66.02,78.08,75.92,62.06,55.9,48,55,55,48.9,44.1,48.9,45.3,60.1,45,39.9,48,48.92
48.92,60.8,68,64.4,64.94,77,74.84,53.96,55.9,46.9,55,55.9,46.9,39,45,42.8,57,44.1,37.9,44.1,48.02
48.92,60.8,68,64.4,64.04,77,74.3,51.08,55.9,45,54,55.9,46,39.9,45,44.6,53.1,43,36,43,46.04
46.94,57.2,68,62.6,62.06,73.94,73.4,48.92,55.9,43,52,55.9,43,39,44.1,43,52,44.1,34,37,46.04
46.04,59,68,60.8,60.08,73.04,72.68,46.94,54,42.1,52,55.9,43,39.9,44.1,41,48,43,33.1,37,44.96
44.06,57.2,68,60.8,60.08,68,71.96,48.02,55,42.1,51.1,55.9,43,37.9,41,46.4,46,43,32,37,44.06
44.06,57.2,68,59,57.92,69.08,71.06,42.98,55,39,52,54,39,42.1,39,37.4,46.9,44.1,32,36,42.08
44.06,57.2,69.08,59,57.92,68,68.9,44.06,55.9,39.9,52,54,37,39.9,39,33.8,43,43,28,30.9,44.06
46.94,57.2,69.08,62.6,60.98,68,66.74,53.06,55,41,53.1,54,46.9,45,37,37.4,46,46.9,27,32,39.02
57.02,62.6,69.98,69.8,66.02,71.96,71.78,64.04,55.9,45,54,55,53.1,53.1,39.9,48.2,50,51.1,37,39,46.94
57.92,66.2,71.96,75.2,69.08,78.98,73.04,71.06,57.9,48,57,55,59,59,45,51.8,54,55.9,46.9,43,51.98
55.04,69.8,73.94,78.8,73.04,84.02,76.28,75.92,59,54,59,57,62.1,64,50,57.2,62.1,60.1,52,48,55.04
66.92,69.8,75.02,86,75.92,87.98,79.52,80.96,63,59,60.1,57.9,63,66,55.9,62.6,66.9,62.1,55,52,55.94
66.92,71.6,75.02,89.6,78.08,91.94,82.76,84.02,62.1,62.1,62.1,60.1,64.9,68,57.9,64.4,71.1,66,55.9,57,57.92
66.92,73.4,75.02,89.6,78.98,93.92,84.2,86,61,68,64,60.1,66.9,69.1,61,66.2,75,66.9,59,60.1,59
68,71.6,75.02,89.6,80.96,96.08,87.44,87.98,64.9,72,63,63,69.1,69.1,62.1,69.8,78.1,70,61,62.1,60.08
66.92,69.8,75.02,89.6,80.06,96.08,86.9,87.08,59,73.9,64,63,70,71.1,62.1,71.6,80.1,66.9,60.1,63,59
66.02,69.8,73.94,89.6,78.08,98.06,88.34,84.92,60.1,75,64,64,70,70,62.6,71.6,79,64.9,60.1,64,60.08
64.04,68,73.04,87.8,75.02,98.06,87.98,82.04,61,75.9,64,63,68,68,63,70.5,78.1,63,60.1,63,60.08
62.06,64.4,71.06,84.2,69.98,93.92,87.26,80.96,57.9,73,62.1,61,64,62.1,61,68,73,61,57,61,57.02
57.92,62.6,69.98,80.6,66.92,89.96,84.74,78.98,57,66,59,62.1,57,53.1,57,62.6,70,61,51.1,55.9,55.94
57.92,60.8,69.98,78.8,64.94,87.08,82.04,75.02,55.9,63,55,62.1,54,46,55,60.8,69.1,57.9,43,52,53.06
57.92,59,69.98,75.2,64.04,82.04,80.06,71.06,55.9,61,54,61,54,46,54,55.4,66,54,39,48.9,50
53.96,59,69.08,75.2,64.94,80.96,78.26,68,55,55.9,55,61,55,42.1,51.1,57.2,66.9,48.9,39,42.1,48.92
48.92,59,69.08,73.4,64.04,80.06,77,69.08,55.9,54,51.1,59,48.9,42.1,51.1,53.6,61,46.9,34,41,50
46.94,57.2,69.08,71.6,64.04,75.92,77,62.06,55.9,53.1,50,57.9,48,39.9,46.9,48.2,60.1,50,33.1,41,46.94
48.02,57.2,69.08,69.8,64.04,75.02,75.92,62.96,55.9,48.9,48.9,57,48.9,37,46,44.6,55,51.1,33.1,39.9,46.94
44.06,57.2,68,69.8,64.04,71.96,74.84,69.98,55.9,48.9,46.9,55,46.9,37,46,42.8,51.1,51.1,30.9,36,46.04
44.06,55.4,68,66.2,64.04,69.98,74.3,64.04,55.9,46.9,46,55,46,39,46.9,41,48.9,50,30,37,44.96
42.08,55.4,66.92,64.4,64.94,69.08,74.12,69.08,55,45,46,54,45,36,44.1,37.4,53.1,50,30.9,34,44.96
42.98,55.4,66.02,64.4,64.04,66.02,73.4,66.92,55,45,45,55,45,35.1,44.1,33.8,52,50,30,30.9,46.04
35.06,55.4,66.02,62.6,62.96,68,73.58,64.04,55,46,46,54,45,35.1,45,33.8,51.1,46.9,28.9,30.9,46.94
46.04,57.2,69.08,66.2,64.04,68,74.3,59,55,44.1,48.9,54,48.9,39.9,44.1,37,51.1,48.9,28,30.9,48.92
62.06,60.8,71.96,73.4,66.02,71.96,76.28,57.92,55.9,50,48.9,55,55.9,50,46.9,44.6,53.1,53.1,37,36,51.08
60.98,62.6,73.04,82.4,69.08,75.92,79.16,59,57,54,51.1,57,63,55.9,53.1,51.8,57,55.9,44.1,41,51.98
62.06,64.4,75.92,87.8,71.96,82.04,82.22,60.08,59,60.1,52,62.1,66.9,62.1,55.9,60.8,64.9,59,48,46.9,53.96
66.02,66.2,75.92,91.4,73.94,86,84.92,60.98,61,66.9,59,64.9,70,66.9,60.1,64.4,72,63,55.9,51.1,57.02
62.96,69.8,77,95,73.94,89.06,87.62,62.06,60.1,71.1,62.1,68,72,70,64.9,69.8,78.1,66,61,57.9,57.92
62.96,73.4,75.92,96.8,77,91.94,89.6,62.96,64,75,64.9,70,73,72,66,71.6,82,70,63,62.1,57.92
66.02,73.4,75.92,96.8,73.94,93.92,91.22,64.04,68,81,68,73,75,73,68,73.4,84,70,64.9,66.9,59
66.02,73.4,73.94,96.8,77,96.08,92.12,66.02,70,84,71.1,73.9,75.9,75,72,73.4,86,71.1,66.9,69.1,57.92
66.02,71.6,73.94,93.2,75.02,93.92,92.3,66.02,71.1,84,70,77,75.9,75,72,75.2,86,64.9,68,71.1,59
64.04,68,71.96,93.2,71.96,93.02,91.94,66.02,70,82.9,69.1,73.9,73,73,72,73.4,84.9,66,66.9,71.1,57.92
62.06,64.4,69.98,87.8,69.08,91.94,90.5,62.96,64,80.1,68,69.1,68,64.9,72,71.6,79,64,64,70,55.94
57.02,62.6,69.08,87.8,66.92,87.08,87.26,62.06,59,73,66.9,66.9,62.1,55,68,64.4,75,57.9,55,63,53.96
55.04,60.8,68,82.4,66.02,84.02,83.66,57.02,57,69.1,64.9,63,62.1,48.9,63,64.4,75,55.9,52,55,51.08
55.94,60.8,68,80.6,64.04,80.96,80.96,55.94,55.9,68,64,60.1,59,46.9,57.9,60.8,73,55,54,53.1,51.98
53.96,60.8,68,77,62.06,78.98,78.44,55.94,53.1,64,64,62.1,62.1,43,57,60.8,68,51.1,52,53.1,50
57.02,55.4,68,75.2,60.98,78.08,76.46,55.94,52,62.1,62.1,60.1,59,42.1,61,60.8,61,51.1,51.1,48.9,48.92
46.04,57.2,66.92,73.4,60.98,75.92,75.02,53.06,52,59,61,59,57,42.1,57.9,51.8,60.1,53.1,50,46,48.02
44.06,57.2,66.02,72.5,60.98,71.96,73.94,53.96,52,57,61,57.9,55.9,39.9,57.9,48.2,55.9,48,50,45,48.02
42.98,57.2,66.92,71.6,60.08,71.06,72.68,51.98,54,55.9,59,59,53.1,39,59,46.4,55,51.1,48.9,44.1,46.94
44.06,57.2,66.92,69.8,57.02,69.08,71.42,50,54,51.1,60.1,57,54,39.9,57.9,50,55,51.1,48,48.9,48.02
44.06,55.4,66.02,68,57.02,66.92,70.52,48.92,52,52,60.1,55.9,54,39,59,44.6,55.9,50,46,48.9,46.04
44.06,53.6,66.02,66.2,55.04,69.98,69.08,48.02,48.9,51.1,60.1,55,51.1,41,55,42.8,54,52,45,43,44.06
44.96,53.6,64.94,66.2,53.96,71.06,69.8,46.04,46.9,48.9,60.1,55.9,48,36,55.9,39.2,53.1,52,43,36,44.96
51.08,55.4,68,69.8,59,73.04,70.7,51.98,46.9,52,60.1,54,51.1,43,52,39.2,51.1,55,43,35.1,44.06
53.06,62.6,71.06,77.54,66.02,75.02,74.3,59,54,55,61,57,54,55,55,48.2,55,57.9,46.9,46,48.92
59,66.2,71.96,86,69.08,77,79.16,66.02,55.9,59,62.1,61,62.1,61,60.1,57.2,61,62.1,50,48.9,53.06
60.08,69.8,73.94,91.58,71.96,80.06,83.84,71.06,60.1,64.9,64,66,64.9,66,64,62.6,69.1,64.9,54,53.1,55.94
62.96,73.4,75.02,96.8,73.94,84.02,87.98,75.02,62.1,69.1,68,66,69.1,71.1,66,66.2,75,64.9,55.9,59,57.92
64.04,77,75.02,98.6,75.92,77,90.68,78.08,64,73.9,69.1,68,70,73.9,69.1,73.4,80.1,70,60.1,62.1,59
64.94,80.6,75.02,98.6,78.98,80.06,92.66,80.06,64,77,71.1,72,72,78.1,72,75.2,84,72,64.9,64.9,60.98
64.94,82.4,73.94,96.8,82.04,75.92,94.28,80.06,63,80.1,71.1,73.9,73.9,79,73,78.8,86,73,66.9,70,62.96
64.94,80.6,73.04,96.8,80.96,73.94,95.18,80.06,63,82,72,73.9,75,79,75.9,80.6,88,73,66.9,73,62.06
64.94,77,73.04,96.8,80.96,71.06,95.36,80.06,60.1,84,72,73.9,73,80.1,75.9,80.6,88,71.1,68,73,60.98
62.06,73.4,71.06,94.64,80.06,73.04,95,75.92,59,84,70,72,72,78.1,75.9,78.8,86,71.1,69.1,73,59
59,68.72,69.08,91.4,75.02,73.94,93.56,69.98,59,80.1,66,69.1,68,66,73.9,75.2,84,64.9,66,71.1,57.02
55.94,64.4,69.08,86,69.98,71.96,90.5,66.92,59,71.1,63,66.9,64.9,57.9,69.1,69.8,77,60.1,57,66,55.04
55.94,62.6,69.08,82.4,66.02,69.98,87.08,64.04,59,68,61,66.9,60.1,54,66.9,64.4,70,59,48.9,59,53.96
55.04,60.8,68,80.6,68,69.08,84.38,57.92,59,66.9,59,64,57.9,50,62.1,62.6,68,57,46,57.9,53.96
51.98,57.2,68,78.8,66.92,68,82.04,60.08,57.9,64,57.9,62.1,57.9,48.9,60.1,53.6,68,55,45,53.1,51.98
44.96,55.4,68,77,62.06,66.92,80.06,55.04,57.9,60.1,57,59,55,48,60.1,53.6,66.9,54,42.1,52,50
46.94,59,68,75.2,62.06,64.94,78.44,51.98,57.9,57.9,55.9,61,54,46.9,57,50,63,53.1,39.9,46.9,48.92
44.96,55.4,66.92,71.6,60.08,64.04,77,53.06,57.9,55.9,55.9,55.9,48,46,57,50,59,52,39,46,48.92
44.96,55.4,66.92,69.8,55.94,60.98,75.38,48.92,57.9,55,54,55,51.1,46,57,51.8,59,46,39,45,46.94
44.96,53.6,66.92,68,55.04,60.98,73.94,50,59,55,54,54,52,42.1,55,48.2,57,45,37.9,39.9,46.04
46.94,53.42,64.94,68,53.96,60.08,72.68,46.94,57.9,53.1,54,55,51.1,46.9,53.1,42.8,57,43,48,42.1,46.04
48.02,53.6,64.94,66.2,53.06,60.98,71.06,48.92,57,52,52,54,46.9,46.9,52,35.6,55,45,51.1,39,48.02
48.02,50,64.94,68,53.06,59,71.78,48.92,55.9,51.1,51.1,55,48.9,44.1,52,35.6,51.1,46,51.1,37.9,44.96
51.08,55.4,68,73.4,55.94,62.96,72.68,55.04,57,52,52,55,51.1,50,55,35.6,53.1,46,51.1,42.1,46.94
55.04,60.8,71.06,80.6,66.02,66.02,76.28,62.96,57,55,53.1,55.9,53.1,60.1,57,46.4,59,53.1,54,45,50
57.92,62.6,73.04,84.2,71.06,71.06,81.14,71.06,57.9,61,55.9,55.9,57.9,68,63,53.6,63,59,55.9,48,53.96
60.08,66.2,75.92,89.6,73.04,75.02,85.82,75.02,60.1,64.9,57.9,55.9,62.1,73,68,62.6,66,64.9,60.1,54,55.94
60.08,69.8,75.92,93.2,78.08,78.98,89.96,78.08,62.1,70,62.1,55.9,66,75.9,72,66.2,68,69.1,63,59,57.92
57.92,71.6,75.02,96.8,80.96,82.04,93.02,82.04,61,75.9,64.9,59,70,79,75,71.6,70,73,64.9,64.9,57.92
57.92,73.4,73.94,95,84.02,84.02,95.36,84.02,60.1,80.1,70,57.9,73,79,75.9,73.4,72,75.9,66.9,68,60.08
59,69.8,73.94,91.4,84.92,87.08,97.34,87.08,60.1,84,71.1,59,75,80.1,79,77,73.9,75.9,66.9,70,60.08
60.08,71.6,73.04,93.2,84.92,87.08,98.42,87.08,61,87.1,73,61,79,80.1,80.1,77,75,77,66.9,73,57.92
60.08,71.6,73.04,91.4,84.92,89.06,98.96,87.08,59,89.1,73,62.1,77,80.1,80.1,77,73.9,75.9,64.9,72,55.94
59,69.8,69.98,87.8,84.02,87.08,98.96,86,57.9,88,70,62.1,75.9,77,80.1,75.2,73,75.9,63,70,55.04
59,64.4,69.08,86,80.06,84.02,96.8,78.98,57,84,68,57.9,71.1,66.9,78.1,72.7,69.1,72,59,66,53.96
51.98,60.8,68,82.4,75.92,78.98,93.02,71.06,57,79,64.9,55.9,68,60.1,73,68,64,68,55,64.9,53.96
50,60.8,68,80.6,69.98,75.02,89.06,66.02,55.9,73,62.1,55.9,66.9,55,66.9,60.8,61,66,53.1,59,53.06
46.94,59,68,80.6,66.92,75.02,85.82,60.98,55,71.1,61,55,66.9,53.1,64,55.4,57.9,64,52,60.1,53.96
44.96,57.2,68,80.6,66.02,73.04,82.76,60.08,55.9,66.9,60.1,55.9,66.9,51.1,60.1,53.6,55.9,60.1,51.1,57.9,53.96
46.04,57.2,66.92,80.6,64.94,71.06,80.06,60.98,55.9,64,57,55.9,64.9,55.9,61,55.4,55,61,50,55,53.96
44.06,57.2,66.02,80.6,64.94,69.08,78.62,60.98,55.9,63,57,55.9,63,57,59,46.4,53.1,61,48.9,51.1,53.96
42.08,55.4,66.02,78.8,66.02,66.92,77.72,57.92,55.9,59,53.1,55,63,51.1,59,48.2,51.1,57,48,52,53.06
42.98,55.4,64.04,75.2,62.06,64.94,76.46,55.94,55.9,57,52,55.9,60.1,48,59,44.6,50,60.1,48,51.1,53.06
42.98,55.4,66.02,74.3,60.08,64.04,75.38,53.06,55.9,55.9,48.9,55.9,60.1,46.9,59,46.4,46.9,55.9,46.9,48.9,53.06
44.06,53.6,64.94,73.4,57.02,62.06,74.3,57.02,55,55.9,52,55.9,61,44.1,57,44.6,46.9,55,45,48,53.06
42.98,53.6,64.94,71.6,53.06,60.98,73.04,53.96,55,52,48,55.9,59,41,57,37.4,46.9,55.9,41,46,51.98
41,53.6,62.96,69.8,53.96,60.08,73.4,53.96,55,53.1,48.9,55.9,57.2,39.9,57,39.2,46,57.9,39.9,45,51.98
42.08,55.4,66.02,69.8,60.98,62.06,73.94,62.06,55,53.1,54,55.9,61,45,54,35.6,46,60.1,41,44.1,53.06
55.94,60.8,69.08,69.8,64.94,68,77.36,71.06,55.9,57.9,57.9,57,66,54,55.9,48.2,50,61,44.1,46,53.06
57.92,60.8,73.04,71.6,69.98,73.94,81.68,75.92,57.9,63,64,57,71.1,62.1,61,59,53.1,66.9,46.9,48.9,53.96
57.92,62.6,73.04,71.6,73.94,78.08,86.18,80.96,59,68,71.1,57.9,73,68,66.9,62.6,57.9,71.1,51.1,55,55.04
64.94,66.2,73.94,73.4,78.98,82.04,89.96,86,60.1,73,77,57,75,70,73,68,64.9,75.9,54,57,55.94
64.94,68,73.94,71.6,82.04,84.92,93.56,86,61,78.1,80.1,59,78.1,73,78.1,73.4,70,79,57,59,57.02
66.02,69.8,75.02,73.4,86,89.06,96.44,89.06,62.1,82,80.1,60.1,79,73.9,81,75.2,75,79,60.1,62.1,57.92
64.94,69.8,75.02,73.4,89.06,89.06,98.78,91.94,60.1,84.9,80.1,59,80.1,75.9,82.9,77,78.1,80.1,61,64,57.02
64.94,68,75.92,75.2,89.06,89.96,100.4,93.02,60.1,84.9,81,57.9,81,75.9,84.9,78.8,79,81,62.1,66.9,57.92
66.92,66.2,75.02,78.8,89.06,89.96,101.48,91.94,57.9,84,81,57,80.1,75.9,84.9,78.8,79,78.1,61,68,59
62.96,64.4,73.04,77,89.06,89.06,102.02,91.04,57,82,78.1,57,78.1,73,84,77,75.9,77,62.1,66.9,57.92
62.06,60.8,69.98,77,82.94,84.92,100.22,80.06,57,69.1,75,57,73,66.9,82,73.4,72,75,60.1,64,57.02
57.02,59,69.98,75.2,78.98,80.06,96.8,78.98,55,64,72,55.9,71.1,57,77,69.8,75.9,66.9,48.9,57.9,57.02
56.48,57.2,69.98,75.2,73.94,80.06,93.02,71.96,55,62.1,69.1,55.9,70,53.1,72,66.2,70,64,44.1,54,57.02
56.12,57.2,69.08,75.2,73.04,75.92,89.96,69.98,55,59,68,57,68,52,66.9,62.6,68,64.9,42.1,54,55.94
55.94,57.2,68,75.2,71.96,75.92,87.26,66.02,54,57,64,57,66,46.9,66,57.2,68,64,39.9,51.1,55.04
56.3,57.2,66.92,73.4,71.06,73.94,84.92,66.92,52,55.9,60.1,57,64.9,45,66,55.4,64,62.1,37.9,46,53.06
56.84,57.2,66.92,73.4,69.98,68,83.3,62.96,52,57.9,57.9,57,63,45,64,51.8,63,62.1,37,46,48.02
57.02,57.2,66.92,71.6,68,66.92,81.86,62.96,50,59,57.9,57,61,46,61,55.4,63,62.1,36,45,46.04
57.56,57.2,66.02,71.6,64.04,66.92,80.24,66.92,48.9,57,57,55.9,55,44.1,62.1,51.8,59,61,35.1,42.1,46.04
58.1,57.2,64.94,69.8,59,64.04,78.8,66.02,48.9,57,55,55.9,55,41,60.1,48.2,60.1,57.9,37,42.1,46.94
58.64,57.2,66.02,69.8,59,64.04,77.54,64.94,51.1,57,54,55.9,54,42.1,59,46.4,55.9,57,37,39.9,44.96
59.72,57.2,66.02,69.8,57.02,62.96,75.92,60.98,50,57,54,55.9,52,41,60.1,42.8,53.1,55.9,37,41,46.94
60.8,57.02,64.94,69.8,55.94,62.06,75.92,60.08,48.9,57,53.1,55.9,50,39.9,54,44.6,55.9,48.9,37,39,44.06
62.6,58.28,68,69.8,62.06,66.02,76.28,64.04,50,57,54,55.9,55.9,44.1,53.1,39.2,57,45,37,39,44.06
62.96,60.8,69.98,69.8,69.08,71.96,79.34,71.96,54,57.9,57.9,55,64.9,53.1,61,53.6,57,46.9,42.1,41,50
62.06,60.8,73.04,71.6,73.94,78.98,83.48,78.98,59,59,66.9,57,70,59,64.9,60.8,60.1,50,46.9,44.1,53.96
64.04,60.8,75.02,71.6,77,82.04,87.62,82.04,57.9,62.1,72,55.9,73.9,64.9,68,62.6,64,52,48.9,50,55.04
60.08,64.4,75.02,73.94,82.04,86,91.04,86,60.1,64,75,57,73.9,66.9,72,69.8,66,57,53.1,55,55.94
60.98,64.4,75.92,75.2,84.92,89.96,94.1,87.98,61,66.9,75,59,78.1,68,75,71.6,66.9,60.1,57,57.9,57.02
60.98,66.2,75.92,77,89.96,93.02,96.44,91.04,63,69.1,78.1,60.1,78.1,70,78.1,75.2,69.1,62.1,60.1,63,60.08
64.04,64.4,75.02,78.8,91.04,95,98.42,91.94,63,72,79,53.1,82,69.1,79,75.2,73.9,66,62.1,66,59
62.96,66.2,73.94,80.6,91.94,96.08,99.5,93.02,63,75,77,53.1,82,69.1,80.1,78.8,73.9,66.9,63,66.9,57.92
62.6,64.4,73.04,80.6,91.04,96.98,100.04,93.02,61,75.9,77,55.9,81,69.1,82,78.8,73,69.1,63,64.9,57.92
60.8,62.6,71.96,77,89.06,96.08,100.04,89.96,60.1,77,75.9,55.9,79,66,82,78.8,71.1,69.1,62.1,64,57.92
60.8,62.6,69.08,75.2,82.94,91.94,98.06,84.02,57,73.9,73,54,75,63,80.1,73.4,68,64,60.1,62.1,55.04
60.8,60.8,69.08,71.6,77,87.98,94.46,80.06,53.1,70,68,53.1,70,57.9,73.9,69.8,60.1,61,55,60.1,55.04
59.72,60.8,69.08,71.6,71.96,84.92,90.68,75.92,51.1,66.9,64,52,62.1,55.9,70,64.4,55,57.9,55,59,53.06
58.82,60.8,69.08,69.8,69.98,82.04,87.44,73.04,48,63,60.1,51.1,62.1,55,66,60.8,53.1,55.9,53.1,59,53.06
57.92,60.8,68,69.8,69.08,78.98,84.56,68,46,59,60.1,51.1,55,55,68,53.6,51.1,55,51.1,57.9,51.08
57.74,60.8,68,68.9,64.94,77,82.04,68,45,57.9,59,50,57.9,53.1,66.9,53.6,51.1,55.9,50,55.9,53.06
57.38,60.8,68,68,62.96,73.94,81.14,64.04,43,57,55,50,53.1,52,66,50,51.1,54,50,55.9,51.08
57.2,60.8,68,67.1,60.08,71.96,80.6,62.06,43,54,54,48,55.9,52,63,39.2,50,52,48.9,55.9,51.08
57.02,62.6,68,66.2,60.08,69.98,79.88,55.04,42.1,53.1,57,46.9,51.1,50,64,42.8,48,48.9,48.9,55,51.08
57.02,62.6,68,66.2,57.92,69.08,79.34,53.96,41,53.1,57,46.9,53.1,46.9,62.1,44.6,48.9,51.1,48,52,51.08
57.02,62.6,68,64.4,59,68,78.8,53.96,39.9,50,57,45,50,46,62.1,42.8,48.9,51.1,48,52,51.08
57.38,60.8,68,64.4,60.08,66.92,78.08,57.02,42.1,50,57,45,54,46,57,37.4,48.9,48.9,48.9,50,51.08
57.74,60.8,68,64.4,59,66.92,78.8,55.04,43,48,57,46.9,52,44.1,55.9,37.4,48,44.1,48,48,50
59,60.8,69.08,66.2,60.98,69.98,79.7,60.98,44.1,48.9,57,48,57,46,55,39.2,48,46.9,48,48,50
60.8,60.8,69.08,71.6,64.94,71.96,83.3,71.06,50,53.1,57,48,61,53.1,63,46.4,51.1,54,48,48,50
60.8,60.8,71.06,75.2,69.98,77,88.16,77,55,55.9,57.9,50,63,57,69.1,55.4,50,66.9,50,48,51.98
64.4,60.8,71.06,80.6,73.04,80.06,92.84,78.98,57.9,62.1,60.1,51.1,66.9,61,73,64.4,51.1,71.1,51.1,48,51.98
68,60.8,71.06,82.4,75.92,78.98,96.98,84.02,62.1,66.9,60.1,54,71.1,66,73.9,71.6,54,75,53.1,48.9,53.96
68,62.6,71.06,87.8,78.98,82.94,99.14,91.94,64.9,73,60.1,54,73.9,69.1,77,73.4,54,80.1,57.9,50,55.04
69.8,62.6,71.06,89.6,80.96,84.92,100.76,93.02,66.9,77,61,55.9,77,71.1,78.1,75.2,55.9,82.9,59,51.1,55.04
69.8,64.4,69.98,89.6,82.94,86,101.84,93.02,66,81,61,55,77,69.1,79,78.8,57.9,82,59,52,55.04
68,64.4,69.98,89.6,80.96,87.98,102.02,93.02,64,86,61,55.9,79,71.1,79,78.8,61,81,57.9,53.1,53.96
66.2,64.4,69.08,87.8,80.96,87.98,101.84,91.04,62.1,88,61,55.9,79,72,81,78.8,61,80.1,57.9,53.1,53.06
64.4,62.6,68,86,75.02,89.06,100.94,87.08,61,87.1,61,57,77,71.1,81,78.8,57.9,78.1,59,53.1,53.06
64.4,61.52,68,84.2,71.06,84.02,99.14,80.96,59,82,60.1,55,73.9,63,79,75.2,55.9,75,54,52,53.06
60.8,60.8,68,80.6,66.92,82.94,95.72,75.92,59,78.1,59,53.1,66,52,75,64.4,51.1,70,50,48.9,51.98
59,60.8,66.92,78.8,64.04,80.06,92.12,69.98,55,73,59,51.1,57.9,51.1,72,62.6,50,66,44.1,48,51.08
57.2,60.8,66.92,76.82,62.06,78.08,89.06,66.92,48.9,70,59,50,57.9,53.1,66,51.8,50,64,39,46,51.98
55.4,60.8,66.92,75.2,60.08,75.02,86.36,64.94,48,69.1,57.9,50,57,46.9,64,53.6,48.9,61,37.9,45,51.98
53.6,60.8,66.92,73.4,59,73.94,84.02,62.96,46,64,57.9,50,62.1,52,62.1,48.2,48.9,57.9,37.9,42.1,51.98
53.6,60.8,66.92,80.6,59,71.06,82.58,60.98,45,62.1,57.9,48.9,61,45,63,44.6,46.9,53.1,35.1,39,51.98
51.8,59,66.92,69.8,59,71.06,81.68,60.08,43,57.9,57,50,57.9,45,63,44.6,46.9,48.9,32,36,51.98
51.8,59.72,66.92,69.8,60.08,71.06,80.42,59,44.1,57,55.9,48.9,57.9,46,62.1,42.8,44.1,46,34,37.9,53.06
51.8,60.26,68,69.8,59,69.98,79.34,57.02,44.1,55.9,55.9,46.9,55.9,43,60.1,44.6,43,41,30,36,53.06
51.8,60.8,68,68,59,69.98,78.26,55.94,43,53.1,55.9,48,55,39,60.1,44.6,39.9,48,28,36,53.06
53.6,59,68,66.2,57.92,69.08,77,55.04,43,54,57,46.9,55,39,60.1,42.8,41,48,28,33.1,53.06
50,59,68,68,57.02,71.06,76.64,51.98,48,52,57,46.9,55,39,59,37.4,39,48,27,33.1,53.06
55.4,60.8,68,73.4,59,69.98,76.64,57.92,48.9,51.1,57,48,55.9,42.1,59,42.8,39.9,45,27,30.9,53.06
60.8,62.6,69.08,80.6,60.98,69.08,79.34,62.96,57.9,55.9,59,50,61,54,62.1,50,44.1,53.1,35.1,35.1,51.98
62.6,64.4,69.98,87.8,64.94,71.96,83.12,68,63,61,60.1,53.1,64,60.1,66.9,57.2,48,54,42.1,36,51.98
62.6,64.4,69.98,89.6,69.08,69.98,86.9,69.98,66,66,62.1,55,68,64,73,62.6,54,57,46,42.1,53.06
62.6,66.2,69.98,95,71.96,69.98,89.96,73.04,70,71.1,66,59,72,66,75.9,69.8,60.1,57,52,46.9,51.98
64.04,68,71.96,98.6,71.96,71.96,92.84,73.94,73,75.9,68,62.1,75,72,77,73.4,64,57,55.9,52,53.06
64.94,69.8,71.96,98.6,75.02,73.94,95,75.92,75,81,69.1,63,77,73,78.1,77,64,57.9,59,57,53.96
66.92,68,71.96,98.6,73.94,71.06,96.62,78.08,77,86,71.1,63,80.1,73.9,79,78.8,66,57,61,59,53.96
66.92,69.8,71.06,98.6,73.04,71.06,97.52,80.06,77,86,71.1,64.9,82,73,82,80.6,66.9,57,62.1,61,50
64.94,66.2,71.06,95,71.96,71.06,97.88,78.98,73.9,87.1,71.1,64.9,81,72,82,80.6,66.9,59,63,63,48.92
64.94,64.4,69.98,91.4,69.08,69.98,97.7,77,73.9,84.9,72,63,79,70,77,78.8,66.9,57,62.1,63,50
64.94,62.6,68,87.8,64.94,69.98,96.26,71.06,70,82,69.1,61,73,66.9,75,75.2,61,53.1,59,61,50
64.4,60.8,66.92,82.4,62.06,69.98,93.2,69.98,69.1,73.9,63,59,71.1,57.9,73,69.8,57.9,52,54,52,50
62.6,59,66.92,78.8,60.08,68,89.96,68,66,70,63,57,66.9,55.9,72,59,60.1,52,51.1,48,48.02
60.8,57.2,66.92,77,59,69.08,87.26,53.96,64.9,66,61,55.9,64.9,54,66.9,60.8,57,46.9,51.1,48.9,46.04
59.36,57.2,66.02,75.2,57.92,68,84.92,53.06,64,66,59,55,61,52,64,55.4,55.9,45,51.1,45,46.04
58.28,57.2,66.02,73.4,55.94,68,82.94,51.08,63,63,57.9,52,63,53.1,62.1,55.4,54,44.1,48.9,44.1,42.98
57.38,55.4,64.94,71.6,55.04,68,80.6,46.94,61,66.9,57.9,51.1,62.1,53.1,61,48.2,50,44.1,46.9,45,42.98
56.3,53.6,66.02,71.6,53.06,66.92,78.62,46.04,57.9,59,57,52,60.1,52,61,50,48,44.1,48,37.4,42.08
55.4,51.8,66.02,69.8,53.96,68,76.28,46.94,57.9,59,55,50,60.1,51.1,59,44.6,46.9,44.1,46.9,42.1,42.98
54.68,53.6,64.04,69.8,53.96,66.92,74.3,44.06,57,55.9,53.1,50,59,48,57.9,44.6,46,45,46.9,42.1,44.96
53.78,53.6,64.94,69.8,53.06,66.02,72.32,44.96,53.1,54,51.1,51.1,57,46.9,57,44.6,44.1,46.9,46,42.1,39.92
53.42,57.2,64.04,69.8,51.98,64.04,69.98,41,55.9,55.4,52,53.1,57.9,48.9,54,44.6,39.9,46.9,45,39.9,41
53.06,57.2,64.94,68,51.98,62.06,69.62,44.96,55.9,55,50,51.1,57,51.1,57.9,46.4,39.9,48,45,41,37.04
53.6,57.2,66.02,69.8,53.96,62.06,69.62,48.92,57.9,54,51.1,52,61,60.1,55.9,48.2,43,48,45,41,39.02
53.96,60.8,68,75.2,59,64.04,72.32,59,61,55.9,59,54,64.9,57.9,59,51.8,45,51.1,46,45,44.96
57.02,60.8,68,80.6,64.04,66.92,76.1,68,66,57,62.1,55.9,66.9,60.1,62.1,57.2,50,55.9,50,48.9,46.94
59,62.6,69.98,82.4,69.98,71.06,79.88,73.04,71.1,60.1,64,57.9,69.1,62.1,66.9,62.6,55,60.1,51.1,53.1,50
62.06,64.4,69.98,86,73.94,73.94,82.94,77,75,63,70,61,71.1,63,73,68,61,62.1,51.1,57,51.98
62.96,68,71.06,87.8,78.98,77,85.82,80.06,79,64,72,62.1,73,64,75,71.6,66,64.9,51.1,55.9,51.98
64.94,68,71.06,89.6,82.94,78.98,87.98,82.94,82,69.1,73.9,66,73.9,63,77,71.6,68,64,51.1,60.1,53.06
64.94,68,73.04,87.8,84.02,80.06,89.78,84.92,82,71.1,75.9,69.1,75,62.1,77,73.4,71.1,66,51.1,59,53.06
64.94,66.2,71.96,87.8,87.08,80.96,90.86,87.08,82.9,73.9,75.9,68,75,59,79,75.2,73,66.9,51.1,57.9,53.96
66.02,64.4,69.98,87.26,87.08,80.96,91.22,87.08,82,73.9,77,70,73.9,61,80.1,77,72,66,50,57.9,51.98
60.98,62.6,68,86,84.02,78.98,91.04,84.02,82,73.9,73,69.1,72,57.9,78.1,75.2,70,64.9,50,57,51.98
59,60.8,69.08,80.6,80.96,77,89.42,75.02,71.1,64.9,72,64.9,68,55,75,71.6,68,60.1,50,54.9,51.08
55.04,59,68,73.4,73.94,73.04,86.18,75.02,64.9,60.1,71.1,63,66,53.1,70,62.6,64.9,54,48.9,52,50
54.68,60.8,69.08,73.4,71.06,71.96,82.58,64.94,60.1,55.9,70,57.9,64,53.1,66.9,59,64.9,52,48.9,48.6,50
54.5,60.8,69.08,69.8,66.92,69.98,79.7,57.02,55.9,55.9,68,57.9,59,52,70,55.4,60.1,51.1,48.9,48,50
54.14,59,68,69.8,66.02,66.02,77.18,53.96,55,55.9,64,57,57.9,52,66,57.2,59,46,48,48,50
53.24,59,68,69.8,66.02,66.02,75.02,51.98,53.1,53.1,63,55,57.9,51.1,62.1,57.2,57.9,50,48,46.9,48.92
52.34,57.2,66.92,69.8,64.04,62.96,73.4,46.94,52,52,63,55,55.9,50,60.1,55.4,51.1,52,48,46.9,48.02
51.44,57.2,66.02,69.8,62.96,62.06,72.32,48.02,50,51.1,63,54,53.1,48.9,60.1,53.6,53.1,48,48,46,48.02
52.16,59,68,68.9,62.06,60.98,70.88,46.94,51.1,51.1,62.1,53.1,54,50,60.1,51.8,46.9,50,46.9,43,46.94
52.88,59,66.92,68,62.06,59,69.62,44.96,52,51.1,62.1,53.1,52,48,57,50,43,46,46,42.1,46.94
53.6,59,66.92,66.2,60.08,57.92,68.36,44.06,53.1,51.1,60.1,52,51.1,45,53.1,48.2,44.1,42.1,44.1,41,46.04
52.88,57.2,66.92,66.2,57.02,55.94,66.92,42.98,53.1,52,60.1,52,51.1,46,54,48.2,43,46,45,39.9,44.96
52.52,57.2,66.92,66.2,57.02,55.94,66.38,44.96,52,53.1,60.1,53.1,51.1,39.9,52,44.6,45,46,42.1,39.9,44.96
51.8,57.2,68,68,60.08,57.92,66.2,51.98,52,53.1,59,53.1,53.1,42.1,52,42.8,45,50,42.1,41,44.96
55.04,59,69.08,71.6,66.02,62.96,68.72,60.08,59,54,62.1,54,57,41,55,50,50,54,43,39.9,46.04
60.08,60.8,73.04,75.2,71.06,69.08,72.32,69.98,64.9,57,64,54,62.1,44.1,61,55.4,61,62.1,44.1,43,46.04
64.94,60.8,73.94,78.8,73.94,71.06,76.1,75.92,70,57.9,64.9,55,64.9,46.9,64,60.3,66.9,66,46,44.1,46.94
64.94,62.6,73.94,82.4,78.08,73.94,78.98,80.06,75,60.1,66.9,55.9,68,50,66.9,64.4,72,69.1,48,46.9,48.02
66.02,64.4,75.02,86,82.94,77,82.04,82.94,80.1,63,68,57,70,57,70,68,75.9,69.1,48,44.1,48.92
64.94,66.2,73.94,86.54,87.08,80.06,84.38,86,82,66,70,59,72,57.9,71.1,71.6,79,66.9,48.9,44.1,50
66.02,68,73.04,86,89.06,82.04,86.36,87.98,82.9,70,71.1,62.1,73.9,59,73,75.2,81,71.1,51.1,45,51.08
69.08,68,73.04,86,89.06,82.04,87.44,89.96,77,73,73,64,73.9,57.9,75,75.2,84,71.1,53.1,46,51.98
69.8,66.2,69.98,84.2,89.96,82.94,87.98,87.98,78.1,73.9,72,63,73.9,53.1,75,77,82.9,73,45,45,51.08
71.6,64.4,69.98,78.8,89.06,80.96,87.98,84.92,73,75,72,62.1,72,52,75,77,81,70,46,46.9,51.08
73.4,62.6,69.08,77,86,78.08,87.08,77,71.1,73,69.1,59,66,48,73,66.2,75,66.9,45,45,48.92
70.7,60.8,68,73.4,77,73.04,84.38,71.06,63,66.9,66.9,57.9,64,41,69.1,59,68,63,43,42.1,48.56
68.72,59,68,71.6,75.02,71.96,81.5,60.98,61,64,64,57.9,61,41,64.9,55.4,70,63,42.1,37.9,48.02
67.1,55.4,68,71.6,69.98,71.06,79.34,55.94,57,62.1,62.1,55.9,60.1,39,64,51.8,71.1,61,41,39,47.3
65.12,55.94,67.46,69.8,67.46,70.34,77.9,54.86,55.9,60.6,62.4,56.5,57,39.7,62.6,52.2,65.8,58.5,41.4,39.4,47.12
63.14,56.48,66.92,68,64.76,69.62,76.64,53.96,54.9,59.2,62.6,57.2,54.1,40.5,61.2,52.3,60.4,55.8,41.9,39.6,47.3
61.16,57.02,66.38,66.2,62.24,68.9,75.2,52.88,53.8,57.7,63,57.7,51.1,41.2,59.7,52.7,55.2,53.2,42.3,39.9,48.2
59,57.38,65.66,64.4,59.72,68.18,73.94,51.98,52.5,56.3,63.1,58.3,48,41.9,58.3,53.1,49.8,50.7,42.8,40.1,49.46
57.02,57.92,65.12,62.6,57.2,67.46,72.5,50.9,51.4,54.9,63.5,58.8,45,42.6,56.8,53.4,44.6,48.2,43.2,40.5,50.72
55.04,58.46,64.58,60.8,54.5,66.74,71.24,50,50.4,53.4,63.7,59.5,42.1,43.3,55.4,53.6,39.2,45.5,43.7,40.6,51.62
53.06,59,64.04,59,51.98,66.02,69.8,48.92,49.3,52,64,60.1,39,44.1,54,54,34,43,44.1,41,51.98
51.62,59,64.04,57.2,51.98,64.04,66.02,48.02,49.1,50,63,60.1,39.4,43,53.1,51.1,34,43,44.1,39,51.8
50.36,57.2,64.04,57.2,53.06,64.04,64.4,44.06,48.9,50,63,60.1,39.6,42.1,57.9,53.1,34,43,43.7,39.9,51.62
48.92,59,62.96,59,53.96,66.92,64.4,48.92,50,51.1,61,60.1,39.9,52,54,55,33.1,43,43.3,39.9,51.26
52.88,62.6,64.04,64.4,59,73.94,68,55.94,50,57,61,60.1,43.7,55,61,55.9,34,43,43,44.1,53.06
57.02,66.2,66.02,69.8,62.06,78.98,73.76,62.96,52,62.1,60.1,61,47.3,60.1,66.9,60.1,33.1,44.1,45.7,48,56.12
60.98,68,68,73.4,66.02,84.02,79.34,66.92,55.9,68,59,61,51.1,62.1,73,66,34,45,48.4,53.1,57.74
64.94,69.8,69.08,75.2,69.08,87.08,84.02,71.06,57,73.9,60.1,62.1,52.3,64.9,77,64.9,34,45,51.1,57,58.82
69.08,71.6,69.98,80.6,71.96,89.96,87.8,75.02,59,79,59,63,53.8,64.9,78.1,68,37,46,51.4,62.1,59
73.04,71.6,69.98,80.6,73.94,91.94,87.8,75.92,61,86,61,62.1,55,66.9,81,66.9,37,46.9,51.6,66,58.46
71.42,69.8,69.98,78.8,75.92,96.08,89.6,77,64,89.1,61,63,55.4,66,82.9,69.8,37.9,48,52,71.1,58.1
69.62,68,69.98,78.8,78.08,96.08,91.4,78.08,68,93.9,61,62.1,55.6,66,84.9,70,37.9,50,51.6,73,58.82
68,66.2,69.08,77,78.08,96.08,91.4,78.08,66.9,93,61,62.1,55.9,66,84.9,61,37.9,53.1,51.4,73,60.26
64.94,64.4,66.92,77,75.92,95,91.04,78.98,61,93,60.1,62.1,53.6,63,86,62.1,37.9,52,51.1,73,57.56
62.06,60.8,66.92,69.8,71.96,91.94,89.6,78.98,57,86,59,60.1,51.3,55,82.9,59,37,50,48.7,66.9,55.76
59,60.8,66.02,66.2,69.08,84.92,84.2,69.98,57,79,57.9,59,48.9,60.1,75,53.1,37,46.9,46.4,62.1,56.3
58.28,60.8,66.02,66.2,66.02,82.04,82.4,66.02,51.1,75.9,57,55,46.6,59,71.1,54,36,46.9,44.1,57,57.2
57.74,60.8,66.02,64.4,64.04,82.94,82.4,60.08,48.9,70,55.9,55.9,44.4,59,66,48.9,35.1,44.1,43,57.9,56.48
57.02,59,66.02,64.4,62.96,75.92,78.8,59,48,64.9,55.9,55,42.1,57.9,64,48.9,34,42.1,42.1,61,55.04
57.38,60.8,66.02,62.6,60.98,75.02,75.92,57.92,46,64,53.1,54,41,57,61,48.9,33.1,41,41,60.1,56.12
57.56,60.8,66.02,62.6,59,75.02,75.2,57.02,45,57.9,54,54,40.1,57,59,48,33.1,39.9,41,59,54.86
57.92,60.8,66.92,62.6,57.02,71.96,75.2,55.94,44.1,61,51.1,52,39,57,57,43,32,39.9,41,57.9,55.22
58.28,60.8,66.92,62.6,55.94,68,73.4,55.04,44.1,55,48.9,50,38.7,57,57,45,32,37.9,41,51.1,55.58
58.64,60.8,66.92,60.8,55.04,68,73.4,51.98,41,54,46.9,50,38.3,55.9,55.9,44.1,30.9,41,39,50,55.22
59,60.8,66.02,60.8,53.96,66.92,71.6,53.06,41,55,50,48.9,37.9,55,54,39.9,30.9,41,37,51.1,54.86
60.08,60.8,66.02,62.6,53.96,66.92,73.04,51.98,41,53.1,50,48.9,38.3,53.1,53.1,46.9,30.9,39.9,35.1,54,54.32
60.98,59,64.94,59,53.06,66.02,69.8,46.94,41,54,50,48.9,38.7,48,53.1,46,30,42.1,34.7,54,53.96
62.06,60.8,64.94,60.8,55.04,69.08,69.8,51.98,45,53.1,51.1,48.9,39,53.1,53.1,46,30,42.1,34.3,48,53.78
66.02,60.8,66.02,62.6,60.98,73.94,71.6,62.06,54,57.9,54,51.1,40.1,55.9,57.9,48,30.9,46,34,46.9,54.32
69.98,62.6,68,64.4,64.94,78.98,78.8,68,59,62.1,55,52,41,59,64.9,53.1,32,50,39,48,55.04
73.94,62.6,69.08,69.8,69.98,84.02,83.84,71.96,63,70,57,54,42.1,61,70,55.9,32,54,43.9,48.9,55.58
75.56,62.6,69.98,73.4,75.02,87.08,87.98,75.92,66,75,57.9,57,45.3,63,72,60.1,32,55,48.9,52,56.48
77.36,62.6,71.06,78.8,78.98,89.06,91.4,78.08,69.1,79,61,59,48.7,64.9,75.9,64,32,57,51.6,51.1,57.38
78.98,64.4,71.96,80.6,80.96,91.04,91.4,80.06,69.1,82.9,62.1,61,52,66.9,78.1,64.9,33.1,57.9,54.3,54,58.82
77.72,64.4,71.96,82.4,84.02,93.92,93.2,80.96,69.1,88,62.1,62.1,53.6,68,81,66.9,34,60.1,57,53.1,59
76.28,64.4,71.06,80.6,84.92,95,93.2,82.94,66.9,90,63,63,55.4,68,81,66,36,61,56.7,50,59.9
75.02,62.6,69.08,75.2,84.92,95,95,84.02,66,89.1,62.1,63,57,66.9,82,64.9,36,60.1,56.3,54,58.82
72.32,60.8,68,71.6,82.94,93.92,93.92,82.04,63,89.1,61,60.1,53.1,66,82,63,36,59,55.9,52,57.2
69.62,59,66.02,69.8,77,91.04,91.4,80.96,60.1,80.1,60.1,57.9,48.9,61,79,60.1,35.1,55.9,50.9,48.9,55.94
66.92,59,66.02,66.2,73.94,87.08,86,71.96,57.9,73,57.9,57,45,43,75,57.9,34,51.1,46,46,55.22
64.58,57.2,66.02,64.4,71.96,82.04,82.4,69.08,54,71.1,55.9,55,43.3,39.9,68,55.9,33.1,50,41,45,55.4
62.42,57.2,66.02,64.4,68,78.98,80.6,60.98,50,66,54,54,41.5,37,64,55,33.1,48.9,39.7,41,55.4
60.08,57.2,66.02,62.6,66.92,75.92,78.8,59,46.9,63,53.1,54,39.9,36,59,54,32,39.9,38.3,37.9,54.86
59.36,57.2,64.94,62.6,64.04,73.94,77,57.02,46.9,59,53.1,54,39.6,37.9,59,53.1,32,39,37,37,53.96
58.64,57.2,64.94,60.8,62.06,72.68,75.2,57.92,45,59,53.1,52,39.4,34,57,51.1,32,39.9,36,37,52.88
57.92,55.4,64.94,60.8,59,71.96,75.2,55.04,45,54,52,50,39,32,55,48.9,30.9,37.9,35.1,37,50
57.92,57.2,64.94,60.8,57.92,69.98,75.2,53.96,44.1,54,51.1,51.1,37,33.1,55,46,30,37.9,34,36,48.2
57.92,53.6,64.94,60.8,57.02,69.08,75.2,51.98,45,52,50,50,35.1,30.9,53.1,42.1,28.9,37,32.7,36,46.58
57.92,55.4,64.94,60.8,55.04,69.08,73.4,51.08,43,48,48,50,33.1,30,51.1,37.9,28,39,31.3,33.1,45.14
57.02,57.2,64.94,60.8,57.02,69.08,73.04,48.92,43,51.1,48,46,33.8,30,46.9,35.1,27,39.9,30,32,43.7
55.94,57.2,64.94,59,55.94,68,71.6,53.96,45,48.9,48.9,48.9,34.3,28,48,33.1,27,39.9,30.7,32,45.5
55.04,57.2,64.04,60.8,59,70.52,73.4,53.96,46.9,48.9,48.9,48.9,35.1,34,46.9,34,27,39,31.3,34,47.12
55.76,57.2,66.02,60.8,64.04,74.12,75.2,57.02,53.1,53.1,50,52,39,44.1,51.1,39,30.9,37,32,35.1,52.16
56.3,59,66.92,62.6,69.08,78.26,80.6,62.06,57,59,51.1,55,43,51.1,57,44.1,37.9,37,37,37,54.5
57.02,59,66.92,64.4,73.94,86,84.2,66.02,64,64,53.1,59,46.9,57,63,48.9,44.1,37,41.9,39.9,56.48
57.38,60.8,69.08,66.2,78.08,89.06,89.06,68,66.9,70,55,61,49.6,61,66,52,48,37.9,46.9,44.1,55.58
57.56,64.4,69.08,69.8,82.04,91.04,91.4,69.08,66,73.9,57,63,52.3,64.9,70,55,50,39.9,49.6,48.9,57.02
57.92,66.2,71.06,71.6,84.02,93.02,93.2,71.06,66.9,79,59,64.9,55,66,72,57.9,52,39.9,52.3,51.1,56.3
60.26,66.2,69.98,73.4,86,96.08,96.8,71.96,69.1,82,64,64.9,55.4,66,75,60.1,54,41,55,54,57.38
62.6,64.4,69.98,73.4,87.08,98.06,95,73.94,66,84.9,64,66,55.6,66.9,77,60.1,55.9,42.1,54.3,51.1,58.1
64.94,64.4,68,71.6,84.92,98.06,95,73.94,64.9,86,63,64.9,55.9,66,77,60.1,57,42.1,53.8,51.1,57.92
61.7,62.6,66.92,68,82.04,96.08,93.02,69.98,61,86,62.1,63,51.6,64,75.9,59,55,42.1,53.1,48.9,55.76
58.28,60.8,64.94,64.4,75.02,91.04,89.6,71.06,57,78.1,60.1,61,47.3,53.1,73,55.9,52,39.9,47.3,48,51.08
55.04,57.2,64.94,62.6,69.98,84.92,84.2,66.92,53.1,73,57.9,60.1,43,44.1,69.1,52,50,37,41.7,44.1,50.54
54.32,57.2,64.04,62.6,68,80.96,80.6,64.04,50,66.9,55,59,40.6,39.9,66,51.1,48.9,37,36,43,51.08
53.78,57.2,64.04,62.6,64.94,80.96,77,62.06,46.9,66,55.9,57.9,38.3,37.9,59,48.9,48.9,37,33.6,41,51.08
53.06,57.2,62.96,62.6,62.96,78.08,75.2,60.08,44.1,57.9,54,55.9,36,36,57,50,46.9,36,31.3,41,46.4
52.7,57.2,62.96,62.6,62.06,73.04,75.02,57.02,46,60.1,52,53.1,35.1,34,57,48.9,46,35.1,28.9,39,45.68
52.34,59,62.06,62.6,59,73.04,73.4,57.02,45,57,51.1,55,34,34,55.9,46,46,34,28.2,39,44.24
51.98,57.2,60.98,62.6,59,69.98,71.6,53.06,48.9,55,50,53.1,33.1,32,53.1,43,46,33.1,27.7,36,45.14
50.36,57.2,60.98,60.8,57.92,69.08,71.6,51.98,48.9,53.1,50,54,32.4,30,51.1,39.9,46,28,27,37.9,45.14
48.56,57.2,57.92,60.8,57.92,68,69.8,51.08,48.9,52,48.9,54,31.6,28.9,50,36,46,28,26.2,37.9,42.98
46.94,57.2,59,60.8,57.92,64.94,68,51.08,48.9,50,48,54,30.9,28,48,34,46,30,25.7,35.1,44.42
48.02,57.2,59,60.8,53.96,64.04,66.02,44.96,48,50,46.9,53.1,30.9,28.9,46,34,48,30.9,25,35.1,42.98
48.92,57.2,57.92,60.8,53.06,62.96,64.4,41,48,46.9,46,51.1,30.9,28.9,45,30.9,46.9,32,27,33.1,42.98
50,57.2,60.98,60.8,55.94,62.96,64.4,46.04,48,46.9,46,52,30.9,30,45,33.1,46.9,32,28.9,30.9,42.62
53.6,57.2,64.04,62.6,60.98,68,66.2,59,48.9,53.1,48,57,34.9,37.9,50,39,52,32,30.9,34,48.74
57.38,57.2,68,62.6,64.94,73.04,71.6,62.06,48.9,57.9,50,60.1,39,48,53.1,43,57.9,33.1,34.9,37.9,52.7
60.98,60.8,69.98,64.4,69.98,75.92,78.8,62.96,50,64,54,63,43,53.1,57.9,46.9,63,33.1,39,41,54.5
64.58,61.52,69.98,65.84,71.96,80.06,80.96,64.04,50,70,57.9,66,46.4,57.9,63,51.1,66.9,35.1,43,44.1,57.2
68.36,62.6,71.06,66.2,75.92,84.02,82.4,64.04,53.1,75.9,62.1,69.1,49.6,64,69.1,54,70,37,46.4,50,57.56
71.96,62.6,71.06,66.2,78.98,87.98,84.2,59,55,81,64,69.1,53.1,66.9,72,57,72,37.9,49.6,51.1,55.4
69.98,64.4,71.96,68,80.06,89.06,87.8,66.02,55.9,84,66.9,70,53.4,66.9,73.9,60.1,75,39,53.1,51.1,55.04
68,64.4,71.06,68,80.96,89.06,89.6,62.96,55.9,88,69.1,71.1,53.6,68,75,60.1,75.9,41,53.4,53.1,56.12
66.02,63.14,69.08,68,80.96,87.98,89.6,62.06,55.9,89.1,68,70,54,66.9,75,60.1,75,39.9,53.6,53.1,55.76
63.32,60.8,68,66.2,78.08,86,89.06,55.94,55.9,87.1,64.9,69.1,50.7,63,73.9,60.1,72,41,54,53.1,55.04
60.62,59,66.02,66.2,71.06,82.94,88.16,53.06,54,80.1,63,64,47.3,61,70,55.9,62.1,39,48,48.9,54.32
57.92,57.2,66.02,66.2,66.92,78.98,84.92,51.98,55,73.9,61,61,44.1,57.9,64,53.1,59,37.9,41.9,44.1,54.32
56.66,57.2,66.02,64.4,64.04,75.92,82.58,51.08,53.1,69.1,57.9,63,42.6,61,61,48,55,37,36,42.1,54.32
55.22,55.4,64.94,64.4,62.06,71.96,80.6,53.96,51.1,64.9,55,57,41.4,61,59,42.1,54,35.1,35.6,37,53.06
53.96,55.4,64.94,64.4,59,69.08,78.98,53.96,48.9,64,54,61,39.9,59,52,37.9,54,32,35.4,39.9,50.36
52.7,53.6,64.04,66.2,57.02,66.02,77.54,48.02,48.9,61,53.1,57,39.9,57,53.1,37.9,48.9,33.1,35.1,34,51.26
51.26,55.4,64.04,64.4,57.02,64.04,77,48.02,51.1,55.9,51.1,55.9,39.9,55,55,34,46.9,30,32.7,36,47.3
50,57.2,62.96,66.2,55.04,62.96,75.2,46.94,53.1,55,51.1,52,39.9,54,53.1,33.1,46,30,30.4,34,47.12
49.28,57.2,62.96,66.2,55.04,60.98,73.4,46.04,54,54,50,52,39.9,51.1,51.1,36,46.9,28.9,28,28.9,43.34
48.74,57.2,62.06,64.4,53.06,60.98,73.4,46.04,54,52,50,50,39.9,46.9,46.9,28,45,28.9,27.3,30.9,46.04
48.02,57.2,62.06,64.4,53.96,59,71.6,46.04,53.1,53.1,48.9,48.9,39.9,48,44.1,28,41,28.9,26.8,30.9,42.98
48.38,57.2,62.06,64.4,51.08,57.92,73.04,44.96,54,50,48,46.9,39.9,48.9,44.1,26.1,36,28.9,26.1,33.1,43.88
48.56,57.2,62.96,64.4,51.98,57.02,69.8,46.04,55.9,48.9,46.9,46.9,39.9,45,44.1,26.1,37,27,27.3,30,44.42
48.92,57.2,64.94,64.4,55.94,57.02,66.2,46.04,57,46.9,46.9,48.9,39.9,46,44.1,24.1,35.1,27,28.8,28.9,46.76
50.36,57.2,66.92,66.2,60.98,60.98,71.6,48.92,57,53.1,54,50,43,54,45,33.1,39.9,30,30,32,48.2
51.62,57.2,69.08,66.2,66.02,62.96,75.2,51.98,57.9,57.9,63,53.1,45.9,60.1,48,37.9,45,30.9,35.1,34,49.82
53.06,59,71.06,68,69.08,66.92,80.6,55.94,60.1,64,66,57,48.9,63,52,43,52,36,39.9,37,54.14
54.32,60.8,71.06,73.4,73.04,69.98,80.96,59,61,69.1,68,59,50.5,66,54,46.9,52,39.9,45,41,59.18
55.76,64.4,71.06,75.2,75.92,73.04,82.4,60.08,61,75,69.1,61,52.3,70,57.9,50,62.1,42.1,46.9,43,59
57.02,64.4,71.06,77,80.06,75.02,84.2,62.06,62.1,80.1,71.1,61,54,72,59,51.1,64,44.1,49.1,46.9,56.84
57.02,64.4,71.06,75.2,82.94,78.08,82.4,66.02,61,82,71.1,61,54.7,72,62.1,53.1,66,46,51.1,50,56.48
57.02,64.4,71.06,73.4,84.92,78.98,84.2,64.94,62.1,82.9,71.1,62.1,55.2,73,64,54,69.1,46.9,51.4,51.1,55.76
57.02,62.6,69.98,71.6,84.92,78.98,84.2,64.04,62.1,81,71.1,59,55.9,72,64.9,55,71.1,46,51.6,51.1,55.76
56.66,60.8,68,69.8,82.94,75.92,84.02,64.94,61,80.1,68,57.9,53.6,66.9,64.9,55,71.1,44.1,52,52,55.04
56.3,57.2,68,64.4,73.94,73.04,82.4,64.04,59,75.9,64.9,55.9,51.3,60.1,61,51.1,63,42.1,50.4,51.1,54.14
55.94,57.2,68,62.6,69.98,69.98,80.6,55.04,57,69.1,64,57,48.9,53.1,59,45,62.1,39.9,48.6,50,53.6
55.58,57.2,68,62.6,66.92,69.08,78.8,53.96,57.9,63,64,54,48.9,52,54,37.9,60.1,39,46.9,48.9,53.6
55.4,55.4,68,62.6,64.94,66.92,77,51.08,55.9,64,63,52,48.9,51.1,51.1,33.1,59,37,46,50,53.42
55.04,55.4,68,62.6,62.96,64.04,75.2,46.94,53.1,59,63,50,48.9,48.9,50,32,55,39,45,50,53.78
53.96,55.4,68,62.6,62.96,60.98,75.92,44.96,53.1,57,62.1,51.1,48,46.9,48,30.9,53.1,37.9,44.1,50,53.06
53.06,55.4,68,62.6,57.92,59,73.4,44.96,53.1,55.9,61,52,46.9,48.9,48,28,53.1,37,42.4,46.9,52.34
51.98,55.4,68,62.6,57.92,57.92,71.6,44.06,53.1,55,59,51.1,46,50,48.9,26.1,48.9,33.1,40.6,46.9,52.16
51.98,55.4,68,62.6,57.02,57.02,71.6,39.92,53.1,55.9,59,50,44.8,46,48,25,48.9,34,39,45,51.44
51.98,55.4,68,62.6,55.94,55.94,71.6,41,55,51.1,59,53.1,43.3,46,46,24.1,46,34,37.9,42.1,51.62
51.98,55.4,68,62.6,55.94,55.94,69.8,39.02,54,50,57.9,52,42.1,43,45,23,46.9,32,37,37.9,51.62
51.62,55.4,68,60.8,53.96,55.94,69.08,37.94,54,48,57.9,52,41.7,42.1,46,21.9,48.9,32,36,37,50.9
51.44,55.4,68,60.8,51.98,55.04,68,42.08,53.1,48,57,52,41.4,41,46.9,21.9,44.1,30.9,34.7,35.1,51.62
51.08,55.4,68,62.6,55.94,55.94,68,42.08,54,46.9,57,51.1,41,44.1,46.9,21.9,48,28,33.3,35.1,54.32
51.98,55.4,69.08,62.6,64.04,59,71.6,46.94,55,50,60.1,53.1,44.4,53.1,46.9,32,46.9,30.9,32,37.9,53.78
53.06,55.4,69.08,64.4,71.06,62.96,77,53.06,57,54,64,54,47.7,60.1,53.1,39.9,52,35.1,37.9,43,54.86
53.96,57.2,71.06,64.4,75.02,64.94,80.6,59,57,57.9,66.9,55.9,51.1,64.9,57,48.9,55.9,39.9,44.1,46,55.94
54.68,59,73.04,64.4,78.98,68,84.02,62.96,61,63,70,59,53.4,68,59,53.1,62.1,45,50,50,56.84
55.22,62.6,73.04,64.4,82.04,71.06,86,64.04,62.1,66.9,71.1,60.1,55.6,71.1,63,55.9,64,48,52.3,55,57.56
55.94,62.6,73.04,64.4,84.92,73.94,89.6,66.02,62.1,70,73,62.1,57.9,73,66.9,57.9,64.9,51.1,54.7,57.9,57.92
56.66,62.6,73.04,64.4,87.08,73.94,89.6,64.94,61,73,73,63,57.6,73,70,59,66,54,57,62.1,59.72
57.2,60.8,71.96,66.2,87.98,75.02,91.4,66.92,60.1,75,73.9,63,57.4,73.9,72,60.1,64.9,54,55.4,64,59.36
57.92,60.8,71.06,64.4,89.06,75.02,91.4,66.92,57.9,75,73,64,57,73.9,72,61,63,54,53.6,64.9,60.62
56.3,60.8,69.08,64.4,86,73.94,91.04,69.08,57,73.9,70,63,54.7,66.9,72,60.1,60.1,52,52,64.9,59
54.68,57.2,69.08,64.4,78.98,71.96,89.6,69.08,55.9,69.1,66.9,60.1,52.3,57.9,69.1,54,57,48.9,51.3,62.1,55.04
53.06,57.2,69.98,64.4,75.92,69.98,84.2,68,57,63,66,57.9,50,53.1,64.9,46,55,46,50.7,50,52.52
53.06,57.2,68,64.4,71.96,68,80.6,59,55.9,60.1,64.9,57,48.9,50,61,34,53.1,46,50,50,51.8
53.06,57.2,66.92,64.4,68,66.02,78.8,57.02,55.9,57,63,55,48,48,55.9,35.1,51.1,43,49.3,46,52.7
53.06,59,66.92,64.4,66.02,62.96,75.2,53.96,55.9,57,62.1,54,46.9,46,54,33.1,51.1,44.1,48.7,43,48.56
52.34,59,66.92,64.4,64.94,62.96,75.02,53.06,57,53.1,61,53.1,46.9,44.1,52,30.9,48.9,42.1,48,43,45.68
51.8,59,66.92,64.4,64.04,60.08,77,48.92,57,53.1,60.1,53.1,46.9,42.1,50,35.1,48.9,42.1,47.3,39.9,47.12
51.08,59,66.02,64.4,62.06,60.08,73.4,48.92,57,48.9,55,52,46.9,39.9,52,32,46.9,43,46.8,41,44.78
50.72,57.2,64.94,64.4,60.98,59,71.6,44.96,57,46.9,52,52,45.7,39,48.9,34,42.1,43,46,39,44.6
50.36,57.2,64.94,64.4,60.08,57.92,69.8,46.04,57.9,45,50,52,44.2,39.9,48.9,30.9,44.1,42.1,45.7,37,45.32
50,57.2,64.04,64.4,60.08,57.02,66.2,42.98,57.9,46,46.9,51.1,43,37.9,46,30.9,46.9,44.1,45.3,35.1,42.62
50.36,57.2,64.04,64.4,59,55.94,69.08,42.98,57,44.1,46.9,50,42.6,39.9,45,32,39,43,45,33.1,41.18
50.72,59,62.96,64.4,55.94,53.96,69.8,37.04,57,43,46,48.9,42.4,39.9,46.9,30,43,42.1,45,34,41
51.08,59,64.94,64.4,59,55.04,68,42.08,57,44.1,46.9,48.9,42.1,43,45,30,44.1,44.1,45,32,44.06
51.8,60.8,68,64.4,69.08,60.08,69.8,53.06,57,48,52,50,44.1,48.9,48,34,46,44.1,45,35.1,48.92
52.34,60.8,69.98,66.2,73.04,66.02,75.2,60.08,57,51.1,59,52,46,55.9,53.1,42.1,50,45,45.7,42.1,54.32
53.06,60.8,71.06,66.2,77,69.98,80.6,64.04,57.9,55,64,57,48,61,57.9,48,55.9,45,46.2,46,55.94
53.96,62.6,71.96,68,80.06,73.04,84.92,66.92,57.9,60.1,66.9,59,49.6,66,62.1,55.9,61,45,46.9,52,57.2
55.04,64.4,71.96,68,82.04,75.92,89.6,69.08,57,64,70,61,51.4,69.1,64.9,61,66,50,46.9,57,57.38
55.94,66.2,71.96,69.8,84.92,78.08,91.4,69.98,57,66.9,73,63,53.1,72,66.9,64,66.9,54,46.9,62.1,54.86
55.94,64.4,71.06,71.6,86,78.98,93.2,69.08,57,70,75,63,54,73,69.1,64.9,66,52,46.9,66,55.4
55.94,62.6,71.06,71.6,86,78.08,93.2,71.06,57,70,75,64.9,55,73,68,66,66.9,52,47.3,68,54.14
55.94,62.6,69.98,69.8,86,78.98,96.8,73.04,57,70,73,62.1,55.9,73,69.1,66,64.9,50,47.7,70,53.6
55.04,60.8,66.92,66.2,84.02,78.08,93.92,73.94,57,69.1,70,61,53.2,70,66.9,64,62.1,50,48,71.1,51.44
53.96,57.2,66.02,64.4,78.08,73.94,93.2,73.94,57,69.1,66,57,50.7,64,64.9,52,59,48.9,46.4,62.1,46.4
53.06,57.2,66.02,64.4,73.04,71.96,87.8,73.04,57,66,63,55.9,48,61,62.1,42.1,57,46.9,44.6,62.1,45.5
53.06,55.4,66.02,64.4,68,69.98,84.2,62.96,57,64.9,62.1,57,47.3,57,60.1,43,55,46,43,55.9,48.02
53.06,57.2,64.94,62.6,68,68,84.2,57.02,57.9,62.1,63,55,46.8,55,61,34,53.1,44.1,41,55,42.62
53.06,55.4,64.04,60.8,66.02,68,82.4,53.06,57.9,62.1,57,52,46,53.1,60.1,30,54,42.1,39,48,42.26
52.7,57.2,64.94,60.8,62.96,66.02,78.08,51.08,57.9,61,57,54,44.4,52,57,30.9,51.1,39.9,37,48.9,42.44
52.34,55.4,64.94,60.8,59,64.94,71.6,48.92,57.9,59,52,50,42.6,48.9,55.9,28.9,51.1,37.9,37.8,45,44.06
51.98,55.4,64.04,57.2,57.02,62.96,73.4,48.02,57.9,54,48,50,41,48,55,30,48.9,37,38.3,43,41.18
51.98,55.4,62.96,57.2,57.92,60.98,71.6,44.96,57.9,51.1,48.9,48.9,42.1,45,54,28.9,46.9,39,39,39.9,42.44
51.98,55.4,62.96,55.4,57.92,59,71.6,42.08,57.9,50,46,48.9,43,44.1,52,28,46,37.9,40.1,39,37.58
51.98,53.6,62.06,55.4,57.02,60.08,69.8,42.08,57.9,50,48,48.9,44.1,45,51.1,28,42.1,37.9,41,37,38.12
51.98,55.4,62.96,55.4,55.94,57.02,68,37.94,57.9,48,48,50,44.4,43,50,28,45,39,42.1,37.9,34.34
51.98,55.4,62.96,55.4,57.02,57.92,68,41,57.9,48,45,48.9,44.6,41,46,25,42.1,39,41.4,36,35.42
51.98,57.2,62.06,57.2,60.08,59,69.8,46.04,55.9,48,44.1,48.9,45,42.1,43,27,43,39.9,40.6,35.1,39.74
52.7,57.2,64.94,60.8,66.02,62.06,70.52,53.96,55.9,50,48,48.9,46.9,55,48,37,46.9,45,39.9,39.9,43.52
53.24,59,69.08,62.6,68,66.02,73.4,60.08,55.9,54,54,50,49.1,61,55,46,50,48.9,43,42.1,48.74
53.96,60.8,73.04,64.4,73.94,69.98,80.6,66.92,55.9,59,57.9,51.1,51.1,66,57.9,54,59,50,45.9,46.9,50.54
55.22,62.6,73.94,68,78.08,73.04,84.92,71.06,55.9,64,61,59,51.4,70,60.1,57.9,66,52,48.9,52,49.82
56.66,64.4,71.06,69.8,80.96,75.92,87.8,73.04,57,64.9,63,64,51.6,73,62.1,60.1,71.1,54,50,57,51.8
57.92,64.4,69.08,71.6,84.02,78.98,91.4,75.02,57,66.9,66,64,52,75,64,63,72,54,50.9,57.9,52.52
59.36,62.6,69.98,71.6,86,78.98,93.2,78.08,55.9,66,69.1,68,52.3,75.9,66,66,75.9,53.1,52,62.1,52.52
60.62,62.6,69.98,71.6,86,80.06,93.2,78.98,55.9,64.9,69.1,66.9,52.7,75.9,66.9,66.9,73.9,51.1,50.9,64,52.7
62.06,62.6,68,71.6,84.92,78.98,93.2,80.06,55.9,62.1,69.1,68,53.1,75.9,64.9,66,75,51.1,50,63,52.52
58.46,60.8,66.02,69.8,78.08,78.08,93.2,80.06,55,61,68,64.9,52,73,63,64.9,73.9,52,48.9,62.1,49.1
54.68,59,64.94,64.4,73.04,73.94,91.58,80.06,54,55.9,66.9,61,51.1,59,55,59,69.1,51.1,48.2,57,49.46
51.08,59,64.94,64.4,71.96,71.06,87.8,80.96,54,55,63,59,50,54,51.1,45,66.9,50,47.7,54,48.56
50.36,60.8,64.94,64.4,69.08,69.98,86,77,52,53.1,60.1,60.1,49.3,54,48.9,43,66.9,50,46.9,51.1,48.02
49.64,59,64.94,62.6,66.02,68,78.8,69.08,53.1,50,59,55,48.7,51.1,45,36,64.9,50,46.6,50,44.78
48.92,59,64.94,62.6,64.04,66.92,77,64.04,52,48.9,59,55,48,48.9,44.1,32,64.9,50,46.4,48.9,42.8
48.2,59,64.94,60.8,62.96,64.94,75.92,60.08,52,48.9,57.9,57.9,46,48,43,32,63,48.9,46,48,43.7
47.66,60.8,64.04,60.8,62.06,62.96,75.2,51.08,50,46,57,55,44.1,46,42.1,30.9,61,48.9,45.7,44.1,44.78
46.94,60.8,64.04,59,60.08,62.06,73.4,51.08,50,44.1,57,54,42.1,44.1,39.9,30,61,48,45.3,45,45.32
46.22,60.8,62.96,59,57.92,60.98,69.8,50,50,39,57,54,41.4,46,39.9,28.9,62.1,46.9,45,46,44.96
45.68,60.8,64.04,57.2,55.94,59,69.8,44.96,48.9,39.9,57.9,52,40.6,45,37.9,30,61,46.9,43.7,45,44.96
44.96,62.6,64.04,57.2,59,59,69.8,39.92,48,37.9,57,52,39.9,42.1,37.9,27,57.9,37,42.3,45,45.14
44.6,62.6,64.04,57.2,62.06,57.02,69.08,39.92,46.9,37,57,51.1,40.3,43,37.9,26.1,53.1,35.1,41,46.9,44.6
44.42,62.6,64.04,57.2,62.06,55.94,67.64,39.92,46,37.9,55.9,52,40.6,39,37,25,52,33.1,40.6,45,45.5
44.06,62.6,64.94,60.8,60.98,57.92,66.2,37.94,46,37.9,55.9,51.1,41,42.1,36,26.1,52,32,40.3,45,46.04
50.36,62.6,64.94,60.8,62.96,60.98,69.8,51.98,46.9,41,55,53.1,42.1,53.1,37.9,34,52,32,39.9,46.9,46.94
56.66,64.4,68,62.6,64.04,62.96,73.4,60.98,51.1,45,54,57,43,59,43,45,53.1,32,42.3,48,49.1
62.96,62.6,69.98,62.6,64.04,66.02,80.6,68,54,48,55,61,44.1,64,45,53.1,55,32,44.6,48.9,50
62.6,62.6,71.06,64.4,66.92,69.98,82.94,69.98,57,53.1,57,64,46,69.1,48,63,55,32,46.9,54,50.9
62.42,60.8,69.98,66.2,71.96,71.96,87.8,75.92,59,57,57,64,48,72,51.1,68,55.9,33.1,46.6,53.1,52.34
62.06,62.6,71.06,69.8,75.02,75.02,91.4,78.98,59,60.1,57.9,63,50,73.9,53.1,70,55,33.1,46.4,55,52.34
60.08,64.4,71.06,71.6,77,78.08,91.4,75.02,59,63,59,64,50.4,75,55,71.1,54,34,46,55.9,51.62
57.92,64.4,69.98,71.6,77,78.98,93.2,80.06,59,64.9,59,64,50.7,75.9,55,73,53.1,34,45.7,54,51.08
55.94,62.6,69.08,68,77,80.06,93.2,78.98,59,68,60.1,64.9,51.1,75.9,55,73,51.1,34,45.3,53.1,50.9
54.32,62.6,66.92,64.4,75.02,77,93.02,78.98,55.9,66.9,57.9,64,46.4,73,55,72,50,34,45,50,50
52.7,62.6,66.02,62.6,69.08,73.04,89.6,78.98,54,63,57.9,61,41.7,64.9,52,64,48.9,33.1,43.7,46.9,49.1
51.08,60.8,64.94,60.8,66.92,69.08,84.2,73.04,53.1,57,53.1,57.9,37,54,50,57,48.9,33.1,42.3,46,47.48
51.8,60.8,64.94,60.8,64.94,66.02,82.4,69.08,48.9,53.1,52,55.9,35.8,53.1,48,57.9,48,33.1,41,44.1,47.48
52.34,60.8,64.94,62.6,62.96,64.04,75.2,68,51.1,51.1,53.1,55,34.3,50,44.1,43,48,33.1,38.7,44.1,47.66
53.06,59,64.04,60.8,62.96,62.96,71.6,66.02,48.9,46.9,52,55.9,33.1,48,39.9,44.1,46.9,30.9,36.3,41,48.38
52.7,59,64.04,60.8,64.04,62.06,73.94,62.96,46,46,52,55,32.7,46,39.9,45,46.9,30,34,37.9,47.84
52.34,59,64.04,60.8,62.06,59,73.4,64.04,48,43,51.1,55,32.4,45,39.9,46,45,30,33.3,37,47.3
51.98,57.2,64.04,60.8,62.06,55.94,71.6,60.08,44.1,42.1,51.1,55,32,45,42.1,42.1,44.1,28,32.7,37.9,47.66
52.34,57.2,64.04,60.8,60.08,55.04,71.6,55.04,45,41,51.1,54,30.7,42.1,37,42.1,45,26.1,32,36,47.84
52.7,57.2,64.04,60.8,57.92,55.04,69.8,48.02,46,41,51.1,54,29.3,43,37,44.1,43,25,30,37,47.48
53.06,57.2,64.04,60.8,57.02,53.96,68,46.04,43,41,51.1,54,28,42.1,37,46,42.1,23,28,37.4,46.76
53.06,57.2,64.04,59,55.04,51.98,66.02,42.08,44.1,39,51.1,54,28.8,41,36,45,42.1,21,26.1,37,47.12
53.06,57.2,64.04,57.2,55.94,51.98,66.2,39.02,45,39,50,54,29.3,42.1,36,46.9,37.9,21,26.1,36,47.12
53.06,57.2,64.94,57.2,59,55.04,64.4,42.08,46,39,51.1,53.1,30,41,37,54,37.9,21,26.1,36,47.48
54.32,57.2,66.02,59,64.04,57.92,68,51.98,50,42.1,52,53.1,33.3,51.1,39.9,52,44.1,25,26.1,37,46.4
55.76,57.2,68,62.6,69.08,64.94,73.4,60.98,55,46,52,53.1,36.7,55.9,46.9,53.1,46.9,27,31.1,37.9,46.22
57.02,60.8,69.98,62.6,73.04,69.08,75.2,66.92,57.9,52,52,53.1,39.9,64,50,55,48.9,28.9,36,39.9,47.3
58.1,60.8,71.06,64.4,77,73.94,80.06,68,57,55.9,53.1,53.1,43.7,71.1,54,54,52,32,41,42.1,48.38
59,62.6,71.96,64.4,80.96,77,82.4,75.02,61,61,54,55.9,47.3,73.9,57.9,51.1,54,35.1,43.3,45,49.1
60.08,62.6,71.96,66.2,82.94,78.98,87.8,75.92,60.1,64.9,55,55.9,51.1,72,59,50,57,39,45.7,50,50.18
59.72,62.6,69.98,64.4,84.02,80.96,89.6,75.02,61,66,57,57.9,51.8,66,61,52,57.9,41,48,51.1,50.18
59.36,60.8,69.08,64.4,84.02,82.04,89.6,78.08,60.1,66.9,57,59,52.3,64,62.1,53.1,60.1,43,48,50,49.28
59,60.8,69.08,64.4,84.02,82.04,91.4,78.08,59,66.9,57,59,53.1,64,61,48.9,59,44.1,48,48.9,49.64
55.94,59,66.02,62.6,80.96,80.06,91.94,78.08,57,66.9,55.9,55.9,50.4,60.1,61,48,57,42.1,48,50,50.18
53.06,57.2,64.94,60.8,77,77,91.4,78.08,55.9,63,55,53.1,47.7,55.9,60.1,46.9,53.1,37.9,44.4,46.9,48.2
50,55.4,64.94,57.2,64.94,69.98,86,73.94,55.9,63,54,52,45,54,59,46,50,35.1,40.6,45,47.3
48.74,55.4,64.94,57.2,62.06,69.98,82.4,68,55,61,55,52,41.9,52,57.9,46,50,32,37,44.1,47.66
47.3,53.6,64.94,57.2,59,68,80.6,59,54,57.9,55,52,39,50,57,45,48,30,33.6,43,48.38
46.04,53.6,64.94,55.4,57.02,66.02,80.6,59,53.1,55.9,55,50,36,48,55.9,42.1,46.9,34,30.4,44.1,48.02
45.32,55.4,64.94,55.4,55.94,62.06,75.92,55.94,48.9,55.9,55,50,35.2,48,55.9,37.9,45,32,27,42.1,48.38
44.78,55.4,64.94,55.4,53.06,57.92,73.4,57.92,48,55.9,55,48.9,34.7,48.9,57,39,43,28.9,26.1,39.9,50.9
44.06,53.6,64.94,55.4,53.96,57.92,71.6,46.94,46.9,55,54,46.9,34,43,57,39.9,42.1,30.9,25,37.9,51.26
44.42,53.6,64.94,55.4,53.06,57.92,69.8,46.94,48.9,55,54,45,33.3,45,55,42.1,42.1,32,24.1,34,53.06
44.6,53.6,64.04,55.4,48.92,57.02,66.2,46.04,46,55,54,46,32.7,41,50,43,39,30.9,23.4,33.1,52.7
44.96,53.6,64.04,55.4,48.02,55.94,66.56,44.06,48,54,54,46,32,39,48,43,39.9,32,22.6,35.1,51.98
46.22,51.8,64.04,55.4,44.96,55.94,66.92,42.08,48,54,54,46.9,32,37.9,50,43,37,30.9,21.9,33.1,51.98
47.66,53.6,62.96,53.6,46.94,57.02,64.4,37.94,46.9,52,53.1,46,32,35.1,46.9,42.1,37,32,23,33.1,51.44
48.92,57.2,64.04,53.6,48.02,57.92,66.2,39.92,50,51.1,54,46,32,37,46.9,42.1,39,32,23.9,34,51.44
50,57.2,64.04,55.4,59,62.96,69.8,53.06,50,52,54,46.9,36,45,46.9,42.1,39,36,25,35.1,51.62
50.9,59,66.92,57.2,64.94,68,75.2,60.98,52,55,54,48.9,40.1,51.1,48.9,43,41,39.9,30.9,37,52.88
51.98,59,69.08,57.2,69.98,71.06,80.6,66.92,54,55,55,50,44.1,53.1,48.9,44.1,44.1,44.1,37,43,54.68
53.24,62.6,69.08,60.8,73.94,73.04,82.94,71.96,55,57,55.9,53.1,47.3,57.9,52,44.1,51.1,48,43,46.9,54.68
54.68,60.8,69.08,60.8,78.08,77,87.8,73.94,57,60.1,57,54,50.7,60.1,54,45,57,51.1,46,50,55.4
55.94,60.8,69.08,62.6,80.96,78.98,89.6,77,57,61,57.9,55.9,54,63,55,45,59,54,48.9,51.1,56.66
56.66,57.2,69.98,62.6,82.94,80.06,91.4,77,57.9,63,59,57,55,64,54,39.9,63,55.9,52,53.1,55.4
57.2,57.2,69.08,62.6,86,82.04,93.2,75.02,57.9,62.1,59,57.9,55.9,62.1,55.9,42.1,64.9,57.9,52,54,54.86
57.92,57.2,68,62.6,84.92,80.96,93.2,77,57.9,62.1,59,57.9,57,61,55,43,63,57.9,52,54,54.14
57.2,57.2,64.94,62.6,78.98,78.98,93.92,77,54,62.1,59,55,53.6,61,54,39.9,62.1,55.9,52,53.1,53.24
56.66,57.2,64.94,59,69.08,75.02,91.4,78.08,54,57,57.9,52,50.4,57.9,52,41,59,50,46.4,51.1,51.26
55.94,55.4,64.04,57.2,66.92,71.96,87.8,77,52,55,57,55,46.9,55.9,48.9,39.9,57.9,48,40.6,48.9,50.72
55.22,55.4,64.04,57.2,64.04,69.98,84.2,75.02,52,54,57,54,45.7,55,46.9,39.9,55,43,35.1,45,45.14
54.68,57.2,62.96,57.2,60.98,69.08,78.8,64.04,52,48,57,51.1,44.2,52,45,39,52,43,33.1,44.1,45.5
53.96,57.2,62.96,55.4,62.06,64.94,78.8,57.02,52,48,55.9,46.9,43,48,43,37,48.9,43,30.9,43,43.34
54.32,53.6,64.04,57.2,57.92,64.04,75.02,55.94,50,45,55.9,48,42.6,48.9,41,36,46.9,44.1,28.9,43,42.08
54.68,51.8,64.04,57.2,55.94,62.06,69.8,51.08,48.9,42.1,55.9,46.9,42.4,45,39.9,34,45,44.1,28,43,44.96
55.04,48.2,64.04,55.4,55.94,60.98,69.8,51.08,50,41,55.9,44.1,42.1,44.1,37.9,34,45,44.1,27,42.1,43.7
54.32,48.2,64.94,53.6,51.98,60.08,69.8,46.94,50,42.1,55.9,44.1,40.6,44.1,35.1,32,44.1,45,26.1,39.9,43.16
53.78,48.2,64.04,53.6,51.98,57.92,68,46.94,50,39.9,55.9,46,39.4,44.1,36,30,43,44.1,25.7,39,44.96
53.06,48.2,64.04,51.8,51.98,55.94,69.8,42.08,50,41,55.9,44.1,37.9,45,35.1,30.9,41,46,25.3,37.9,45.86
53.96,50,64.04,50,48.92,55.04,68,37.94,50,39.9,55.9,44.1,37.6,45,34,30.9,39.9,46.9,25,35.1,45.5
55.04,48.2,64.04,50,53.06,53.96,66.2,37.94,51.1,39,55.9,45,37.4,46,33.1,30.9,39.9,48,25.7,33.1,46.22
55.94,51.8,64.04,51.8,51.98,55.94,66.2,39.02,51.1,37,55.9,43,37,46.9,33.1,32,39.9,46.9,26.2,32,44.78
57.38,55.4,64.94,55.4,62.96,59,68,51.98,53.1,41,55.9,46,40.6,50,36,36,39.9,53.1,27,35.1,48.2
58.64,60.8,66.02,59,71.06,62.96,75.2,57.02,54,46.9,55.9,48,44.4,53.1,42.1,37,42.1,57.9,32.9,39,50.72
60.08,59,66.92,62.6,77,68,80.6,64.04,55.9,50,57,51.1,48,55,46,42.1,44.1,62.1,39,43,51.44
61.34,60.8,68,62.6,82.04,71.96,86,68,57.9,54,57,55,53.6,57.9,48.9,44.1,46,64.9,45,50,51.8
62.78,60.8,68,64.4,86,73.94,89.6,69.98,60.1,57.9,57.9,55,59.4,59,48.9,43,46,68,49.3,52,54.32
64.04,62.6,68,64.4,89.06,75.92,93.2,71.96,61,62.1,57.9,57,64.9,59,50,48,48,69.1,53.6,55,53.6
64.04,62.6,68,66.2,91.04,78.08,93.2,69.98,63,66.9,57.9,59,64.6,60.1,53.1,46,48.9,69.1,57.9,60.1,55.22
64.04,62.6,66.92,66.2,93.02,78.98,95,71.96,62.1,68,59,59,64.4,59,53.1,46.9,48.9,70,56.7,62.1,55.58
64.04,64.4,66.02,66.2,91.04,80.06,96.8,73.04,61,71.1,57.9,57.9,64,59,54,46.9,50,69.1,55.2,62.1,54.5
62.06,62.6,66.02,64.4,89.06,78.98,96.98,75.02,59,70,57.9,57.9,60.6,57.9,55.9,46.9,50,66.9,54,59,53.96
59.9,60.8,64.04,60.8,78.08,75.02,95,71.96,57,64,57,54,57.4,57.9,55.9,45,48,61,50.4,53.1,51.8
57.92,59,64.04,60.8,78.98,71.96,89.6,68,57.9,60.1,55.9,52,54,61,55,41,46,59,46.6,46.9,51.26
57.2,55.4,64.94,60.8,73.04,69.08,87.8,62.96,57.9,53.1,55.9,53.1,53.2,59,54,41,45,55.9,43,46,50.72
56.66,57.2,64.94,57.2,66.02,68,82.4,57.92,57,54,55.9,48,52.7,55.9,52,39.9,43,55,39.9,46.9,50.9
55.94,55.4,64.94,57.2,69.08,64.94,80.6,55.04,57,52,55,50,52,55,53.1,39.9,42.1,54,37,44.1,50.18
55.04,55.4,64.94,55.4,62.96,62.96,78.08,57.02,57,48,55,48,50.7,55,53.1,39,39.9,55.9,34,44.1,49.64
53.96,50,64.94,53.6,60.08,60.08,78.8,55.04,57,48.9,55,44.1,49.3,52,52,39,39.9,55.9,36,45,49.46
53.06,50,64.94,53.6,57.92,59,75.2,55.04,57,46,55,45,48,51.1,51.1,39,41,57.9,37.9,39.9,49.46
53.06,50,64.04,51.8,55.04,57.92,73.4,51.98,55.9,45,55,44.1,48,46.9,51.1,37.9,41,60.1,39.9,39.9,49.46
53.06,48.2,64.04,51.8,55.94,59,71.6,51.98,57,48,55,44.1,48,44.1,52,37.9,37,60.1,40.6,39,49.64
53.06,46.4,64.04,51.8,55.94,57.02,66.2,50,57,48.9,54,43,48,41,52,37.9,34,57.9,41.4,37.9,49.82
53.06,46.4,64.04,50,53.96,57.02,66.02,48.92,57,48,53.1,42.1,46.9,37.9,51.1,37,37.9,57.9,42.1,37.9,49.46
53.06,48.2,64.04,48.2,53.06,55.04,66.2,48.02,57.9,45,53.1,44.1,46,37.9,48,37,36,54,42.8,37,49.64
53.06,46.4,64.04,51.8,55.94,57.92,64.4,46.94,57,44.1,54,43,45,36,45,39,37.9,53.1,43.3,37.9,49.28
53.96,55.4,64.04,55.4,62.06,62.96,69.8,48.02,57,48,54,45,48.4,42.1,46.9,39.2,45,54,44.1,39,48.74
55.04,59,64.94,62.6,68,68,71.6,48.92,57,53.1,55,46,51.6,48.9,51.1,41,57,57,45.3,42.1,49.28
55.94,60.8,66.02,64.4,73.94,73.04,80.6,53.06,57,55.9,55.9,48.9,55,51.1,55.9,42.1,64,60.1,46.8,44.1,49.64
57.92,60.8,66.92,69.8,78.98,77,86,57.02,57.9,62.1,55.9,52,57.4,55.9,59,44.6,68,54,48,48.9,49.82
60.08,64.4,69.98,73.4,84.02,80.06,89.6,59,59,66,57,53.1,59.7,61,60.1,46.9,73.9,53.1,50.4,53.1,49.82
62.06,64.4,69.98,73.4,86,82.04,91.4,60.08,61,69.1,57,54,62.1,66.9,61,46.4,75.9,55,52.7,54,49.64
62.42,66.2,68,75.2,87.98,82.94,93.2,62.06,61,72,59,53.1,62.8,69.1,63,46.4,78.1,59,55,57,49.82
62.6,64.4,66.92,73.4,89.96,84.92,93.2,64.04,60.1,73.9,59,53.1,63.3,68,64,46,79,59,55.9,52,49.82
62.96,64.4,66.92,73.4,87.08,84.02,93.2,62.06,57.9,75,60.1,54,64,64.9,64.9,46,78.1,60.1,57,55,49.82
59.9,60.8,66.02,71.6,84.02,80.96,93.92,57.92,55.9,73.9,60.1,54,59.7,61,64,45,75.9,57.9,57.9,53.1,49.82
57.02,60.8,64.94,69.8,75.92,77,91.4,55.04,54,69.1,59,53.1,55.4,57,60.1,39.9,72,55,54,50,49.82
53.96,59,64.04,66.2,69.98,73.04,86,53.06,53.1,63,57.9,52,51.1,55,57,39.9,70,51.1,50,48,50.18
53.96,57.2,64.04,62.6,69.08,69.98,84.2,50,50,61,55.9,48.9,49.1,50,53.1,39.9,66,53.1,46,46.9,50.36
53.96,57.2,64.94,60.8,66.02,68,78.8,48.92,46,57,55,48.9,46.9,48,52,41,63,48.9,42.6,44.1,50.72
53.96,57.2,64.04,59,64.94,64.94,75.2,46.94,45,54,55,48.9,45,46,48.9,39.9,62.1,42.1,39.4,41,50.54
53.96,57.2,64.94,57.2,62.96,62.06,75.92,48.92,43,48,54,48.9,44.2,39,46,41,59,41,36,42.1,50.36
53.96,51.8,64.04,57.2,60.98,60.08,69.8,44.96,43,48.9,51.1,48.9,43.7,44.1,46,41,57.9,39.9,35.2,42.1,50.54
53.96,51.8,64.04,55.4,59,60.08,73.4,42.08,42.1,48,48,48.9,43,44.1,46,39.9,57,39,34.7,39.9,51.44
53.96,51.8,64.04,53.6,57.92,59,71.6,42.08,42.1,45,46.9,50,42.6,43,44.1,39.9,54,39.9,34,42.1,51.62
53.96,48.2,64.04,53.6,57.92,57.02,69.8,41,42.1,43,46.9,50,42.4,39.9,43,39.9,50,39.9,33.6,41,51.62
53.96,53.6,64.04,53.6,55.94,57.02,69.8,39.02,41,44.1,46.9,48.9,42.1,34,43,39.9,48.9,35.1,33.4,44.1,51.8
54.32,53.6,64.04,53.6,55.94,55.94,66.92,39.02,39,41,46.9,48.9,41,33.1,43,39.9,52,35.1,33.1,41,51.98
54.68,51.8,64.04,51.8,55.94,55.04,66.2,39.92,43,41,48.9,48,40.1,30.9,42.1,39.9,53.1,36,32.4,37.9,51.98
55.04,51.8,64.04,55.4,57.02,57.02,66.56,39.92,43,41,48.9,48,39,30,42.1,39.9,54,36,31.6,37.9,51.98
54.68,55.4,64.04,62.6,62.06,64.94,69.8,48.02,45,46,50,48.9,42.6,41,45,39.9,55,37.9,30.9,39.9,52.16
54.32,57.2,64.94,66.2,68,69.98,73.4,50,53.1,50,51.1,51.1,46.4,51.1,53.1,39.9,57,43,37.2,43,52.52
53.96,59,64.94,71.6,73.94,75.02,80.6,55.04,55,55,53.1,53.1,50,55.9,59,41,61,44.1,43.7,44.1,53.78
56.3,60.8,66.92,75.2,78.98,78.98,84.02,57.92,55.9,60.1,54,53.1,53.1,57.9,60.1,43,63,48.9,50,45,55.4
58.64,64.4,66.92,78.8,82.94,82.94,87.8,59,57,64.9,57,55,55.9,61,63,44.6,64.9,50,52.7,46.9,56.12
60.98,64.4,66.92,80.6,86,84.92,87.8,60.98,57,69.1,57.9,55,59,62.1,66,46,66.9,52,55.2,48,56.12
60.62,62.6,66.92,78.8,87.08,87.08,89.6,62.96,55.9,73,57.9,55,60.1,62.1,66,48.9,69.1,53.1,57.9,50,57.02
60.44,60.8,66.92,78.8,89.06,87.08,91.4,62.96,55.9,73.9,59,53.1,61,62.1,66,48.9,66,54,58.3,50,57.2
60.08,60.8,66.02,77,86,87.08,89.6,62.06,54,77,60.1,52,62.1,60.1,64,52,62.1,53.1,58.6,48,56.84
57.02,57.2,64.94,73.4,80.06,86,91.04,57.02,53.1,73.9,57.9,53.1,59.4,55.9,64.9,50,60.1,50,59,46.9,56.12
54.14,57.2,64.94,71.6,73.94,80.06,87.8,51.08,52,68,55.9,50,56.7,52,62.1,48.9,55.9,44.1,52.7,46.9,55.58
51.08,55.4,64.94,69.8,69.08,75.92,84.2,51.98,51.1,64,52,50,54,42.1,59,46,52,44.1,46.2,46,55.76
49.64,55.4,64.94,66.2,68,73.04,80.6,53.06,50,60.1,52,50,52.3,39,57,44.1,48.9,44.1,39.9,41,55.58
48.38,55.4,64.94,62.6,60.08,68,78.8,51.08,50,53.1,50,50,50.5,39,54,45,48,42.1,37.2,41,56.48
46.94,55.4,64.04,60.8,62.06,68,75.2,48.92,48,54,48,48.9,48.9,34,50,45,45,37.9,34.7,41,57.38
45.32,55.4,64.04,62.6,60.08,64.04,73.94,46.94,46,53.1,46.9,48.9,47.3,35.1,46.9,44.1,43,39,32,39,56.3
43.7,53.6,64.94,57.2,57.92,62.96,71.6,46.94,45,48.9,46,48.9,45.7,33.1,46,44.1,41,41,30.9,39.9,55.76
42.08,55.4,64.04,55.4,57.92,60.98,69.8,48.02,43,46.9,46,48.9,44.1,30,44.1,42.1,42.1,39.9,30,39.9,55.4
41.36,55.4,64.04,57.2,55.94,60.08,66.2,46.04,41,46.9,45,48,43.7,30.9,43,41,43,43,28.9,39.9,55.58
40.64,55.4,64.94,55.4,53.96,60.08,66.2,44.96,41,44.1,44.1,46.9,43.3,30,42.1,39.9,42.1,43,28,39.9,55.58
39.92,55.4,64.04,51.8,57.02,57.92,64.4,46.04,39,43,43,46.9,43,28.9,43,39,39.9,45,27,39,54.5
39.92,55.4,64.04,51.8,53.06,57.02,64.04,46.94,39,41,43,46.9,43,28,44.1,36,39,43,26.1,37.9,53.6
39.92,55.4,64.04,51.8,51.98,57.02,64.4,46.94,39,42.1,43,46.9,43,25,43,35.1,37,43,27.3,39,51.98
39.92,55.4,64.04,53.6,53.96,59,64.4,44.06,37.9,42.1,45,46.9,43,28,42.1,34,37,44.1,28.8,37,53.78
46.58,55.4,64.94,59,59,68,66.2,48.02,43,46.9,46,46.9,45.7,37,43,36,36,50,30,37.9,54.14
53.42,55.4,66.92,64.4,64.94,73.04,69.8,50,50,51.1,46,46.9,48.4,44.1,46,43,39.9,55,36.3,41,56.84
60.08,55.4,68,69.8,66.02,78.08,73.4,53.06,53.1,55.9,48,48,51.1,51.1,53.1,46,45,62.1,42.6,43,58.46
60.8,57.2,68,73.4,69.98,82.94,75.02,53.96,55,61,48.9,51.1,55,55,57,48,45,64.9,48.9,46,60.08
61.34,60.8,68,75.2,75.02,84.92,77,50,55.9,68,52,52,59,55.9,63,52,46,70,51.6,46.9,59.18
62.06,62.6,69.98,77,78.08,89.96,80.6,53.96,55.9,72,54,52,63,57.9,66,54,45,72,54.3,46.9,57.38
61.7,66.2,69.08,75.2,80.96,91.04,78.8,51.08,55.9,73.9,55,54,63.7,59,66.9,55,46,73.9,57,46.9,57.56
61.34,64.4,69.08,75.2,82.94,91.04,80.6,51.08,55,75,55.9,55,64.2,59,68,55,46,73,57.7,48.9,58.46
60.98,62.6,68,73.4,80.96,93.02,80.6,51.98,54,77,57.9,55,64.9,55.9,66.9,55,43,72,58.3,46.9,58.46
58.28,60.8,64.94,71.6,77,89.06,80.06,48.92,53.1,75,57,54,60.6,54,66,54,44.1,70,59,46,58.28
55.76,59,64.04,66.2,73.04,82.94,78.8,46.04,52,68,55,52,56.3,48.9,62.1,51.1,39.9,63,52.7,43,56.84
53.06,57.2,64.04,64.4,69.98,77,75.2,44.96,51.1,64.9,51.8,50,52,37,57,48,37.9,60.1,46.2,42.1,57.74
49.64,55.4,64.04,62.6,66.02,73.04,71.6,42.08,46,59,53.6,48.9,50.7,35.1,55.9,44.1,37,59,39.9,39,55.58
46.4,53.6,64.04,62.6,64.04,71.06,69.8,39.92,43,60.1,52,50,49.3,33.1,57.9,41,37.9,57.9,37.9,39.9,53.78
42.98,48.2,62.96,60.8,59,68,69.8,39.02,41,59,53.1,48,48,30,55,37,37,57,36,37.9,53.24
41.9,50,62.96,59,55.94,68,66.92,39.02,41,57,52,46.9,47.7,28,54,39.9,36,57,34,33.1,52.16
41,51.8,62.06,57.2,55.94,66.92,66.2,35.06,39,59,52,44.1,47.3,28,51.1,35.1,33.1,57,32.4,32,51.8
39.92,48.2,62.06,55.4,55.94,64.94,64.4,37.04,37.9,57,52,46,46.9,30,52,35.1,30,55,30.6,32,50.9
39.2,48.2,64.04,55.4,55.04,64.94,64.4,35.06,39,57,53.1,45,47.3,30,52,32,28,55.9,28.9,30,50.54
38.66,48.2,64.04,55.4,53.06,64.04,64.4,35.96,37,55.9,53.1,45,47.7,30.9,51.1,34,30.9,55,29.3,30,50.54
37.94,48.2,64.04,53.6,51.98,62.06,64.4,35.06,37,55.9,53.1,45,48,30,50,35.1,28.9,54,29.7,28,50.36
38.3,48.2,62.96,53.6,53.06,60.98,60.98,33.98,37,55,53.1,45,46.8,27,48.9,32,26.1,59,30,27,49.64
38.66,48.2,62.96,51.8,53.06,62.96,57.2,35.96,41,51.1,54,44.1,45.3,26.1,48,33.1,28.9,57.9,30.7,27,49.28
39.02,48.2,64.04,55.4,53.96,62.96,57.2,37.04,44.1,52,53.1,43,44.1,28.9,45,32,28,57.9,31.3,27,49.82
44.6,57.2,64.04,60.8,60.08,66.92,60.8,44.06,48.9,54,54,46,47.7,35.1,46.9,36,30,62.1,32,30,51.08
50.36,60.8,66.92,66.2,62.06,77,66.2,48.02,53.1,57,55.9,48.9,51.4,44.1,51.1,42.1,34,64,39.7,32,52.16
55.94,62.6,66.92,71.6,66.02,80.96,69.8,50,55.9,60.1,57.9,53.1,55,50,59,48,37.9,63,47.3,37,52.88
57.56,64.4,69.98,75.2,69.08,82.94,75.92,53.06,59,63,63,51.1,57.7,53.1,62.1,52,41,66.9,55,41,53.78
59.36,64.4,69.98,80.6,71.96,86,77,53.96,61,64.9,64.9,55,60.3,57,69.1,55,42.1,70,58.6,46.9,53.24
60.98,69.8,71.06,82.4,73.04,87.08,78.8,55.94,63,69.1,69.1,55.9,63,60.1,73.9,55.9,45,70,62.4,48,53.96
60.62,73.4,69.98,84.2,75.02,87.08,80.6,55.94,64,73,68,57,63.3,60.1,77,59,46,70,66,50,55.58
60.44,75.2,69.08,84.2,73.94,87.98,80.6,55.94,64,75,66.9,57,63.7,60.1,75.9,59,46.9,70,64.8,50,54.32
60.08,71.6,68,82.4,73.04,87.08,80.6,55.94,63,73,66,57.9,64,57.9,71.1,59,46,66.9,63.3,50,55.22
56.12,66.2,66.02,78.8,69.08,82.94,80.06,53.96,61,69.1,64.9,55,59,54,70,57.9,44.1,64,62.1,48,52.7
51.98,64.4,64.94,75.2,66.02,78.98,78.8,51.08,57,64,62.1,53.1,54,51.1,66,54,42.1,55,56.3,43,53.06
48.02,64.4,64.94,71.6,62.96,75.92,75.2,48.02,55.9,61,60.1,53.1,48.9,42.1,62.1,51.1,37.9,52,50.7,39.9,51.44
46.76,64.4,64.04,68,62.06,73.04,73.4,46.04,55,57,60.1,54,47.3,37.9,60.1,48,36,48.9,45,35.1,52.16
45.32,62.6,64.04,66.2,60.08,71.06,71.6,44.06,53.1,55,57,50,45.7,35.1,57,41,37,42.1,41.7,34,50.72
44.06,57.2,62.96,62.6,60.98,66.92,69.8,42.98,48.9,54,57,48.9,44.1,37,59,41,37,43,38.3,32,51.8
43.34,57.2,62.06,62.6,60.08,64.94,66.2,39.92,48.9,54,55.9,48,42.6,34,54,37.9,34,41,35.1,28.9,50
42.8,57.2,62.06,60.8,60.08,62.96,64.4,41,46.9,54,53.1,46.9,41.4,33.1,55,35.1,35.1,43,34.3,28.9,49.82
42.08,55.4,60.08,59,57.92,62.06,64.4,41,48,54,55,46,39.9,35.1,55,35.1,35.1,42.1,33.8,27,51.98
41.72,51.8,60.98,57.2,55.04,60.98,62.6,35.96,46,53.1,53.1,46,39.9,37.9,54,34,36,41,33.1,25,51.98
41.36,51.8,59,55.4,57.02,59,62.6,33.98,45,50,51.1,46,39.9,39,54,33.1,36,42.1,30.7,25,51.08
41,51.8,59,55.4,57.92,59,62.6,30.02,42.1,48.9,51.1,46,39.9,33.1,53.1,33.1,35.1,39.9,28.4,21.9,50.9
40.28,51.8,57.02,55.4,59,57.92,59,28.04,39.9,48,50,46.9,39,30.9,52,33.1,35.1,39,26.1,23,50.9
39.74,51.8,57.02,55.4,59,55.04,62.6,26.06,44.1,48,50,46.9,37.9,30.9,48.9,32,36,39,26.4,21.9,51.62
39.02,51.8,57.92,55.4,59,55.94,59,26.96,42.1,46.9,48.9,46.9,37,30,46,30.9,37,39.9,26.6,21.9,50.9
43.7,60.8,59,62.6,60.98,59,64.4,39.02,46.9,48,52,48.9,41.4,39.9,44.1,35.1,39,43,27,25,50.54
48.38,62.6,62.96,69.8,62.96,64.04,66.2,46.94,53.1,50,55,50,45.7,48,44.1,41,43,50,34.7,30,50.18
53.06,66.2,69.08,77,64.04,68,71.6,51.98,57,53.1,60.1,50,50,54,46,46.9,46,53.1,42.3,30.9,50.72
55.4,69.8,71.06,82.4,64.04,73.04,71.96,55.94,59,55.9,63,50,53.6,57,48,53.1,53.1,57,50,35.1,51.08
57.74,68,73.04,86,68,75.02,75.2,57.92,60.1,57.9,64.9,52,57.4,61,53.1,57,52,63,52.3,37.9,52.16
60.08,68,73.04,87.8,71.96,77,75.2,60.08,64,61,68,53.1,61,62.1,55,60.1,52,64,54.7,39.9,52.88
59.72,69.8,69.08,86,73.04,78.98,77,62.96,64.9,64,70,53.1,61.7,64,57,62.1,57,64,57,42.1,53.06
59.36,66.2,66.92,87.8,71.96,78.98,78.8,64.04,63,66.9,70,50,62.2,64,59,63,57.9,66,57.4,44.1,54.14
59,66.2,66.02,84.2,71.06,78.98,78.8,64.04,60.1,66.9,71.1,50,63,63,57,64,55.9,64.9,57.6,45,54.32
55.04,64.4,64.94,82.4,68,78.08,78.98,62.06,57.9,66,69.1,50,59.7,59,55.9,62.1,54,66,57.9,44.1,52.52
50.9,60.8,64.04,69.8,64.94,71.96,77,55.94,55,62.1,68,51.1,56.3,46,53.1,57,51.1,57,51.6,44.1,51.8
46.94,59,64.04,64.4,59,69.08,75.2,53.96,54,55.9,66.9,50,53.1,41,50,48,45,54,45.3,41,51.62
48.02,60.8,64.04,64.4,57.02,68,71.6,50,51.1,53.1,66,48.9,50.7,42.1,46.9,45,44.1,53.1,39,42.1,51.08
48.92,59,62.96,64.4,57.02,64.94,71.6,46.04,51.1,48.9,66,50,48.4,37.9,46.9,45,43,48,36.7,41,51.26
50,59,62.96,62.6,55.04,62.96,64.4,44.06,51.1,46,62.1,50,46,35.1,39.9,41,43,51.1,34.3,39.9,51.62
48.92,57.2,62.96,62.6,53.06,64.04,62.6,39.92,51.1,45,60.1,50,44.8,36,37.9,37.9,44.1,53.1,32,41,51.44
48.02,53.6,62.06,62.6,53.06,60.08,62.6,39.92,50,39.9,59,50,43.3,34,37,37,43,50,30,39.9,51.98
46.94,53.6,62.06,60.8,51.08,57.92,60.8,39.02,46.9,39,59,50,42.1,36,35.1,36,42.1,50,28,39,46.94
46.94,55.4,60.98,59,50,57.02,59,37.04,44.1,37.9,57.9,50,41,35.1,35.1,35.1,43,51.1,26.1,39,47.12
46.94,53.6,60.08,60.8,48.92,55.04,60.8,35.96,43,37.9,59,48.9,40.1,36,33.1,33.1,42.1,52,25.3,39.9,47.66
46.94,53.6,59,59,48.02,55.04,60.8,35.06,42.1,37,57.9,48.9,39,32,34,33.1,42.1,50,24.8,39.9,50.36
46.04,53.6,57.02,57.2,48.92,53.96,60.98,33.08,41,34,57,48.9,39.4,33.1,34,32,39.9,51.1,24.1,39.9,50.18
44.96,51.8,57.02,57.2,48.92,53.96,64.4,28.94,41,33.1,55.9,48.9,39.6,32,34,30.9,43,52,24.8,39.9,51.44
44.06,50,57.02,57.2,48.92,53.96,65.66,32,43,35.1,55.9,48.9,39.9,35.1,32,30.9,43,52,25.3,39,51.44
44.96,57.2,64.04,60.8,53.96,59,69.8,44.06,50,39,57.9,48.9,43.3,39.9,33.1,35.1,43,55,26.1,39.9,52.34
46.04,60.8,66.02,62.6,57.02,62.96,71.6,51.98,55.9,42.1,59,50,46.6,45,41,42.1,45,63,33.4,42.1,53.24
46.94,62.6,73.94,62.6,60.08,66.92,75.2,57.02,60.1,46.9,61,48.9,50,50,45,48.9,46.9,68,40.6,46.9,54.5
48.92,62.6,77,64.4,64.94,71.06,80.06,62.06,63,51.1,62.1,51.1,54.3,52,48,55.9,46,71.1,48,50,56.12
51.08,64.4,75.02,64.4,66.02,73.94,80.6,64.94,66.9,55.9,63,52,58.6,55,52,61,52,73.9,52,51.1,55.58
53.06,64.4,80.06,66.2,66.02,78.08,82.4,66.02,68,60.1,64.9,53.1,63,57,55,64.9,46,75.9,56.1,54,55.58
51.62,64.4,77,69.8,66.92,78.98,84.2,66.92,69.1,64.9,64.9,54,63.3,57.9,57,66.9,45,77,60.1,55,54.32
50.36,62.6,77,71.6,66.02,80.06,84.2,68,70,68,64,55,63.7,57.9,57.9,66.9,51.1,77,60.4,55,53.78
48.92,62.6,78.98,69.8,64.94,80.96,86,68,69.1,69.1,61,55.9,64,57.9,59,66,52,75.9,60.6,55,52.52
48.56,60.8,73.94,68,62.96,78.98,84.92,69.08,64.9,66.9,60.1,53.1,59,54,59,61,48.9,71.1,61,53.1,51.98
48.38,59,69.08,66.2,60.98,75.92,84.2,62.06,62.1,61,57.9,51.1,54,48.9,55.9,59,46,64,54,46,51.44
48.02,60.8,69.08,64.4,60.08,71.96,80.6,59,60.1,55.9,57.9,52,48.9,44.1,51.1,52,39,63,46.9,46,51.26
46.94,57.2,66.02,62.6,57.92,69.08,77,57.92,60.1,54,57,52,48.9,43,48.9,50,39.9,61,39.9,39,51.08
46.04,57.2,62.06,62.6,57.02,64.94,69.8,55.04,57.9,50,55,50,48.9,57,48,45,37,57.9,37.6,37.9,51.08
44.96,57.2,60.98,60.8,57.02,64.94,68,51.08,57,48.9,53.1,48.9,48.9,39,42.1,46.9,37,60.1,35.4,36,50.9
43.34,57.2,60.98,59,57.92,62.96,68,44.96,57,45,52,48.9,48.2,37.9,42.1,46,37,59,33.1,34,51.26
41.54,57.2,60.08,57.2,57.02,60.08,66.2,41,57.9,46,52,48.9,47.7,36,43,48,34,52,31.5,32,51.8
39.92,57.2,59,57.2,57.92,60.98,64.4,37.04,55.9,43,48.9,48,46.9,37,42.1,46,34,57,29.7,30.9,51.98
40.64,57.2,59,57.2,57.02,57.92,64.4,35.96,54,39.9,46.9,48,46,35.1,41,46,35.1,55,28,28,51.62
41.36,57.2,59,59,59,57.92,64.4,33.98,52,41,48.9,48,45,33.1,41,42.1,34,55,29.3,28,52.52
42.08,57.2,57.92,57.2,55.04,57.92,62.6,32,53.1,39.9,50,46.9,44.1,34,42.1,44.1,34,55,30.7,28,53.6
42.8,57.2,59,57.2,55.94,57.02,60.08,30.92,52,39.9,50,48,44.1,35.1,42.1,39.9,28,54,32,28,53.78
43.34,57.2,57.92,57.2,57.02,55.04,59,33.08,51.8,37,48.9,46.9,44.1,35.1,39,39.9,28.9,54,32.4,28,53.78
44.06,57.2,57.92,57.2,55.04,57.02,59,30.02,48.9,37.9,48,46.9,44.1,34,41,45,33.1,52,32.7,27,53.42
44.78,57.2,57.02,59,55.04,62.96,64.4,42.08,55,42.1,46.9,48.9,47.1,42.1,43,44.1,34,57,33.1,28,53.06
45.32,59,60.98,59,55.04,68,69.8,51.08,59.2,46.9,50,51.1,50,48.9,48.9,45,39.9,62.1,38.3,30.9,53.06
46.04,60.8,62.06,62.6,55.94,71.06,75.2,59,63,52,54,52,53.1,53.1,54,48,46.9,66,43.7,36,52.88
48.38,60.8,64.04,66.2,55.94,75.02,80.06,62.96,66,57,55.9,54,55.4,59,60.1,50,53.1,69.1,48.9,39,54.5
50.72,62.6,64.94,71.6,57.02,77,82.4,66.02,69.1,62.1,60.1,55.9,57.7,62.1,63,54,55.9,69.1,54.3,44.1,56.12
53.06,66.2,64.94,75.2,57.02,78.08,84.2,68,70,66.9,63,55.9,60.1,64.9,64.9,57,57.9,70,59.5,48,57.56
51.98,69.8,66.02,73.4,57.02,78.98,87.8,69.08,72,72,63,57,60.4,66,66.9,60.1,59,70,64.9,52,58.46
51.08,66.2,64.94,73.4,57.02,80.06,87.8,69.98,73,73,64,57,60.6,66,69.1,61,59,71.1,63.3,54,57.74
50,62.6,64.94,71.6,59,78.08,87.8,69.98,73,73.9,63,53.1,61,66,70,61,60.1,70,61.7,55,56.84
50,60.8,66.02,68,59,75.92,87.98,69.98,69.1,70,62.1,52,57,60.1,69.1,60.1,57,66.9,60.1,52,54.86
50,57.2,64.04,66.2,57.02,73.04,86,69.08,60.1,66,61,53.1,52.9,55,64.9,55.9,54,60.1,55.4,48,52.88
50,57.2,64.04,64.4,55.04,71.96,78.8,68,59,60.1,60.1,52,48.9,52,59,51.1,52,55.9,50.7,45,51.26
48.92,57.2,62.96,62.6,53.96,68,75.2,60.08,55,57,59,51.1,48,48,52,48,50,54,46,41,50.9
48.02,55.4,62.96,62.6,53.96,66.92,73.4,62.96,53.1,57,57,51.1,46.9,46,51.1,45,50,53.1,44.8,37,48.02
46.94,53.6,62.96,60.8,55.04,64.94,71.6,62.96,54,55.9,57,51.1,46,43,51.1,45,48.9,52,43.3,33.1,48.2
46.94,53.6,62.96,60.8,53.96,62.96,71.06,53.06,48,53.1,57,50,45,45,50,43,48.9,48.9,42.1,34,48.56
46.94,53.6,64.04,59,55.04,60.08,69.8,53.06,50,53.1,57.9,51.1,44.1,45,48.9,37.9,48.9,48.9,39,30,48.74
46.94,50,64.94,57.2,55.04,59,68,44.96,46,52,57,51.1,43,45,45,35.1,46,50,36.1,32,48.56
46.94,51.8,64.04,57.2,53.96,57.02,68,42.08,46,50,57,51.1,42.3,46,44.1,37,45,48,33.1,28,48.92
46.94,50,64.04,55.4,55.94,57.02,64.4,39.02,44.1,48,57,52,41.7,44.1,44.1,33.1,45,45,31.6,28,48.92
46.94,48.2,64.94,53.6,55.04,55.94,60.8,35.06,42.1,46.9,55.9,51.1,41,46,44.1,33.1,43,39.9,30.4,25,49.28
46.58,51.8,64.94,55.4,55.04,57.02,62.96,32,43,46.9,55.9,51.1,40.3,45,44.1,30.9,43,37,28.9,24.1,48.74
46.4,55.4,64.94,55.4,55.04,55.04,62.6,33.08,41,46.9,55.9,51.1,39.7,44.1,42.1,32,42.1,36,28.9,26.1,49.1
46.04,55.4,66.02,55.4,53.96,55.04,60.8,35.06,41,42.1,57,52,39,41,39.9,30.9,41,39,28.9,23,49.82
47.3,57.2,68,59,55.04,60.98,62.6,44.06,44.1,46.9,57,52,42.1,46,41,35.1,43,42.1,28.9,26.1,51.08
48.74,60.8,71.06,64.4,55.94,64.94,69.8,53.06,53.1,53.1,57,54,45,48,44.1,42.1,50,46,36,32,48.92
50,60.8,69.98,68,60.08,71.06,73.4,59,57,57,57.9,55,48,51.1,48.9,46.9,57,48,43,35.1,50.54
50,62.6,71.06,71.6,60.08,75.92,78.98,64.04,60.1,62.1,59,55.9,51.3,54,51.1,54,62.1,52,50,39.9,51.26
50,62.6,71.06,73.4,62.06,80.06,82.4,66.02,61,66,60.1,55.9,54.7,57.9,55.9,57.9,66.9,54,53.1,45,50.36
50,64.4,71.96,73.4,62.06,80.96,84.2,69.08,64,70,59,55,57.9,64,59,62.1,66,55.9,55.9,48,53.06
52.34,64.4,71.06,71.6,60.98,82.04,87.8,71.96,66.9,73,59,54,58.3,64,61,64,71.1,55.9,59,51.1,53.78
54.68,64.4,71.06,71.6,55.04,82.04,87.8,71.96,66,75,57.9,55,58.6,63,61,64.9,71.1,54,57.9,54,52.88
57.02,64.4,69.98,68,57.92,82.94,87.8,71.96,63,75,57,54,59,62.1,62.1,64.9,69.1,53.1,57,55.9,52.7
57.02,62.6,68,64.4,59,80.06,87.98,69.08,57.9,73.9,55.9,54,54.7,60.1,61,62.1,64.9,50,55.9,53.1,53.6
57.02,59,66.92,62.6,57.02,75.92,86,60.08,54,66,55,55,50.4,59,55.9,60.1,62.1,46.9,52.3,50,51.62
57.02,59,66.92,60.8,53.96,71.06,80.6,55.94,52,62.1,54,55,46,57.9,52,55.9,61,45,48.6,41,51.08
55.76,59,66.92,60.8,53.96,66.02,77,53.06,50,60.1,53.1,54,44.8,59,46.9,54,60.1,39,45,41,51.26
54.32,57.2,66.92,60.8,53.06,66.02,75.2,46.04,46.9,53.1,51.1,55,43.3,57.9,45,55.9,59,37.9,41,37.9,50.9
53.06,53.6,66.92,60.8,51.08,64.94,73.4,44.06,46,53.1,52,54,42.1,57.9,42.1,55.9,57,36,37,34,51.08
52.7,53.6,66.92,59,51.08,64.04,69.98,39.92,44.1,53.1,50,53.1,41.4,55.9,42.1,54,59,35.1,33.1,33.1,50.72
52.34,53.6,66.92,60.8,50,64.94,68,39.74,42.1,52,51.1,53.1,40.6,55,44.1,50,57,35.1,32.4,30.9,50.36
51.98,53.6,64.94,60.8,48.92,64.94,66.2,39.92,43,51.1,50,52,39.9,57,41,51.1,53.1,32,31.6,30,49.28
51.26,51.8,62.96,59,48.02,62.06,64.4,39.92,42.1,48,50,51.1,39.9,55,39.9,50,54,35.1,30.9,28.9,48.38
50.72,55.4,60.98,60.8,48.02,62.06,64.4,39.02,41,46,48.9,51.1,39.9,52,39,48.9,50,30.9,29.7,26.1,48.38
50,55.4,60.08,60.8,46.94,60.98,64.4,39.02,42.1,45,48,51.1,39.9,51.1,41,48.9,52,30,28.2,26.1,47.3
49.64,53.6,60.98,60.8,46.94,60.08,62.96,35.96,39,43,48,51.1,39.9,51.1,42.1,45,53.1,30.9,27,26.1,47.84
49.28,53.6,60.08,60.8,46.94,55.94,60.8,35.06,43,42.1,46.9,50,39.9,53.1,39.9,43,52,32,27.3,26.1,48.2
48.92,53.6,62.06,59,46.04,55.04,60.8,35.96,42.1,39.9,46.9,51.1,39.9,53.1,41,42.1,48.9,30,27.7,25,48.2
48.92,57.2,60.98,60.8,51.98,57.92,62.6,48.02,48,45,48.9,51.1,43.3,53.1,42.1,42.1,51.1,30,28,25,49.64
48.92,59,62.96,62.6,55.04,60.98,66.2,55.94,53.1,48.9,52,52,46.6,52,46,44.1,54,37,33.4,32,50
48.92,62.6,64.94,64.4,57.92,66.92,73.4,62.96,57.9,55,54,53.1,50,53.1,54,42.1,57.9,42.1,38.7,36,50.36
50.54,64.4,66.92,66.2,60.98,71.96,78.98,66.92,64,59,55,54,52.7,53.1,57.9,42.1,63,48,44.1,42.1,50.72
52.34,66.2,69.08,68,64.04,75.02,82.4,71.06,66.9,64.9,53.1,55.9,55.2,55.9,60.1,45,68,52,46.4,46,51.62
53.96,69.8,68,68,66.02,78.08,84.2,73.04,68,68,54,57,57.9,57.9,63,43,73,54,48.7,50,52.34
53.6,68,68,66.2,66.92,80.06,86,73.94,64.9,71.1,55.9,59,57.6,57,64,43,75,60.1,51.1,54,50.36
53.42,69.8,69.08,64.4,68,80.96,87.8,75.02,66,69.1,54,59,57.4,57,64.9,45,73.9,61,51.8,57,50
53.06,69.8,69.98,64.4,66.92,80.06,87.8,73.94,66.9,70,55,57,57,57.9,64,46,73,62.1,52.3,57.9,50.54
51.08,68,68,64.4,64.04,77,87.08,69.08,59,66.9,55,55,53.6,55,63,44.1,69.1,59,53.1,57,49.82
48.92,68,66.92,62.6,62.06,69.98,86,62.06,53.1,59,52,53.1,50.4,53.1,59,42.1,62.1,51.1,47.3,51.1,50
46.94,66.2,66.92,62.6,59,69.08,82.4,57.92,53.1,57.9,50,52,46.9,53.1,55,39,59,45,41.7,44.1,50
46.04,66.2,66.92,60.8,55.94,66.02,78.8,51.08,51.1,57.9,48.9,51.1,46,50,54,39.9,57.9,43,36,42.1,49.46
44.96,64.4,68,60.8,53.96,62.96,73.4,46.94,48.9,55.9,46.9,50,45,48,57,41,57,39,34,39.9,50
44.06,62.6,66.92,57.2,53.06,60.98,69.8,44.06,46,55,44.1,48.9,44.1,50,54,37.9,55,36,32,37.9,50.18
43.34,62.6,64.94,60.8,51.98,59,69.98,42.98,46.9,55,43,48,43,51.1,53.1,36,50,37.9,30,37,50.18
42.8,62.6,64.04,59,51.08,57.02,69.8,41,45,54,43,46.9,42.1,50,50,34,51.1,41,28.8,33.1,50.36
42.08,62.6,64.94,59,46.94,55.04,69.8,39.92,44.1,54,42.1,48,41,48.9,48,35.1,48.9,41,27.3,32,50.36
42.44,62.6,64.94,57.2,44.96,51.98,68,39.02,43,54,43,48,39.9,48,46.9,35.1,46.9,39.9,26.1,28.9,50
42.62,60.8,64.94,53.6,46.04,51.98,66.2,39.02,43,54,44.1,48,39,46.9,46,34,46.9,39,25.7,28.9,49.82
42.98,60.8,64.94,53.6,46.04,50,66.2,37.94,41,54,44.1,48,37.9,41,46.9,30.9,45,37.9,25.3,28.9,47.66
42.98,62.6,64.94,51.8,44.06,48.92,64.94,37.04,37.9,54,45,48,37.9,41,45,32,43,39,25,27,48.38
42.98,62.6,66.02,53.6,46.04,48.02,64.4,33.08,39.9,53.1,44.1,46.9,37.9,44.1,43,30.9,43,41,25,26.1,51.08
42.98,60.8,66.92,53.6,46.04,50,64.4,37.04,39,53.1,44.1,46,37.9,43,43,32,45,39.9,25,26.1,50.9
48.92,64.4,68,59,51.08,53.06,71.6,48.02,44.1,53.1,44.1,46,41.4,44.1,46.9,32,45,45,25,26.1,52.16
55.04,66.2,69.98,60.8,55.94,55.94,73.4,57.02,48,55.9,46,46.9,44.6,46,51.1,35.1,50,52,30.4,32,51.8
60.98,66.2,71.96,64.4,60.08,60.98,80.6,62.96,50,57,46,48.9,48,50,55.9,39.9,54,57.9,35.6,36,52.52
62.06,69.8,69.98,71.6,62.96,64.04,82.04,68,50,59,47.7,52,51.3,53.1,57,42.1,62.1,60.1,41,39,50.9
62.96,71.6,71.06,73.4,64.94,68,84.2,71.96,52,57.9,48.9,51.1,54.7,54,59,45,66,63,45.7,46,48.74
64.04,73.4,73.04,78.8,66.92,71.96,87.8,73.04,51.1,61,53.1,52,57.9,55.9,59,46.9,68,64.9,50.4,48,51.44
64.04,73.4,73.94,78.8,68,73.94,89.6,75.92,52,62.1,57,53.1,58.6,55,57.9,48.9,70,66,55,51.1,50.9
64.04,73.4,73.04,78.8,68,75.02,89.6,75.92,52,64,59,53.1,59.4,53.1,57,51.1,70,66,55,53.1,50.9
64.04,73.4,71.96,77,68,75.02,89.6,73.94,51.1,66,61,54,60.1,53.1,55,52,68,64.9,55,53.1,51.62
59.36,69.8,69.98,73.4,64.94,73.04,89.96,71.06,51.1,64.9,59,53.1,57,52,54,51.1,63,62.1,55,52,50.18
54.68,64.4,68,73.4,60.98,69.98,87.8,64.04,50,63,55,53.1,54.1,51.1,54,43,59,55.9,48.7,48,48.92
50,64.4,68,73.4,60.08,66.92,86,59,50,60.1,53.1,51.1,51.1,50,53.1,39.9,57.9,52,42.3,44.1,48.92
48.74,59,68,73.4,57.92,66.02,82.4,55.94,50,60.1,51.1,50,50.4,50,52,37,57,50,36,44.1,48.02
47.3,60.8,66.92,71.6,55.94,62.06,82.4,50,50,60.1,51.1,50,49.6,48.9,52,33.1,50,48.9,34.3,43,47.66
46.04,62.6,66.02,69.8,55.04,60.08,78.8,46.94,50,59,48,48.9,48.9,48.9,53.1,32,50,50,32.5,42.1,48.74
46.4,59,66.92,71.6,55.94,57.92,80.6,44.96,50,53.1,52,48.9,48.2,48.9,54,30.9,50,46.9,30.9,39.9,48.56
46.58,60.8,66.02,66.2,53.96,57.02,78.8,42.08,48.9,52,48,50,47.7,48.9,54,30,44.1,50,29.7,39,48.02
46.94,51.8,66.02,62.6,53.96,55.04,77,39.92,48.9,52,48,51.1,46.9,50,57,30,46.9,52,28.2,39,48.02
46.04,55.4,66.02,60.8,55.04,53.96,75.2,37.94,48.9,50,50,51.1,48,48.9,53.1,28,43,48,27,39,48.56
44.96,46.4,64.04,60.8,53.06,53.96,75.2,37.94,48.9,48.9,48,51.1,48.9,50,53.1,28.9,36,48,26.2,37.9,48.02
44.06,50,64.04,57.2,53.96,53.06,73.4,37.04,48.9,48,50,51.1,50,50,51.1,27,42.1,48.9,25.7,39,48.02
44.96,57.2,64.04,57.2,53.96,53.06,73.94,35.06,48.9,46.9,50,51.1,51.1,50,48,28,34,50,25,39,46.76
46.04,53.6,62.96,55.4,55.04,51.98,73.4,37.04,50,46,50,51.1,52,50,46,26.1,35.1,50,26.2,37.9,45.68
46.94,53.6,66.02,57.2,55.04,53.96,71.6,35.96,48.9,45,51.1,48.9,53.1,50,45,28,34,50,27.7,37,45.32
48.56,59,69.98,64.4,55.04,59,73.4,48.02,50,46.9,53.1,50,54,51.1,44.1,30.9,37.9,54,28.9,39,47.12
50.36,64.4,69.98,69.8,55.94,62.96,78.8,55.94,51.1,48.9,57,53.1,55,50,46,36,45,59,32.5,39.9,50.18
51.98,69.8,71.96,71.6,57.02,66.02,80.6,64.94,55.9,50,60.1,54,55.9,52,48.9,42.1,52,64,36.3,44.1,51.98
52.34,64.4,73.04,73.4,59,69.08,84.02,68,57,51.1,62.1,54,56.7,53.1,48,46.9,60.1,64.9,39.9,46.9,53.6
52.7,66.2,71.96,73.4,60.98,73.04,84.2,69.98,57,54,64,57,57.2,54,51.1,52,66.9,68,45.3,48.9,53.24
53.06,69.8,71.96,75.2,62.96,75.02,86,73.04,57,55,64.9,57,57.9,53.1,52,55,71.1,70,50.5,51.1,52.88
52.7,69.8,69.98,75.2,62.96,75.92,87.8,75.02,54,55,66,60.1,57.9,53.1,51.1,57,75,69.1,55.9,53.1,53.42
52.34,70.34,69.98,73.4,62.96,77,87.8,75.92,55,55.9,64.9,60.1,57.9,54,51.1,57,75,68,55.6,54,52.7
51.98,69.8,69.98,71.6,62.06,75.02,89.6,75.02,55,55.9,64,59,57.9,55.9,53.1,57.9,72,68,55.4,55,51.08
52.34,68,68,71.6,60.98,73.04,89.06,73.94,54,52,60.1,55.9,55.2,50,51.1,57,66.9,66,55,53.1,50.36
52.7,64.4,66.02,69.8,60.08,69.98,87.8,69.98,54,48.9,55.9,55,52.7,50,48.9,51.1,60.1,61,54,51.1,50
53.06,60.8,64.94,68,57.92,68,84.2,66.02,54,46,57,54,50,48.9,45,42.1,60.1,59,53.1,48,48.56
53.42,62.6,64.04,66.2,57.92,66.02,84.2,64.94,54,44.1,55,53.1,46.9,50,43,42.1,57.9,55.9,52,46.9,48.2
53.6,60.8,64.04,64.4,55.94,62.06,80.6,62.96,54,43,51.1,50,44.1,50,43,37,57.9,53.1,49.6,42.1,47.48
53.96,57.2,62.96,64.4,55.94,60.08,80.6,64.04,53.1,39,51.1,51.1,41,48.9,37.9,35.1,55,51.1,47.3,39.9,48.56
53.06,51.8,62.96,60.8,55.94,57.92,78.98,62.96,52,39,52,50,41,48,37.9,36,55.9,52,45,36,48.2
51.98,51.8,64.04,60.8,55.94,57.02,78.8,60.08,50,37.9,50,46.9,41,48,36,37,55.9,53.1,40.3,37.9,47.3
51.08,53.6,64.04,57.2,55.94,53.96,73.4,55.94,48,34,48.9,48,41,44.1,37,35.1,54,51.1,35.6,34,46.58
50.72,55.4,64.94,57.2,55.94,53.96,71.6,46.94,46.9,34,48,44.1,40.6,37,36,33.1,55.9,50,30.9,30,47.12
50.36,48.2,62.96,57.2,55.94,53.96,71.6,44.06,46.9,32,44.1,46,40.3,37.9,33.1,32,57,51.1,29.3,30,47.66
50,48.2,62.96,57.2,55.94,51.98,71.6,44.06,45,33.1,43,43,39.9,35.1,30,32,57,51.1,27.7,28.9,48.56
50.36,51.8,62.96,57.2,55.94,51.98,71.96,41,44.1,34,44.1,46,39.9,35.1,32,30.9,55,50,26.1,28,47.66
50.72,48.2,62.96,57.2,55.94,51.98,69.8,39.02,42.1,33.1,42.1,43,39.9,34,32,33.1,55,48.9,28.4,27,47.48
51.08,48.2,64.04,59,57.02,51.08,71.6,37.04,43,30.9,45,45,39.9,33.1,30,33.1,48.9,46.9,30.7,27,47.3
51.98,59,64.94,60.8,57.02,53.96,73.4,46.94,45,34,45,45,44.2,39.9,33.1,28.9,52,53.1,33.1,28,46.58
53.06,60.8,69.08,64.4,57.02,57.92,75.2,57.02,48.9,37.9,51.1,46,48.7,46,35.1,34,61,55.9,36.3,34,46.94
53.96,66.2,68,66.2,57.92,62.96,78.8,64.04,50,41,54,50,53.1,48,37.9,43,66,57,39.7,39,47.12
54.32,68,69.98,68,60.08,66.92,84.92,68,54,43,55.9,55.9,57.4,53.1,42.1,45,68,57.9,43,44.1,46.58
54.68,68,69.98,69.8,62.96,69.08,87.8,71.06,55.9,46.9,59,57.9,61.7,55,44.1,48,72,57.9,48.4,48,46.58
55.04,71.6,69.98,71.6,66.92,69.98,87.8,73.04,57.9,51.1,62.1,61,66,55,46,53.1,75,59,53.6,53.1,47.66
55.04,71.6,69.98,71.6,66.92,73.04,89.6,75.02,59,54,63,62.1,66,57,46.9,55,77,60.1,59,55,48.02
55.04,69.8,69.08,71.6,68,75.02,89.6,75.92,59,54,64.9,63,66,55,48,55.9,73.9,59,59.7,59,48.38
55.04,66.2,68,71.6,66.92,73.94,89.6,75.92,59,55.9,61,63,66,55,48.9,54,70,61,60.3,59,48.56
53.42,64.4,66.92,68,64.04,71.96,89.06,75.02,54,55.9,57.9,60.1,63,52,46.9,53.1,66.9,60.1,61,54,48.02
51.62,62.6,66.02,66.2,59,66.92,89.6,69.98,51.1,50,57,59,60.1,48,45,52,64,60.1,60.3,50.9,46.76
50,60.8,66.02,66.2,55.94,66.02,87.8,66.02,48.9,46.9,55,59,57,44.1,44.1,50,62.1,57.9,59.7,48,48.2
48.92,60.8,66.02,62.6,53.06,64.04,86,60.98,46.9,46,54,57,55.8,41,37,46.9,60.1,57.9,59,46,47.84
48.02,60.8,66.02,62.6,53.06,59,80.6,55.04,46.9,39.9,53.1,57,54.3,39,36,46,57.9,60.1,59.4,45,46.76
46.94,60.8,66.02,60.8,53.06,59,80.6,53.96,48,39,53.1,55.9,53.1,37,39,43,57,60.1,59.7,46.9,46.76
46.22,60.8,66.02,59,53.06,55.94,75.2,53.96,48,39,51.1,53.1,51.4,37,37.9,45,50,61,60.1,46.9,47.12
45.68,60.8,64.94,57.2,51.98,55.04,77,50,48,39.9,51.1,53.1,49.6,36,41,42.1,51.1,62.1,58.1,44.1,46.76
44.96,60.8,62.96,57.2,50,53.96,75.38,44.96,48.9,35.1,52,52,48,36,39.9,43,52,63,55.9,42.1,46.76
44.6,60.8,64.04,57.2,46.94,53.96,73.4,41,57,35.1,51.1,52,47.3,35.1,39.9,45,52,62.1,54,43,46.58
44.42,60.8,62.96,55.4,48.02,53.06,73.4,39.92,55.9,35.1,50,51.1,46.8,34,41,43,46,62.1,51.6,41,46.58
44.06,60.8,62.96,55.4,46.04,51.08,73.4,39.02,55,32,50,50,46,34,41,41,45,62.1,49.3,41,46.58
44.78,60.8,60.08,55.4,46.04,51.08,71.96,39.92,54,33.1,51.1,50,45.7,32,41,37.9,45,55.9,46.9,39,46.4
45.32,60.8,60.08,55.4,44.06,51.98,71.6,35.06,53.1,32,50,46.9,45.3,32,41,39,42.1,59,45.3,39,46.4
46.04,59,60.98,55.4,46.94,51.98,71.6,35.96,54,30,50,46,45,30.9,42.1,35.1,43,55.9,43.7,37,44.78
46.94,60.8,64.04,59,53.96,59,73.4,48.92,54,35.1,51.1,48,46,35.1,43,37,37.9,55.9,42.1,37.9,47.12
48.02,60.8,64.94,64.4,55.94,62.96,75.2,57.02,52,39.9,53.1,53.1,46.9,37.9,46,42.1,46,57.9,45.3,42.1,48.74
48.92,57.2,66.02,66.2,60.08,68,80.6,64.94,54,45,55,55,48,43,48,46.9,50,55.9,48.7,46,49.64
49.28,57.2,66.92,71.6,62.06,71.06,80.96,69.08,57,48.9,57,57,48.4,50,50,48.9,51.1,53.1,52,50,50.36
49.64,59,66.92,71.6,64.04,73.04,82.4,71.06,55.9,54,60.1,57.9,48.6,54,54,52,57,54,52.3,55,51.26
50,62.6,66.92,71.6,66.02,75.92,84.2,73.04,55.9,57.9,62.1,55.9,48.9,55.9,57,54,61,54,52.7,57.9,50.72
51.62,62.6,66.02,71.6,64.94,78.98,84.2,75.02,55.9,62.1,66,57,48.9,57,55.9,55,63,55,53.1,63,51.26
53.42,60.8,64.94,71.6,68,78.98,82.4,75.02,53.1,64,61,57,48.9,57,57.9,55.9,64,54,51.4,63,50.36
55.04,60.8,64.94,68,66.02,78.98,84.2,71.96,53.1,64.9,59,59,48.9,55,57.9,55.9,66.9,53.1,49.6,62.1,49.82
51.44,59,62.96,66.2,62.06,75.02,82.04,64.04,52,63,57,57.9,48,51.1,57,53.1,63,50,48,59,49.28
47.66,59,62.06,62.6,59,71.96,78.8,60.08,51.1,59,55,55,46.9,52,55,48.9,57.9,48.9,46.9,55,46.04
44.06,57.2,60.98,60.8,57.92,68,75.2,53.96,48.9,54,55.9,55,46,46.9,50,46,57.9,48.9,46,50,44.6
42.62,57.2,62.06,60.8,57.02,66.02,71.6,48.92,46.9,48,55.9,55.9,45.7,42.1,45,39,61,48.9,45,48,46.4
41.36,59,60.98,59,57.02,64.04,69.8,48.92,44.1,48,55,55.9,45.3,43,46,37,55.9,48,44.6,41,44.6
39.92,59,60.98,57.2,55.94,59,66.2,44.06,44.1,46.9,53.1,57.9,45,39,45,34,55.9,48,44.4,42.1,44.78
40.28,57.2,60.08,57.2,55.94,57.92,66.02,44.06,43,44.1,52,57,44.2,39,45,34,59,48,44.1,46.9,45.14
40.64,57.2,60.08,57.2,53.96,57.92,64.4,42.98,44.1,42.1,52,57,43.7,37.9,46,33.1,59,48.9,44.1,46,44.78
41,57.2,57.02,57.2,53.96,57.02,64.4,42.98,44.1,39,52,57,43,41,46,34,54,48,44.1,46.9,46.04
40.64,55.4,57.92,57.2,57.02,55.04,62.6,41,43,39,50,57,41.9,42.1,45,32,55.9,46.9,44.1,44.1,44.42
40.28,53.6,55.94,57.2,55.94,53.96,64.4,41,44.1,37,50,55.9,41,41,44.1,33.1,48.9,45,43.7,46,44.96
39.92,53.6,55.94,57.2,50,53.96,64.4,39.02,43,35.1,50,55,39.9,42.1,43,32,53.1,44.1,43.3,46,45.14
39.92,53.6,55.04,55.4,50,53.96,62.06,35.96,44.1,36,51.1,54,39,42.1,42.1,34,55,43,43,46,42.26
39.92,53.6,55.04,55.4,51.08,53.06,60.8,37.94,43,36,51.1,54,37.9,45,39,35.1,48.9,43,43,45,41.54
39.92,53.6,57.02,55.4,51.08,53.96,59,37.94,43,35.1,51.1,53.1,37,45,37.9,37,48,43,43,42.1,41.36
43.88,55.4,60.08,57.2,51.08,60.08,60.8,48.92,43,39,51.1,53.1,39.7,45,37.9,37.9,50,44.1,43,43,42.62
48.02,55.4,64.94,59,51.08,64.94,64.4,57.02,45,43,51.1,52,42.3,46,42.1,41,55,46.9,45.3,46,43.34
51.98,55.4,66.02,60.8,51.98,71.96,69.8,64.94,48.9,48.9,52,51.1,45,46.9,46.9,44.1,60.1,46.9,47.7,46,44.06
54.68,57.2,69.08,62.6,55.94,75.02,71.06,68,52,53.1,53.1,53.1,46.6,48,50,52,64,51.1,50,48,44.96
57.38,57.2,69.08,62.6,57.02,78.08,73.4,71.96,54,60.1,54,55.9,48.4,48.9,53.1,55.9,69.1,52,50,50,46.04
60.08,57.56,68,64.4,57.02,80.96,75.2,73.04,55,64,54,57,50,51.1,61,57.9,70,53.1,50,52,46.76
59.36,57.2,68,62.6,57.02,82.04,75.2,75.02,55.9,68,54,55.9,50.4,52,64,59,72,53.1,50,54,48.2
58.64,57.2,66.92,60.8,57.92,84.02,75.2,73.94,55.9,72,54,55.9,50.7,51.1,72,59,72,52,48.9,54,48.02
57.92,57.2,66.92,60.8,55.94,82.94,77,71.06,55,72,54,55.9,51.1,50,72,57.9,71.1,51.1,48,55.9,48.2
55.58,57.2,64.94,60.8,53.96,78.98,75.2,68,52,69.1,54,55,47.3,50,69.1,55.9,64.9,48.9,46.9,54,48.74
53.42,55.4,62.96,57.2,51.98,73.94,75.2,57.92,45,63,53.1,55,43.7,46.9,59,51.1,61,39,41.5,48.9,48.38
51.08,53.6,62.06,57.2,48.92,71.06,73.4,55.04,43,59,53.1,54,39.9,39.9,54,51.1,57,39.9,36.3,43,47.66
51.44,55.4,62.06,55.4,48.92,66.92,71.6,50,42.1,52,53.1,53.1,38.3,39,50,48.9,55,37,30.9,43,46.76
51.62,55.4,60.98,55.4,48.92,66.02,71.6,46.94,39.9,50,53.1,53.1,36.7,39.9,51.1,52,52,36,28.9,37.9,46.58
51.98,55.4,60.08,55.4,48.92,62.96,66.2,44.06,42.1,48,53.1,53.1,35.1,37.9,48.9,52,51.1,34,27,39,46.4
51.98,55.4,59,55.4,50,60.98,68,44.06,41,50,53.1,53.1,34.3,34,53.1,46.9,46.9,37,25,36,45.86
51.98,53.6,57.92,53.6,48.02,62.06,66.2,42.98,45,44.1,53.1,51.1,33.8,33.1,54,45,48.9,28,23.7,36,45.68
51.98,55.4,57.02,53.6,48.02,62.06,66.2,41,46,44.1,52,50,33.1,33.1,50,45,46,33.1,22.3,37.9,45.32
51.98,53.6,55.04,53.6,46.04,59,62.6,41,46,39,52,48.9,33.4,35.1,48.9,43,45,35.1,21,34,44.96
51.98,53.6,57.02,53.6,44.96,59,62.6,39.92,46.9,39.9,52,48.9,33.6,34,46.9,45,44.1,34,20.3,30,44.96
51.98,53.6,55.04,53.6,46.04,57.92,62.6,37.94,46,39,52,48,34,32,41,43,43,34,19.8,28.9,45.14
51.62,53.6,53.06,53.6,46.94,55.04,62.96,37.94,52,37.9,51.1,48,32.7,30,41,45,41,34,19,28.9,44.42
51.44,53.6,53.96,53.6,48.02,55.94,60.8,37.04,52,39.9,51.1,48.9,31.3,33.1,39,45,42.1,30.9,19,27,44.06
51.08,53.6,55.94,53.6,48.02,57.92,59,39.92,52,39,51.1,48.9,30,30,39.9,43,37,36,19,28,44.06
53.06,55.4,62.06,55.4,50,62.96,60.8,48.02,51.1,42.1,52,50,33.1,37,44.1,43,35.1,39,19,28.9,43.88
55.04,57.2,66.02,57.2,51.98,68,66.2,59,46.9,46,52,51.1,36,39,46,45,35.1,45,26.8,30.9,44.24
57.02,59,68,57.2,53.96,73.04,69.8,64.94,48,48,54,51.1,39,45,57.9,46.9,36,50,34.3,33.1,44.42
57.74,60.8,69.08,60.8,57.92,73.04,73.04,69.08,48,50,55,52,40.6,48,61,50,37,52,42.1,37.9,44.96
58.28,60.8,71.06,62.6,57.92,75.02,77,71.06,48,54,57,52,42.4,53.1,64,51.1,39,57,44.4,46.9,44.96
59,62.6,73.04,62.6,57.92,75.02,78.8,73.94,48.9,60.1,59,52,44.1,55,66.9,52,39.9,60.1,46.6,51.1,45.32
58.64,60.8,69.08,62.6,59,78.08,78.8,75.92,50,63,59,53.1,45,55.9,70,52,39.9,61,48.9,55,45.32
58.28,62.6,69.08,64.4,57.92,77,78.8,77,51.1,63,59,52,46,55,69.1,50,42.1,57.9,48,57.9,45.86
57.92,60.8,66.92,62.6,57.92,75.92,80.6,75.92,54,61,57.9,48.9,46.9,53.1,64,50,43,60.1,46.9,59,45.5
55.58,59,64.94,60.8,55.94,75.02,80.06,73.94,57.9,60.8,57,50,46.2,50,62.1,50,39.9,55.9,46,57,45.5
53.42,57.2,62.96,60.8,51.08,71.96,78.8,64.94,57.9,57.9,57,50,45.7,46.9,59.9,45,37.9,50,42.6,52,45.32
51.08,55.4,62.96,59,48.92,69.08,75.2,60.08,57.9,57,55,50,45,42.1,57,45,36,50,39.4,48,45.5
47.66,55.4,60.98,59,48.92,66.02,73.4,53.96,55.9,53.1,54,50,44.6,43,54,44.1,35.1,43,36,48.9,46.4
44.42,55.4,60.98,59,46.94,64.04,66.2,50,55,50,53.1,48.9,44.4,42.1,52,39,34,50,36,45,45.68
41,55.4,60.08,57.2,46.04,62.96,66.2,46.94,57,48.9,54,46.9,44.1,39.9,50,36,34,43,36,39.9,45.32
40.64,55.4,59,55.4,44.96,60.98,66.2,44.96,55.9,48.9,54,46.9,41.4,45,52,42.1,32,43,36,39.9,45.14
40.28,55.4,55.94,55.4,44.96,57.92,64.4,42.98,55.9,48.9,53.1,46,38.7,43,57.9,42.1,30.9,39,36,41,44.96
39.92,53.6,57.02,55.4,42.98,57.02,66.2,42.08,55.9,48,52,46.9,36,37,57.9,39.9,30.9,43,36,42.1,44.96
40.64,55.4,55.04,55.4,42.98,55.04,64.4,41,55.9,48,48,46.9,35.6,35.1,57,41,32,41,36,39.9,45.5
41.36,53.6,55.04,55.4,42.08,53.06,60.8,39.92,55,48,48,46,35.4,34,55,39.9,32,39.9,35.6,39.9,44.96
42.08,51.8,53.96,55.22,41,53.06,60.8,39.02,54,48,46.9,46,35.1,30,55.9,41,32,45,35.4,34,44.6
42.08,53.6,53.06,55.4,41,51.08,62.06,39.02,54,46.9,46,46.9,34.3,28.9,53.1,39.9,32,46,35.1,34,44.24
42.08,53.6,51.98,57.2,41,48.92,62.6,35.96,54,46.9,46.9,46,33.8,28,53.1,39,32,46,34.3,33.1,43.52
42.08,53.6,53.96,55.4,42.08,50,61.16,35.96,53.1,46.9,46,46,33.1,27,52,41,33.1,35.1,33.8,37.9,43.34
50,55.4,60.08,57.2,44.96,53.96,62.6,46.94,54,46.9,48,46,35.4,33.1,55,39.9,34,42.1,33.1,37.9,44.42
58.1,57.2,62.96,59,48.92,57.92,66.2,57.92,54,48,51.1,48.9,37.6,43,50,42.1,35.1,52,36.3,39,46.58
66.02,57.2,64.94,60.8,51.08,62.06,71.6,64.94,54,48.9,53.1,50,39.9,48.9,52,46,36,57,39.7,46,46.58
64.94,57.2,69.08,60.8,53.96,64.94,75.92,71.06,54,51.1,55,52,41,51.1,52,48,39,62.1,43,46.9,47.84
64.04,57.2,69.98,62.6,57.02,68,78.8,75.92,53.1,53.1,55.9,52,41.9,53.1,51.1,53.1,41,64.9,45,48.9,48.02
62.96,57.2,69.98,64.4,60.08,71.06,80.6,78.98,53.1,54,57,53.1,43,54,54,54,42.1,63,46.9,51.1,49.46
62.24,57.2,69.08,64.4,60.08,71.06,82.4,80.06,54,55.9,55.9,53.1,42.6,54,57,54,45,66,48.9,50,49.1
61.7,55.4,68,64.4,60.98,71.06,82.4,80.06,54,57,53.1,54,42.4,54,57,55.9,43,68,48.2,51.1,48.38
60.98,53.6,66.92,62.6,60.98,71.06,82.94,80.06,52,55.9,52,54,42.1,53.1,60.1,53.1,48,66,47.7,48.9,47.84
56.3,53.6,64.04,60.8,59,69.98,82.4,78.98,53.1,55.9,52.9,52,41.4,48,59,51.1,52,59,46.9,46.9,44.78
51.62,53.06,62.96,59.36,55.94,68,80.6,64.94,52,55,53.1,50,40.6,46,57.9,48,51.1,55.9,46.2,44.1,43.34
46.94,53.6,62.06,59,53.06,64.04,75.2,62.06,50,54,53.1,48.9,39.9,34,57,47.7,50,57,45.7,41,42.98
44.96,55.4,62.06,57.2,51.08,62.06,75.2,60.08,48.9,53.1,52,48,41,32,57,48,48.9,55.9,45,37.9,42.08
42.98,55.4,60.98,57.2,50,60.98,71.6,57.02,46.9,52,52,46.9,41.9,30,57,46,48,53.1,43.7,37.9,40.64
41,53.6,59,57.2,44.96,60.08,71.6,51.98,48,50,53.1,45,43,28.9,57,46,46.9,55,42.3,36,38.48
40.28,53.6,57.02,57.2,46.04,57.02,66.02,50,48.9,48.9,53.1,45,42.6,28.9,55.9,41,46,48,41,37,39.2
39.74,55.4,57.92,57.2,46.94,55.94,69.8,44.96,51.1,46,54,45,42.4,28,55.9,39,48,50,42.6,37,39.74
39.02,55.4,57.02,57.2,44.06,57.02,66.2,42.98,51.1,46,53.1,45,42.1,27,54,35.1,46,48,44.4,37,39.38
38.66,53.6,55.04,55.4,44.06,55.94,64.4,46.94,48.9,46.9,51.1,45,42.8,26.1,55.9,36,45,52,46,36,38.84
38.3,53.6,55.04,55.4,42.08,55.94,62.6,46.04,46.9,46,51.1,45,43.3,26.1,54,39,46,50,42.6,37,38.3
37.94,55.4,55.04,57.2,42.08,53.96,62.6,46.04,48,46,50,45,44.1,26.1,52,39.9,45,46.9,39.4,35.1,35.96
37.94,55.4,53.06,57.2,42.98,53.96,60.98,46.04,46.9,46.9,50,44.1,44.4,25,48.9,44.1,45,44.1,36,36,36.14
37.94,55.4,53.06,57.2,44.06,51.98,60.8,44.06,48,46.9,50,44.1,44.6,25,54,45,44.1,51.1,37,36,36.14
37.94,55.4,53.06,57.2,44.96,53.96,57.2,42.98,48,46.9,50,44.1,45,24.1,53.1,46.9,46,48.9,37.9,35.1,33.98
44.96,55.4,62.06,57.2,48.92,53.96,60.8,53.96,48,46.9,50,44.1,46,28,54,46,46.9,48,39,37,35.78
51.98,57.2,66.02,57.2,53.96,57.92,64.4,57.92,51.1,48.9,50,46,46.9,36,50,48,46.9,53.1,41.4,37.9,40.64
59,59,71.96,59,57.92,62.06,69.8,62.06,53.1,51.1,52,48,48,39.9,52,48.9,54,55.9,43.7,39.2,43.16
59,60.8,75.92,59,60.08,66.02,75.92,64.94,54,53.1,53.1,50,49.3,44.1,57,46.9,53.1,57,46,41,45.32
59,59,73.94,57.2,62.96,68,78.8,66.92,55,55.9,55,51.1,50.7,48,64,46,55,57.9,46.9,44.1,48.74
59,59,75.02,59,64.04,69.08,80.6,69.98,55,55.9,57,52,52,50,64,44.1,55.9,60.1,48,46,50.54
57.38,60.8,75.92,57.2,66.92,69.08,82.4,71.06,54,55.9,57.9,53.1,52,51.1,64,44.1,55.9,59,48.9,45,49.82
55.58,60.8,75.92,55.4,66.02,69.08,82.4,71.06,55,57,59,53.1,52,51.1,64,42.1,55,59,48.6,45,49.28
53.96,59,73.04,53.6,64.94,68,82.4,71.06,53.1,57.9,55.9,53.1,52,48,61,41,54,59,48.4,44.1,48.56
50,57.2,69.08,53.6,60.98,66.92,82.04,71.78,51.1,57,53.1,51.6,49.3,39.9,60.1,39.9,51.1,53.1,48,44.1,47.66
46.04,55.4,66.92,53.6,57.02,66.02,77,71.06,51.1,55.9,52,50,46.8,37.9,57,39.9,48.9,45,44.6,37,46.76
42.08,55.4,62.96,55.4,51.98,64.94,75.2,62.06,51.1,55,48,48,44.1,34,55.9,37.4,48,43,41.4,34,46.22
42.08,55.4,64.94,53.6,51.08,64.04,73.4,57.02,51.1,55,48,48.9,44.1,35.1,55,37.9,46.9,41,37.9,32,46.22
42.08,55.4,62.96,53.6,51.98,62.96,69.8,53.06,51.1,52,46,48,44.1,30.9,53.1,37.9,46.9,44.1,35.2,32,48.2
42.08,53.6,60.08,53.6,51.08,62.06,68,53.06,51.1,53.1,45,46,44.1,30,54,37.9,43,45,32.7,30,46.04
42.44,51.8,57.92,53.6,50,62.06,66.02,55.94,51.1,52,46,46,44.1,30,52,37.9,42.1,46,30,27,45.68
42.62,51.8,57.02,53.6,48.02,62.06,64.94,48.92,51.1,52,44.1,46,44.1,28,52,37.9,41,45,29.7,23,44.42
42.98,51.8,57.02,51.8,46.94,62.06,64.4,44.96,51.1,51.1,39.9,44.1,44.1,27,51.1,37,41,45,29.3,21,44.06
43.34,51.8,55.94,50,44.96,60.98,63.68,41,50,51.1,39,44.1,44.1,28,51.1,35.1,39.9,43,28.9,21.9,44.42
43.7,51.8,53.06,48.2,44.96,60.08,63.14,39.02,50,51.1,43,44.1,44.1,26.1,51.1,34,42.1,43,30,21.9,45.86
44.06,51.8,51.08,48.2,44.06,60.08,62.6,37.04,51.1,52,43,45,44.1,25,51.1,34,46,39.9,30.9,21,46.22
44.06,53.6,50,46.4,42.98,60.98,62.06,37.04,51.1,52,39,45,43.7,27,50,34,44.1,39.9,32,19.9,46.4
44.06,53.6,53.06,44.6,42.98,60.08,62.6,35.96,48,51.1,39.9,45,43.3,28,50,34,44.1,37.9,32.4,18,46.04
44.06,53.6,57.02,46.4,42.98,59,60.8,39.02,46.9,51.1,39,45,43,26.1,50,34,46.9,39.9,32.7,18,46.4
49.46,53.6,66.02,51.8,50,59,60.8,46.04,48.9,52,44.1,45,43.3,28.9,52,35.1,48.9,43,33.1,19,46.4
54.68,53.6,69.98,55.4,53.06,59,63.5,51.08,51.1,55,45,46,43.7,30.9,51.1,35.1,48.9,46.9,36.7,25,47.66
60.08,53.6,73.94,60.8,59,60.08,66.2,59,55,55.9,48,46.9,44.1,36,50,36,55.9,50,40.5,28.9,49.1
60.8,57.2,75.02,62.6,62.96,60.98,69.98,62.06,57.9,55.9,51.1,50,44.8,41,51.1,36,60.1,52,44.1,33.1,49.28
61.34,59,75.02,62.6,64.94,60.08,71.6,66.02,59,61,54,51.1,45.3,46,50,39,64.9,53.1,46,37,50.54
62.06,60.8,73.04,64.4,66.92,60.08,73.4,68,59,63,55.9,52,46,48.9,52,39,64,55,48,39.9,50.36
61.7,59,73.04,64.4,66.92,60.98,73.4,69.08,57.9,62.1,57.9,52,46.4,52,55.9,41,62.1,50,50,43,49.28
61.34,59,75.02,62.6,68,62.06,73.4,69.98,57.9,62.1,59,52,46.6,51.1,53.1,43,62.1,52,48.7,46,48.92
60.98,57.2,71.96,64.4,66.92,62.06,75.2,69.98,57.9,60.1,59,51.1,46.9,50,53.1,44.1,61,50,47.3,46,47.3
55.58,57.2,69.08,62.6,66.56,60.98,73.94,69.08,58.1,59,55.9,50,45.3,48.9,53.1,44.1,60.1,45,46,42.1,45.86
50.36,53.6,66.92,60.8,64.04,60.98,66.2,60.08,57.9,57.9,52,50,43.7,42.1,54,42.1,57.7,41,44.4,36,44.78
44.96,53.6,66.92,59,59,62.06,64.4,53.96,57.9,55.9,50,48.9,42.1,39.9,54,41,55.9,41,42.6,35.1,43.52
45.68,51.8,66.02,57.2,55.04,60.98,66.2,44.06,57,51.1,46.9,48.9,40.5,43,53.1,36,54,42.1,41,30,44.96
46.22,53.6,64.94,55.4,55.94,59,66.2,42.08,54,48,46.9,48,38.7,48.9,53.1,34,54,41,40.6,30,44.96
46.94,51.8,64.94,57.2,55.04,57.02,66.2,39.92,55,48,46,46.9,37,46.9,53.1,34,55.9,39.9,40.3,28,45.14
45.68,50,62.96,55.4,53.96,55.94,64.04,37.94,54,48,45,46,36,44.1,53.1,33.1,57,39.9,39.9,28,42.44
44.24,46.4,62.96,51.8,53.06,55.04,64.4,37.04,54,46.9,45,46,35.1,45,52,33.1,55.9,39,39.9,25,40.64
42.98,48.2,62.06,51.8,48.92,55.04,62.6,35.06,51.1,48,45,45,34,45,51.1,34,54,39,39.9,26.1,40.64
41.72,44.6,62.96,48.2,46.94,57.02,62.6,35.06,50,48,45,45,32.9,41,52,34,48.9,39,39.9,25,40.82
40.28,44.6,62.96,48.2,48.02,57.02,60.8,35.06,50,46.9,45,45,32,37,50,35.1,54,37,38.7,27,41.18
39.02,44.6,64.04,48.2,51.98,55.94,62.6,33.98,50,46.9,45,45,30.9,34,50,35.1,52,37,37.2,25,41.9
39.74,42.8,62.06,46.4,50,53.96,60.08,33.98,48.9,46,45,46.9,30.9,34,48.9,35.1,52,35.1,36,26.1,41.9
40.28,42.8,60.98,44.6,48.02,53.06,59,33.98,48.9,46,46,50,30.9,30.9,46.9,35.1,53.1,34,36,26.1,41.54
41,42.8,62.96,46.4,48.92,51.98,55.4,35.06,50,46.9,46.9,52,30.9,32,43,36,54,33.1,36,27,41.72
45.68,48.2,64.04,51.8,51.98,51.98,59,42.08,48.9,48,46.9,53.1,33.3,36,46,35.1,54,35.1,36,27,42.26
50.36,53.6,66.92,55.4,55.04,53.06,66.2,51.08,52,50,48,53.1,35.6,43,48,36,59,39,37.9,30,42.62
55.04,55.4,71.96,60.8,59,55.94,71.6,62.06,53.1,54,48.9,55,37.9,48.9,52,37,66,42.1,40.1,34,42.62
56.66,57.2,75.02,62.6,62.06,62.06,73.4,64.94,54,59,51.1,54,40.6,51.1,54,39.9,69.1,44.1,42.1,37.9,42.62
58.46,57.2,75.92,64.4,66.02,64.04,73.4,68,55,59,52,54,43.3,52,59,42.8,73,46.9,42.8,42.1,42.8
60.08,59,71.96,64.4,68,66.92,75.2,69.98,55,62.1,53.1,53.1,46,52,57.9,46,75,48,43.3,46,42.98
59.72,60.8,71.06,66.2,69.08,66.92,75.2,71.96,55,63,53.1,53.1,46,53.1,59,45,75,45,44.1,48.9,42.98
59.36,62.6,69.98,66.2,69.08,68,77,73.04,54,62.1,52,52,46,53.1,61,45,73,45,43,52,42.98
59,62.6,69.08,62.6,66.92,68,78.8,73.04,53.1,62.1,53.1,48.9,46,51.1,60.1,42.1,57.9,43,42.1,50,42.98
58.64,59,66.02,62.6,62.96,64.94,78.08,71.96,51.1,60.1,52,48.9,43.3,43,57.9,39.9,52,42.1,41,46.9,42.8
58.28,55.4,64.94,60.8,59,62.96,75.2,71.06,50,59,52,48,40.6,35.1,55.9,37.9,50,37.9,39,39,42.44
57.92,55.4,64.04,59,55.94,60.98,71.6,64.94,48.9,57,51.1,46.9,37.9,32,55,37.9,48,34,37,37,43.52
57.02,51.8,60.98,55.4,51.98,59,69.8,60.98,42.1,57,51.1,45,37.9,34,55,37.9,46.9,30,35.1,34,43.34
55.94,53.6,60.08,53.6,51.98,59,69.8,57.02,39.9,57,48.9,45,37.9,30.9,54,37,45,30.9,35.1,33.1,43.16
55.58,53.06,59.9,54.68,50.18,57.56,69.62,54.14,40.6,55.9,48.7,46,37.8,32.5,51.6,36.9,44.6,34.2,37,32.9,42.98
55.4,52.52,59.72,55.58,48.2,56.12,69.26,51.26,41.4,54.7,48.7,47.3,37.8,34.2,49.5,36.7,44.4,37.2,39.2,32.7,42.44
55.04,51.98,59.54,56.66,46.4,54.68,69.08,48.38,42.1,53.6,48.6,48.4,37.6,35.8,47.1,36.5,44.1,40.5,41.2,32.5,41.54
54.86,51.62,59.54,57.74,44.6,53.24,68.9,45.68,42.8,52.3,48.4,49.6,37.4,37.2,44.8,36.1,43.9,43.5,43.2,32.5,40.28
54.5,51.08,59.36,58.82,42.8,51.8,68.72,42.8,43.5,51.3,48.2,50.7,37.2,38.8,42.4,36,43.5,46.8,45.1,32.4,39.2
54.32,50.54,59.18,59.72,40.82,50.36,68.36,39.92,44.2,50,48.2,52,37.2,40.5,40.3,35.8,43.3,49.8,47.3,32.2,38.12
53.96,50,59,60.8,39.02,48.92,68.18,37.04,45,48.9,48,53.1,37,42.1,37.9,35.6,43,53.1,49.3,32,37.22
53.06,50,59.36,57.2,42.08,48.92,67.46,35.96,45,48,46.9,53.1,37,44.1,37,33.8,48.9,53.1,48,30.9,36.5
53.06,46.4,59.72,57.2,42.08,48.92,67.28,35.06,44.1,48,46.9,53.1,37.9,43,46,33.8,46,52.3,47.7,30.6,35.78
51.98,46.4,60.08,59,42.98,50,66.92,35.06,45,48,48.9,55,37.9,44.1,48,32,52,51.8,47.3,30.4,37.04
51.08,53.6,66.38,62.6,48.92,53.06,68.9,39.92,46,50,48.9,54,39.9,42.1,50,33.8,52,51.1,46.9,30,35.96
51.98,59,72.68,73.4,53.06,55.04,73.4,46.04,46.9,51.1,50,55,42.1,46,45,39.2,55.9,52.7,48,33.6,41
53.06,62.6,78.98,77,57.02,60.98,78.08,50,48,53.1,51.1,55.9,41,46,50,46.4,59,54.3,48.9,37.4,46.04
53.06,60.8,79.34,82.4,59,62.96,82.04,53.06,48.9,55.9,53.1,55.9,43,48.9,53.1,51.8,61,55.9,50,41,51.08
55.94,62.6,79.7,84.2,62.06,64.94,85.1,53.96,48.9,59,57,55,46,53.1,55.9,57.2,64.9,55.2,51.6,44.6,50
53.06,66.2,80.06,87.8,64.94,69.08,87.08,57.02,53.1,57.9,63,55.9,48.9,64,64.9,60.8,66.9,54.7,53.4,48.4,48.92
53.06,66.2,80.06,87.8,66.92,69.98,88.52,57.92,53.1,61,64,55.9,50,64,57,64.4,72,54,55,52,50
53.06,62.6,80.06,82.4,66.02,69.08,89.06,59,54,63,62.1,55,48.9,62.1,53.1,60.8,68,53.2,54,50.7,51.98
53.06,60.8,80.06,80.6,66.02,66.92,89.42,57.92,55,63,61,55.9,48,48.9,53.1,62.6,64.9,52.7,53.1,49.3,50
53.06,59,77.36,75.2,60.08,64.04,87.98,55.04,55,60.1,57,55,44.1,57.9,51.1,57.2,63,52,52,48,46.04
51.08,57.2,74.66,73.4,55.94,60.98,84.38,46.94,55.9,57.9,55,54,42.1,57.9,51.1,50,60.1,48,48.9,47.3,44.96
50,57.2,71.96,69.8,53.06,57.92,80.96,39.92,55.9,54,54,52,42.1,57,54,55.4,60.1,43.9,46,46.8,44.06
50,57.2,69.26,66.2,50,55.94,78.08,41,57,55,50,52,36,54,55.9,53.6,59,39.9,43,46,41
50,57.2,66.74,62.6,48.02,53.96,75.38,39.02,57,55,50,52,37,50,48,53.6,57.9,38.7,38.3,45.3,41
50,57.2,64.04,60.8,44.96,51.98,72.86,37.04,57,55,46.9,51.1,37.9,50,48,53.6,57.9,37.2,33.6,44.8,41
48.92,57.2,63.32,59,44.06,50,71.06,35.96,57.9,54,48,51.1,34,44.1,48.9,51.8,57.9,36,28.9,44.1,35.96
48.92,57.2,62.78,57.2,42.08,48.02,69.44,33.98,57.9,53.1,46,52,36,41,48.9,50,57.9,35.1,28.2,44.8,37.94
48.92,57.2,62.06,57.2,42.08,46.94,68.54,30.92,57.9,54,46,52,32,39.9,48,51.8,57,34,27.7,45.3,35.06
44.96,57.2,60.44,55.4,39.02,46.94,67.28,32,57,48.9,46.9,52,33.1,41,48,53.6,57,33.1,27,46,35.96
42.98,57.2,58.64,53.6,37.04,46.04,66.02,30.02,57.9,48.9,46.9,52,32,41,50,51.8,55,32.4,26.1,45,35.06
42.08,57.2,57.02,53.6,35.96,44.96,65.12,26.06,52,46.9,46.9,51.1,33.1,39.9,48,51.8,57,31.6,25,44.1,32
44.96,55.4,57.38,53.6,35.06,44.06,64.04,26.06,52,46.9,46,51.1,33.1,41,46.9,50,53.1,30.9,24.1,43,33.08
44.96,55.4,57.56,53.6,33.08,42.8,63.86,28.04,50,46,44.1,50,28.9,42.1,45,46.4,59,29.3,23.7,43,32
44.06,55.4,57.92,53.6,33.98,42.98,63.5,26.96,50,46,42.1,48.9,27,39.9,43,44.6,55.9,27.7,23.4,43,32
46.94,55.4,63.68,60.8,41,44.06,64.94,37.04,48.9,46,46,51.1,30,45,44.1,44.6,54,26.1,23,43,32
51.08,57.2,69.26,66.2,51.08,46.94,69.08,46.04,48.9,46.9,48,52,35.1,48.9,46.9,44.6,54,31.5,27.7,45,41
55.04,59,75.02,73.4,55.94,50,73.94,51.08,50,46.9,52,53.1,41,51.1,55,44.6,55,36.7,32.4,46.9,46.04
57.02,57.2,75.38,78.8,57.92,51.08,78.08,57.02,50,51.1,55,55,46.9,50,55,44.6,55,42.1,37,48.9,51.08
57.02,60.8,75.56,80.6,62.06,53.96,81.68,60.98,50,51.1,57.9,55.9,44.1,51.1,57,46.4,57.9,44.1,39.7,51.3,50
57.92,60.8,75.92,82.4,64.94,57.02,84.2,62.96,50,53.1,60.1,57.9,46.9,52,59,48.2,59,46,42.3,53.6,48.02
57.02,60.8,74.66,78.8,66.02,60.98,86,64.94,50,54,62.1,57.9,46.9,53.1,60.1,51.8,60.1,48,45,55.9,50
57.02,60.8,73.22,80.6,69.08,62.06,87.26,64.94,51.1,54,64,55.9,46,52,59,51.8,59,47.7,44.1,53.2,51.98
57.92,59,71.96,75.2,66.02,62.06,87.98,64.94,48.9,53.1,63,55.9,45,48.9,59,51.8,57.9,47.3,43,50.7,48.92
55.04,57.2,71.06,71.6,60.98,60.98,87.08,57.02,48.9,48.9,61,54,41,44.1,57.9,53.6,57,46.9,42.1,48,46.04
55.04,55.4,69.98,68,57.92,57.92,83.48,55.04,48,45,55,53.1,41,39.9,54,57.2,55.9,45.3,37.8,45.7,44.06
48.92,55.4,69.08,64.4,51.08,55.04,80.06,51.98,46.9,43,55,55,37.9,39,43,51.8,54,43.7,33.3,43.3,42.98
46.94,55.4,67.1,62.6,48.02,53.96,77.18,44.96,46.9,41,52,55,37.9,35.1,41,51.8,53.1,42.1,28.9,41,41
46.94,55.4,64.94,60.8,48.92,51.08,74.48,46.94,45,39,50,53.1,37,30,39.9,48.2,53.1,40.6,30.6,39.4,44.06
46.04,55.4,62.96,59,46.94,50,71.78,39.02,43,37.9,48.9,53.1,33.1,28.9,45,51.8,48.9,39.4,32.4,37.6,41
46.94,53.6,62.96,57.2,46.04,48.92,69.98,39.02,42.1,37.9,46.9,52,32,28,46,46.4,52,37.9,34,36,35.96
44.96,51.8,62.96,55.4,46.04,48.02,69.44,37.94,39.9,36,45,52,34,28,48,42.8,52,37,34.7,35.6,35.06
44.96,48.2,62.96,53.6,42.08,46.94,69.62,33.08,39.9,34,46,52,32,27,48,39.2,50,36,35.2,35.4,37.04
46.04,48.2,61.7,51.8,42.98,44.96,69.26,37.04,39.9,33.1,46,51.1,30.9,26.1,48,37.4,50,35.1,36,35.1,33.98
44.06,50,60.26,53.6,42.08,44.96,69.08,32,39.9,33.1,46.9,51.1,33.1,24.1,48,37.4,52,34.3,33.3,35.1,35.06
42.98,50,59,50,42.08,44.06,69.08,32,37.9,33.1,46.9,51.1,30.9,24.1,48,35.6,48,33.8,30.7,35.1,35.96
41,46.4,59.72,50,39.92,42.98,69.08,33.08,37.9,32,46.9,51.1,30,25,48,33.8,48,33.1,28,35.1,33.98
41,50,60.26,48.2,39.02,44.96,67.28,28.04,36,30.9,46.9,51.1,28.9,23,46,33.8,51.1,35.1,29.7,35.4,32
41,50,60.98,51.8,37.04,46.04,65.12,32,36,30,46.9,52,28.9,21.9,46.9,33.8,48,37,31.5,35.6,33.98
44.96,53.6,65.3,55.4,44.96,48.92,64.94,39.02,37,32,46.9,51.1,30,28,46.9,33.8,50,39,33.1,36,33.08
51.98,55.4,69.62,60.8,53.06,53.06,67.46,46.94,42.1,34,50,52,35.1,36,48,35.6,53.1,43.3,35.1,37.2,41
57.02,59,73.94,66.2,60.08,57.02,70.52,53.06,48,35.1,51.1,53.1,36,43,50,35.6,51.1,47.7,37,38.7,44.96
57.92,60.8,74.3,69.8,64.94,60.08,73.04,57.92,50,37,53.1,54,37,46,55,35.6,52,52,39,39.9,44.96
57.92,60.8,74.66,73.4,69.08,62.96,76.46,60.98,51.1,43,57,55,37,48,59,37.4,59,54.3,41,41,46.94
62.06,62.6,75.02,75.2,69.98,64.04,78.8,60.98,52,46.9,57,54,37,48.9,60.1,37.4,59,56.7,43,41.9,48.92
62.06,62.6,74.66,75.2,69.08,66.92,80.42,60.98,53.1,48.9,59,55.9,37,48,62.1,41,59,59,45,43,46.94
62.96,62.6,74.3,75.2,71.06,66.92,81.5,60.98,52,50,60.1,55.9,37,48,63,41,57.9,58.3,45.3,43.7,48.02
60.98,60.8,73.94,73.4,71.06,66.92,82.04,60.08,50,50,59,55.9,37,48,63,39.2,57.9,57.7,45.7,44.2,46.94
57.02,60.8,71.24,69.8,68,64.94,80.96,53.96,48.9,48.9,54,57,37,46,61,39.2,54,57,46,45,44.96
55.04,60.8,68.72,66.2,60.98,62.96,78.26,48.02,48,46,51.1,57.9,37,45,57.9,39.2,51.1,54.7,41.4,44.2,44.06
50,60.8,66.02,64.4,60.08,59,75.74,48.02,48,42.1,48.9,57.9,37,37.9,52,39.2,48.9,52.3,36.7,43.7,39.92
51.08,60.8,65.66,60.8,51.08,55.04,73.58,44.06,46.9,42.1,48.9,59,37,36,48,39.2,48,50,32,43,42.98
48.02,59,65.3,60.8,51.98,55.04,71.78,44.96,41,39,46.9,57,37,35.1,48.9,41,46.9,49.6,32.4,43,39.02
48.02,57.2,64.94,57.2,48.02,51.08,69.98,41,37.9,37.9,48,57,37,32,48,39.2,46,49.3,32.7,43,35.06
51.08,57.2,63.32,55.4,46.04,51.08,69.08,39.02,37.9,37,46.9,57,37,28.9,46,35.6,45,48.9,33.1,43,35.06
50,57.2,61.7,55.4,44.96,48.92,67.64,26.96,36,35.1,46,57,37,27,46,35.6,44.1,48,34.3,42.6,33.08
48.92,55.4,60.08,53.6,42.98,46.04,66.92,28.04,36,33.1,46.9,57,37,24.1,46,33.8,45,46.9,35.8,42.4,35.06
44.96,55.4,59,52.7,44.96,46.04,65.84,26.06,34,32,46.9,55,36,24.1,42.1,35.6,46,46,37,42.1,37.04
46.04,55.4,58.1,51.8,44.06,44.06,64.76,26.06,34,30.9,46.9,55.9,36,25,44.1,35.6,43,46.9,37,42.1,35.96
44.96,55.4,57.02,50,41,44.06,63.86,23,34,30.9,46.9,55.9,36,24.1,43,37.4,44.1,48,37,42.1,33.98
44.96,55.4,56.66,50,41,44.06,62.96,24.08,34,32,46.9,55,37,21,39.9,37.4,44.1,48.9,37,42.1,33.98
44.06,55.4,56.3,48.2,41,42.98,62.24,21.02,34,32,46,55,37,24.1,45,37.4,43,49.3,37,41.7,37.94
44.96,55.4,55.94,50,37.94,42.08,61.34,24.98,32,33.1,45,54,37,21,39.9,35.6,43,49.6,37,41.4,37.04
50,57.2,59.9,53.6,46.94,46.94,62.24,37.04,35.1,35.1,46.9,55,37,26.1,42.1,35.6,45,50,37,41,39.92
57.02,59,64.04,57.2,53.96,51.98,66.02,46.94,39.9,35.1,48.9,57.9,37,28.9,48,35.6,45,53.4,38.3,44.6,46.04
59,60.8,68,62.6,59,55.94,70.34,55.04,44.1,37,50,61,37.9,35.1,55,37.4,48.9,56.7,39.7,48.4,48.02
62.96,60.8,68.36,66.2,64.04,60.08,73.94,57.92,48,42.1,52,64,37.9,41,57.9,42.8,51.1,60.1,41,52,50
60.08,62.6,68.72,69.8,66.02,62.96,77.54,64.04,52,43,54,66,37.9,43,60.1,42.8,52,61,41,55.9,55.04
64.04,62.6,69.08,71.6,68,64.94,80.06,66.92,52,43,54,69.1,37.9,45,64,42.8,53.1,62.1,41,60.1,51.98
60.08,62.6,69.44,69.8,69.98,66.92,81.86,68,54,44.1,55,70,39,46,66,42.8,51.1,63,41,64,53.06
60.98,62.42,69.62,66.2,71.06,66.92,83.12,69.08,54,44.1,57,70,39,46.9,68,42.8,50,62.1,41,62.8,48.92
57.92,61.34,69.98,66.2,69.98,66.92,83.84,69.08,52,44.1,55.9,68,37.9,46,68,41,48.9,61,41,61.3,48.02
55.94,59,68,60.8,64.94,64.04,82.94,62.06,48.9,44.1,50,66,37.9,44.1,62.1,39.4,48,60.1,41,60.1,48.02
53.06,57.2,66.02,59,62.06,60.98,79.16,53.96,43,45,46.9,59,37.9,42.1,57,37.4,43,58.6,40.6,55,48.92
50,55.4,64.04,60.8,57.02,59,75.56,57.92,42.1,46,46.9,59,37.9,42.1,48,37.4,43,57.4,40.3,50,50
50,55.4,64.04,59,50,59,72.5,51.98,39.9,46,46.9,62.1,37.9,41,45,35.6,43,55.9,39.9,45,53.06
48.02,51.8,64.04,60.8,51.08,55.04,69.62,44.96,37.9,46,45,59,37.9,39.9,46,35.6,41,55.6,39.6,42.6,50
46.94,51.8,64.04,59,44.96,53.96,66.92,39.92,37.9,46,48.9,55.9,37.9,39.9,48,35.6,43,55.4,39.4,40.3,48.92
46.94,53.6,62.96,57.2,44.96,55.04,64.94,35.96,36,45,48,55.9,37.9,39.9,46.9,33.8,44.1,55,39,37.9,48.02
46.04,50,62.06,57.2,44.96,53.96,63.32,35.06,36,42.1,48.9,55.9,37,39.9,46.9,32,43,52.7,38.7,37,48.02
44.96,44.6,60.98,57.2,44.06,53.96,62.42,28.04,35.1,39,48.9,55,37,39,46.9,30.2,42.1,50.4,38.3,36,48.02
44.96,46.4,61.34,55.4,42.08,53.06,61.16,26.96,36,36,48.9,55.9,37,39,48,32,41,48,37.9,35.1,46.94
44.06,44.6,61.7,53.6,41,51.98,59.9,24.08,34,37,48.9,55,37,39,48.9,33.8,39.9,46.9,37.9,33.6,48.02
44.06,42.8,62.06,53.6,41,51.08,59,24.98,33.1,37,48.9,55,37,39.9,46.9,33.8,39.9,46,37.9,32.4,46.04
44.06,44.6,62.06,50,39.92,50,57.92,24.98,34,37,48.9,55,37,39.9,46.9,33.8,37,45,37.9,30.9,44.96
46.94,42.8,62.06,53.6,39.92,46.94,58.28,26.06,33.1,37.9,50,55,37,37.9,45,32,36,45.7,37.9,30.9,42.08
48.92,42.8,62.06,53.6,39.02,46.94,58.46,24.98,30.9,39,50,55,37,37,45,32,35.1,46.2,37.9,30.9,37.94
51.08,48.2,62.96,55.4,44.96,48.92,60.26,39.92,35.1,41,50,55,37.9,39,42.1,32,37,46.9,37.9,30.9,44.06
51.08,55.4,64.04,57.2,51.08,55.04,64.94,50,37.9,43,53.1,55.9,37.9,44.1,48,30.2,37.9,48.4,38.7,33.3,46.04
51.08,59,64.94,60.8,59,59,70.34,55.94,39.9,46,55,55.9,39,46.9,53.1,33.8,42.1,49.6,39.2,35.6,48.02
51.98,59,66.38,64.4,62.96,62.96,75.02,59,42.1,48.9,55.9,57,37,48,55.9,35.6,46,51.1,39.9,37.9,48.02
51.98,60.8,67.64,66.2,66.02,64.04,78.08,62.96,46.9,48,57.9,57.9,37.9,48,59,39.2,50,53.1,40.3,43,48.02
53.06,62.6,69.08,68,68,66.02,80.06,64.94,48.9,50,57,61,39,50,62.1,37.4,52,55,40.6,48,48.02
53.96,62.6,67.64,69.8,71.96,66.92,81.5,66.92,51.1,53.1,55.9,63,37.9,52,64,37.4,53.1,57,41,53.1,46.94
53.96,62.6,66.38,68,71.06,66.02,82.04,68,51.1,51.1,57,57.9,37.9,52,64,37.4,55,56.7,41.4,53.4,48.02
53.96,62.6,64.94,64.4,68,64.94,82.4,64.94,51.1,50,55.9,59,39,51.1,62.1,37.4,54,56.3,41.7,53.6,48.02
53.06,60.8,64.22,62.6,62.06,62.06,80.96,57.92,46.9,48.9,54,61,39,48,61,35.6,51.1,55.9,42.1,54,48.02
53.06,57.2,63.68,60.8,57.92,59,77.9,53.06,44.1,48,53.1,60.1,39,41,54,35.6,50,52.9,41.4,51.3,46.94
53.06,57.2,62.96,60.8,55.94,57.02,75.02,48.92,42.1,46.9,53.1,57,39,42.1,48,33.8,48,50,40.6,48.7,46.94
51.98,57.2,62.96,57.2,53.06,53.96,72.5,39.92,39,46.9,51.1,51.1,37.9,35.1,46.9,33.8,45,46.9,39.9,46,46.94
53.06,55.4,62.96,57.2,48.92,51.98,70.34,35.96,37.9,46,50,51.1,37,33.1,48,35.6,46.9,44.2,39,44.4,48.02
53.06,53.6,62.96,57.2,48.92,51.08,68.18,32,37.9,46,51.1,51.1,36,33.1,48,35.6,43,41.7,37.9,42.6,48.02
53.06,53.6,62.96,55.4,46.94,50,66.92,30.02,36,46,48.9,52,35.1,30,50,37.4,45,39,37,41,48.02
53.06,50,62.96,55.4,42.98,46.04,65.12,28.94,34,46.9,48,52,36,28.9,51.1,37.4,42.1,36.7,36.7,39.4,48.02
53.06,50,62.96,53.6,44.06,46.04,64.22,30.02,37,46,48.9,51.1,36,28,50,37.4,44.1,34.3,36.3,37.6,48.02
53.06,51.8,62.6,53.6,41,44.96,62.78,26.06,37,46,48,51.1,37,28,48.9,37.4,48,32,36,36,48.02
53.06,53.6,62.42,51.8,39.92,44.06,61.34,24.08,35.1,45,50,51.1,34,28,48.9,39.2,46,29.7,36,37.2,48.02
51.98,53.6,62.06,51.8,41,42.98,60.08,24.98,37,45,48.9,50,34,27,48,39.2,54,27.3,36,38.7,48.02
51.98,53.6,62.42,48.2,39.92,41,59,24.08,37,45,48.9,51.1,35.1,26.1,50,41,54,25,36,39.9,48.02
51.98,53.6,62.6,50,39.92,39.02,58.82,21.92,37,41,48.9,52,34,23,50,41,52,25.7,36.3,42.6,48.02
51.98,53.6,62.96,51.8,39.02,39.02,58.46,21.92,37.9,37,50,54,35.1,27,48.9,39.2,51.1,26.2,36.7,45.3,48.92
53.06,53.6,63.68,53.6,44.96,44.96,59.9,33.98,39.9,37,48,54,36,26.1,48.9,42.8,52,27,37,48,48.92
53.96,57.2,64.22,57.2,53.06,48.92,64.04,46.04,42.1,41,52,55,37.9,32,50,42.8,51.1,31.3,37.8,48,51.08
55.04,57.2,64.94,62.6,59,55.04,68.9,53.06,44.1,43,52,55.9,43,37.9,53.1,44.6,55,35.6,38.3,48,51.08
55.94,62.6,66.02,64.4,62.96,59,73.04,57.02,48,48.9,51.1,55.9,45,43,55.9,46.4,64,39.9,39,48,53.06
57.02,60.8,66.92,66.2,68,59,76.28,60.98,51.1,52,54,57,45,46,57,46.4,60.1,42.3,39.7,49.6,55.04
57.92,62.6,68,66.2,69.08,60.08,78.44,64.04,53.1,53.1,55,53.1,46.9,48,57,42.8,57,44.6,40.3,51.4,55.94
57.92,62.6,68,68,69.98,60.98,80.06,62.96,55.9,54,55,53.1,46,48,57.9,44.6,55.9,46.9,41,53.1,55.94
55.94,62.6,68,66.2,69.98,62.06,80.78,62.96,55,55,53.1,52,45,48,57.9,44.6,54,46,41,51.4,55.94
55.94,62.6,68,64.4,66.92,60.98,81.32,62.96,53.1,54,51.1,52,45,48,54,44.6,54,45,41,49.6,55.04
55.94,60.8,66.38,62.6,62.96,59,80.06,60.08,50,51.1,50,53.1,39,46.9,52,44.6,51.1,44.1,41,48,53.06
53.96,60.8,64.58,59,60.98,57.92,77.54,57.92,48.9,46,50,54,39,46.9,51.1,44.6,48,42.4,40.6,47.3,51.08
51.98,60.8,62.96,59,57.92,55.04,75.38,51.08,48,45,48,55,36,43,51.1,44.6,46,40.6,40.3,46.8,51.98
50,60.8,62.24,59,59,53.96,73.58,46.94,46,46,48,55,39,43,52,46.4,45,39,39.9,46,48.92
48.02,60.8,61.7,57.2,57.92,53.06,72.14,39.92,46,46,48,57.9,39,37,53.1,44.6,43,36.3,39.2,45.3,50
48.92,59,60.98,57.2,55.94,48.92,70.7,35.96,45,45,46.9,59,37,36,52,44.6,42.1,33.6,38.7,44.8,48.92
50,59,60.98,57.2,57.02,48.02,69.98,39.02,43,45,46.9,60.1,37,34,52,44.6,43,30.9,37.9,44.1,50
50,57.2,60.98,57.2,57.92,48.02,68,35.96,43,45,46.9,57.9,36,36,52,42.8,42.1,32.4,37.9,43.7,48.92
50,55.4,60.98,55.4,55.04,48.02,66.92,42.98,44.1,45,46.9,55,35.1,37,52,42.8,42.1,33.6,37.9,43.3,48.02
53.06,57.2,60.62,55.4,55.94,46.94,65.3,50,43,45,46.9,53.1,35.1,48,54,41,41,35.1,37.9,43,46.94
55.04,57.2,60.44,53.6,55.04,48.92,63.68,46.04,43,45,46.9,53.1,33.1,46.9,54,41,39.9,36,37.6,43.3,48.02
57.02,57.02,60.08,55.4,53.96,48.02,62.24,42.08,42.1,45,46.9,53.1,33.1,43,54,39.2,39.9,37,37.4,43.7,48.02
57.02,57.2,59,55.4,53.06,48.92,60.98,44.06,42.1,45,46,53.1,33.1,43,54,38.1,39,37.9,37,44.1,48.02
57.92,57.2,58.1,55.4,53.96,50,60.62,48.02,42.1,45,44.1,54,32,44.1,54,37.4,37.9,38.7,36.3,44.1,48.02
55.04,57.2,57.02,55.4,53.06,50,60.08,48.02,39.9,44.1,44.1,53.1,32,43,55,37.4,39,39.2,35.8,44.1,48.02
55.04,59,59.36,57.2,55.04,50,61.34,50,42.1,46,44.1,53.1,32,43,55.9,37.4,39.9,39.9,35.1,44.1,48.92
60.98,60.8,61.7,60.8,55.94,53.06,65.3,57.92,46,46.9,48.9,53.1,33.1,45,59,39.2,42.1,44.2,36.7,45.7,48.92
62.06,62.6,64.04,64.4,57.02,55.04,69.98,60.08,50,50,51.1,53.1,33.1,46.9,60.1,39.2,45,48.7,38.3,47.3,51.08
62.96,62.6,64.94,66.74,60.08,55.94,73.94,62.96,53.1,51.1,50,54,34,50,61,44.6,46.9,53.1,39.9,48.9,51.98
66.02,64.4,66.02,68,60.08,55.94,77,60.98,53.1,52,51.1,52,34,50,62.1,48.2,46.9,53.4,41.4,49.6,51.98
66.92,64.4,66.92,68,60.08,55.94,79.16,60.08,55,52,51.1,53.1,34,51.1,63,50,48,53.6,42.6,50.4,51.98
66.92,64.4,66.2,69.8,62.06,53.96,80.6,59,57,52,52,55,35.1,50,60.1,55.4,48,54,44.1,51.1,53.06
62.06,64.4,65.66,66.2,64.04,53.96,81.14,59,55,51.1,55,55,36,48,57,53.6,48.9,55.6,43.7,49.6,51.98
59,64.04,64.94,64.4,62.96,55.04,81.68,57.02,53.1,50,52,51.1,35.1,46,57,51.8,46.9,57.4,43.3,48.4,51.98
57.02,62.6,64.22,62.6,59,55.94,80.24,55.94,50,46.9,48,50,35.1,43,55,50.2,42.1,59,43,46.9,51.08
53.06,60.8,63.68,60.8,59,55.04,77.54,51.98,48,44.1,46.9,52,34,41,55,48.2,42.1,57.9,41.4,46,50
51.08,60.8,62.96,59,57.92,55.94,75.2,44.96,45,41,46,51.1,32,39,53.1,48.2,42.1,57,39.6,45,50
51.08,55.4,62.96,60.8,60.08,55.04,73.22,46.04,45,37.9,43,51.1,30.9,32,53.1,48.2,37.9,55.9,37.9,44.1,50
55.04,55.4,62.96,60.8,60.08,55.04,71.6,46.94,42.1,37,46,51.1,30,35.1,54,48.2,37.9,55.6,38.3,44.1,50
51.08,55.4,62.96,59,60.08,55.94,69.98,46.04,42.1,35.1,46,51.1,28.9,37,50,48.2,39,55.4,38.7,44.1,48.92
55.04,55.4,62.96,59,60.98,55.04,69.08,46.04,39.9,34,45,51.1,26.1,34,48,51.8,39,55,39,44.1,48.92
60.08,55.4,62.96,59,59,55.04,67.46,46.04,37.9,33.1,44.1,51.1,26.1,33.1,46.9,50,36,55,39,43.3,50
60.08,55.4,62.96,59,59,53.96,66.56,46.04,39,28.9,45,51.1,28,34,41,51.8,35.1,55,39,42.8,48.92
60.08,51.8,62.24,59,57.92,53.96,65.3,46.94,41,28.9,45,51.1,28,28,46,46.4,35.1,55,39,42.1,48.92
59,51.8,61.7,59,59,53.96,64.04,48.02,44.1,28,43,51.1,26.1,26.1,46.9,44.6,34,53.8,38.7,42.8,48.02
59,51.8,60.98,57.2,57.92,53.06,63.14,48.02,42.1,28,44.1,52,25,28,46.9,42.8,34,52.3,38.3,43.3,48.02
57.92,50,60.98,55.4,59,51.98,62.06,48.02,41,27,44.1,51.1,25,28,46,42.8,34,51.1,37.9,44.1,48.02
57.92,51.8,60.98,55.4,59,51.08,62.06,48.02,42.1,27,44.1,50,23,24.1,45,42.8,33.1,50.4,37.9,44.4,48.02
59,50,60.98,55.4,60.08,50,61.88,48.02,42.1,28,44.1,51.1,21.9,21.9,45,37.4,34,49.6,37.9,44.6,48.02
59,51.8,62.06,57.2,60.08,50,63.32,48.92,42.1,30,45,51.1,26.1,26.1,46.9,37.4,34,48.9,37.9,45,46.94
60.98,53.6,62.96,57.2,60.08,53.06,67.64,48.92,44.1,28.9,46,51.1,30,35.1,48.9,35.6,35.1,51.3,39.9,45.7,48.92
64.04,57.2,64.04,57.2,60.98,53.96,72.68,48.92,46.9,32,48.9,52,34,39.9,51.1,35.6,39.9,53.6,42.1,46.2,51.08
64.94,60.8,65.3,59,62.96,55.94,77,48.02,46.9,37.9,50,53.1,34,43,53.1,33.8,42.1,55.9,44.1,46.9,51.98
66.92,62.6,66.74,60.44,64.94,57.02,80.06,48.02,48,43,52,54,35.1,45,54,33.8,45,56.3,46,48.9,51.98
66.02,64.4,68,60.8,64.94,57.92,82.04,48.02,48,46.9,52,48,36,44.1,53.1,33.8,48,56.7,48,51.1,53.06
66.02,62.6,67.28,64.4,66.92,57.92,83.48,48.02,50,48.9,53.1,50,36,45,54,33.8,45,57,50,53.1,53.06
68,66.2,66.74,64.4,66.92,59,84.02,48.02,51.1,51.1,54,48.9,35.1,44.1,54,35.6,46,55.8,50,51.1,53.06
57.92,62.6,66.02,64.4,66.02,59,84.38,48.02,51.1,52,53.1,50,33.1,44.1,53.1,35.6,45,54.3,50,48.9,51.08
55.04,60.8,64.76,62.6,62.96,57.02,82.94,46.94,50,48,48.9,48.9,30,42.1,52,33.8,44.1,53.1,50,46.9,50
57.02,60.8,63.32,60.8,60.98,55.04,80.24,46.04,50,43,48,48.9,28.9,37.9,48,33.8,44.1,50,46.6,45,50
55.04,57.2,62.06,59,62.96,53.96,77.72,46.94,50,41,46.9,48,30,37,46,33.8,42.1,47.1,43.3,43,48.92
53.96,57.2,61.34,57.2,62.96,53.06,75.56,46.94,48.9,37,46,48,28.9,37,45,32,42.1,44.1,39.9,41,48.02
55.04,55.4,60.8,57.2,60.98,51.98,73.76,46.94,48,34,46.9,48,28.9,37,46,33.8,41,42.4,37.2,40.6,48.92
55.04,57.2,60.08,53.6,60.08,50,71.96,46.04,48.9,34,46,48,28,37,45,33.8,41,40.6,34.7,40.3,48.92
55.04,55.4,59.72,53.6,59,50,71.06,46.94,48,30.9,46,46.9,27,39.9,45,33.8,39.9,39,32,39.9,48.02
55.04,59,59.36,51.8,57.02,48.02,70.52,46.04,48,30.9,46,46,27,39,45,33.8,37,37.8,32,40.3,48.02
51.98,60.8,59,51.8,57.02,46.94,70.52,44.96,48.9,28.9,45,46.9,26.1,36,45,33.8,37.9,36.3,32,40.6,48.02
51.08,59,59,50,57.02,44.96,70.34,42.98,48.9,28,45,45,24.1,37,44.1,33.8,37.9,35.1,32,41,48.92
50,57.2,59,50,53.96,42.98,69.98,42.98,48,28,45,46,24.1,35.1,44.1,33.8,36,33.4,30.4,40.3,48.02
50,55.4,59,48.2,53.96,42.98,69.98,44.06,48,26.1,45,45,24.1,35.1,43,32,35.1,31.6,28.6,39.7,48.02
48.92,53.6,58.64,48.2,53.96,42.08,69.98,42.98,48,25,45,44.1,23,33.1,44.1,30.2,35.1,30,27,39,48.92
50,50,58.28,46.4,51.08,42.08,68.54,44.06,48,26.1,45,45,23,32,43,30.2,34,29.7,26.2,38.7,48.92
50,53.6,57.92,46.4,50,42.08,67.1,42.08,48,24.1,45,44.1,21,32,43,28.4,35.1,29.3,25.7,38.3,46.04
51.98,57.2,59,51.8,55.04,44.06,67.28,46.94,48,26.1,44.1,44.1,19.9,30.9,42.1,28.4,35.1,28.9,25,37.9,44.96
57.92,60.8,59.9,55.4,57.92,44.96,70.34,55.94,48,28.9,44.1,45,21.9,35.1,42.1,30.2,37,32.9,30,40.3,46.94
60.98,62.6,60.98,60.8,62.06,46.94,74.12,59,48.9,32,45,46,24.1,39,45,30.2,39,37,34.9,42.6,48.02
64.94,66.2,62.06,62.6,64.94,48.92,77,60.98,50,37.9,46,46.9,25,42.1,48,33.8,43,41,39.9,45,48.92
62.96,66.2,62.96,66.2,64.94,50,79.34,60.08,51.1,42.1,46.9,46.9,27,43,48.9,33.8,43,43.7,43.3,45.3,50
62.06,68,64.04,69.44,64.94,51.98,80.42,59,52,46,48,50,28,43,50,35.6,44.1,46.2,46.6,45.7,51.98
60.98,66.2,64.4,71.6,64.94,53.96,80.96,60.08,52,48,46,46,28,43,52,37.4,43,48.9,50,46,51.98
60.98,62.6,64.58,69.8,66.02,53.96,80.78,59,52,50,46,46.9,27,45,53.1,39.2,44.1,48.2,48.9,45.7,53.06
60.98,62.6,64.94,66.2,62.96,53.96,80.24,59,51.1,50,44.1,46.9,25,44.1,54,41,43,47.7,48,45.3,51.98
57.02,62.6,63.68,62.6,60.98,51.08,78.08,51.08,50,46.9,41,46,23,43,52,37.4,42.1,46.9,46.9,45,50
53.06,59,62.24,60.8,59,48.92,75.74,50,48.9,41,39.9,46,19.9,42.1,46.9,33.8,39.9,45.3,44.2,42.6,48.02
50,59,60.98,60.8,57.92,46.04,73.76,48.92,48,41,39.9,45,18,42.1,48,32,37,43.7,41.7,40.3,46.94
48.92,57.2,60.26,57.2,57.02,44.96,72.14,48.02,48,39.9,39,44.1,19,39.9,46.9,30.2,36,42.1,39,37.9,46.94
51.08,55.4,59.72,55.4,55.94,42.98,70.88,48.02,48,37,37,44.1,16,39.9,45,30.2,35.1,39.7,39.4,37.9,44.96
48.92,55.4,59,55.4,55.94,42.08,69.62,44.06,46,35.1,37,43,16,37.9,45,30.2,34,37.4,39.6,37.9,44.96
46.94,51.8,60.08,53.6,53.96,41,69.08,41,46.9,34,37,42.1,14,35.1,44.1,30.2,33.1,35.1,39.9,37.9,44.96
46.04,51.8,60.98,51.8,55.04,39.92,68.18,39.02,46.9,33.1,35.1,39.9,12.9,35.1,42.1,28.4,30.9,32,38.7,36.3,44.06
46.04,51.8,62.06,50,53.96,39.92,68,41,46.9,32,34,41,14,33.1,41,28.4,28,29.1,37.2,34.7,46.04
46.94,51.8,62.06,51.8,53.06,42.08,67.28,37.04,45,32,35.1,41,14,30.9,39.9,28.4,28.9,26.1,36,33.1,46.04
44.96,50,62.06,50,53.96,42.08,66.74,39.92,46,34,32,41,10.9,30.9,37.9,28.4,26.1,26.1,35.6,33.4,44.96
46.94,50,62.06,50,53.06,44.96,66.38,37.04,46,34,33.1,39,12,34,39,28.4,27,26.1,35.4,33.6,44.96
46.94,50,61.7,48.2,53.96,44.96,66.02,33.98,46,33.1,32,41,12.9,35.1,39.9,28.4,24.1,26.1,35.1,34,44.96
46.04,53.6,61.34,48.2,53.06,46.04,64.58,33.98,46.9,32,35.1,39,12.9,35.1,41,28.4,25,25,34,33.3,44.96
44.06,51.8,60.98,48.2,53.06,46.04,63.14,35.06,46.9,30,36,39,10.9,34,39.9,28.4,23,24.1,33.1,32.7,44.96
48.02,53.6,62.06,53.6,53.96,46.94,63.32,39.92,48.9,32,37,41,14,37,39.9,28.4,24.1,23,32,32,46.04
53.06,57.2,62.96,57.2,55.04,50,66.38,46.94,50,36,37,43,17.1,39.9,39.9,30.2,26.1,27.7,34.3,33.6,46.04
57.92,59,64.04,62.6,57.02,53.96,70.16,51.98,51.1,39.9,39,44.1,19,43,39.9,35.6,28,32.4,36.7,35.4,46.04
60.98,60.8,64.76,66.2,57.92,57.02,73.04,55.04,53.1,43,42.1,46,21.9,46,42.1,44.6,30.9,37,39,37,46.94
62.06,60.8,65.3,69.8,60.08,57.92,76.1,57.02,54,44.1,44.1,46.9,24.1,48,44.1,48.2,32,39,41.7,39.4,46.94
60.98,62.6,66.02,71.6,59,59,77.72,57.92,55.9,48,45,48,26.1,50,44.1,51.8,35.1,41,44.2,41.7,46.94
59,64.4,66.02,73.4,57.92,57.92,78.98,59,55.9,48.9,46,50,26.1,51.1,45,55.4,36,43,46.9,44.1,46.94
57.92,62.6,66.02,71.6,59,55.04,79.52,59,55,51.1,45,50,26.1,52,46,57.2,37,41.9,45.3,42.4,46.94
57.02,60.8,66.02,71.6,60.08,53.96,79.7,60.08,55,50,44.1,48,26.1,50,46,57.2,37,41,43.7,40.6,46.94
53.96,57.2,64.94,66.2,57.92,51.98,78.08,57.02,54,48,42.1,44.1,26.1,44.1,46,51.8,37,39.9,42.1,39,46.04
50,57.2,64.04,64.4,55.94,51.98,75.92,53.96,51.1,46,42.1,42.1,26.1,37.9,43,46.4,36,37.2,37.4,36.7,46.04
48.02,57.2,62.96,62.6,55.94,50,74.12,53.06,50,44.1,42.1,41,26.1,36,43,46.4,36,34.7,32.7,34.3,46.04
46.04,55.4,63.32,60.8,55.04,50,72.68,51.08,50,43,42.1,43,26.1,39,41,41,37,32,28,32,46.94
46.04,55.4,63.68,59,55.04,50,71.42,51.08,50,43,42.1,42.1,25,37.9,39,39.2,35.1,29.7,25.7,31.3,46.04
46.94,55.4,64.04,55.4,53.96,50,70.34,50,48.9,42.1,41,39.9,25,37,39.9,37.4,37,27.3,23.4,30.7,46.04
44.96,55.4,64.04,55.4,51.98,50,69.98,46.04,48,42.1,42.1,39.9,25,37.9,39.9,35.6,35.1,25,21,30,46.04
46.04,55.4,64.04,53.6,48.92,50,68.18,48.02,46,41,42.1,39.9,25,37.9,41,33.8,34,23.4,20.7,29.3,46.04
42.98,55.4,64.04,53.6,48.92,48.92,67.28,42.98,48.9,41,41,39,25,37.9,41,30.2,34,21.6,20.3,28.8,46.04
44.06,55.4,64.04,50,48.92,48.92,65.84,44.06,46.9,42.1,42.1,37,25,37.9,42.1,33.8,34,19.9,19.9,28,46.04
42.98,53.6,64.04,50,50,48.92,64.4,44.96,46.9,41,42.1,37.9,25,37.9,42.1,32,34,19.2,19.2,28,46.04
44.06,53.6,64.04,48.2,48.92,50,63.14,44.96,45,41,42.1,36,25,37,41,33.8,35.1,18.7,18.7,28,46.04
46.94,55.4,63.68,48.2,46.04,50,62.06,42.08,45,39.9,43,34,24.1,37,39.9,33.8,36,18,18,28,46.04
46.94,55.4,63.32,46.4,44.96,50,60.98,42.08,45,39,44.1,33.1,23,36,39.9,33.8,36,17.1,19.2,28.4,44.96
46.94,55.4,62.96,48.2,46.94,50,59.9,42.08,43,37.9,44.1,32,23,37,39.9,33.8,37.9,16,20.7,28.6,44.06
48.02,57.2,64.58,55.4,51.08,50,60.44,48.02,43,37,44.1,32,23,39.9,41,33.8,39.9,15.1,21.9,28.9,44.06
55.04,57.2,66.38,60.8,53.96,51.08,63.68,53.06,46.9,41,45,33.1,24.1,43,39.9,37.4,37.9,17.4,24.3,30,44.96
60.08,60.8,68,68,55.04,51.98,67.82,55.94,50,62.1,46,35.1,25,46,41,41,41,19.6,26.6,30.9,44.96
60.98,60.8,68.72,73.4,60.08,55.04,71.06,59,53.1,66.9,45,37.9,27,46.9,42.1,44.6,46,21.9,28.9,32,44.96
57.92,60.8,69.26,78.8,62.06,55.04,73.94,59,54,66.9,45,41,28,48,44.1,44.6,50,25.3,32.4,32.7,44.96
62.06,60.8,69.98,80.6,62.96,55.04,75.38,60.08,57,57,45,44.1,28.9,52,44.1,51.8,51.1,28.6,35.6,33.3,44.96
57.92,60.8,68.9,82.4,66.02,55.04,76.46,62.06,57,51.1,46.9,46,28.9,51.1,44.1,50,50,32,39,34,46.04
57.92,60.8,68,80.6,66.92,55.04,76.82,62.06,57.9,51.1,48,46,28.9,50,45,50,44.1,31.3,38.7,34.3,46.04
59,60.8,66.92,77,66.02,55.04,76.82,60.98,57,52,46.9,44.1,28.9,48,45,48.2,45,30.7,38.3,34.7,46.04
57.02,59,66.56,73.22,62.06,53.06,75.02,55.04,51.1,48,46.9,41,28,46.9,45,46.4,41,30,37.9,35.1,46.04
55.94,59,66.38,69.8,57.92,51.98,71.96,50,48,44.1,46,39.9,28,44.1,43,44.6,39,28.4,33.6,34.7,46.04
55.04,57.2,66.02,66.2,55.94,51.98,69.08,50,46,42.1,45,39,27,46,43,44.6,37.9,26.6,29.3,34.3,46.04
53.96,57.2,66.02,62.6,53.96,51.08,66.56,42.98,45,37,44.1,37.9,24.1,43,42.1,42.8,36,25,25,34,46.04
55.94,55.4,66.02,59,51.98,51.08,64.4,42.08,42.1,37,44.1,36,24.1,37.9,42.1,42.8,36,22.6,23.4,33.3,46.04
55.04,55.4,66.02,57.2,51.08,50,62.24,39.92,42.1,39.9,44.1,36,23,37,42.1,42.8,32,20.3,21.6,32.7,46.04
55.04,53.6,64.94,57.2,51.08,48.92,60.98,37.94,39,37.9,45,34,23,39.9,41,42.8,32,18,19.9,32,46.04
55.04,53.6,64.04,57.2,50,48.02,59.18,37.04,39.9,37.9,45,36,21.9,39.9,39,40.6,30.9,16,19.6,32.4,46.04
55.04,55.4,62.96,53.6,50,46.94,58.28,35.96,39,39,42.1,36,21,41,37,39.2,34,14,19.4,32.7,46.04
55.04,55.4,63.32,55.4,50,46.04,56.84,35.06,37,37,42.1,37,18,41,35.1,39.2,33.1,12,19,33.1,46.04
55.04,51.8,63.68,53.6,50,44.06,55.4,33.08,42.1,34,44.1,37,19,37,34,41,30,12.4,18.7,33.4,46.94
55.04,51.8,64.04,51.8,51.08,42.98,54.14,33.98,37,34,41,35.1,19,36,34,39.2,28.9,12.6,18.3,33.6,46.04
53.96,51.8,64.04,51.8,50,44.06,53.06,33.08,36,32,42.1,34,19,37,34,39.2,26.1,12.9,18,34,46.94
53.96,51.8,64.04,48.2,50,46.94,53.42,32,37.9,32,41,35.1,19,33.1,33.1,37.4,24.1,12.9,19.9,32.9,46.94
53.96,48.2,64.04,51.8,50,46.94,53.42,32,37,32,44.1,36,19.9,30.9,33.1,35.6,30,12.9,22.1,32,46.94
55.04,50,64.94,62.6,51.98,46.94,55.4,35.96,43,34,44.1,37,21,33.1,33.1,33.8,26.1,12.9,24.1,30.9,46.94
55.94,55.4,66.02,66.2,53.96,47.84,60.08,42.08,44.1,36,46,39,23,39.9,33.1,33.8,35.1,16.3,24.4,32.9,46.94
57.02,57.2,66.92,71.6,57.92,48.56,65.3,46.04,50,37,48.9,39,25,44.1,37,39.2,36,19.6,24.6,35.1,48.92
57.92,59,67.64,78.8,62.06,51.8,69.98,51.08,55,39,50,39.9,28,46.9,39,42.8,39,23,25,37,48.92
60.98,60.8,68.36,82.4,64.04,53.06,73.58,55.94,57,42.1,52,41,30,48,42.1,44.6,43,26.1,25.3,37.9,50
59,62.6,69.08,84.2,66.92,57.02,75.92,55.94,54,45,52,41,32,48,44.1,44.6,46,28.9,25.7,39,51.08
60.98,60.8,68.36,84.2,68,60.08,77.9,57.02,55,48,51.1,42.1,33.1,50,45,42.8,46.9,32,26.1,39.9,50
62.06,62.6,67.64,82.4,68,60.08,78.98,57.92,54,50,50,43,32,50,45,42.8,48.9,31.3,26.4,38.7,50
57.92,62.6,66.92,80.6,66.92,60.98,79.7,55.94,54,50,48,41,30.9,50,45,42.8,48.9,30.7,26.6,37.2,48.92
59,59,66.02,73.4,62.06,59,78.8,53.96,52,48,46.9,37.9,30,46.9,44.1,39.2,46.9,30,27,36,46.94
60.08,57.2,64.94,71.6,60.08,55.94,75.92,44.96,50,44.1,46,37.9,28.9,42.1,39.9,37.4,46,28.4,26.2,34,48.02
60.08,53.6,64.04,66.2,59,53.06,73.22,42.08,53.1,42.1,46,37.9,28.9,42.1,36,35.6,44.1,26.6,25.7,32,46.94
60.08,51.8,63.32,64.4,57.92,50,71.06,41,52,45,45,37.9,28,44.1,34,32,44.1,25,25,30,41
57.02,50,62.78,62.6,57.92,48.02,69.08,39.92,51.1,45,44.1,39,28,43,30.9,30.2,44.1,21.9,24.6,28.8,39.92
57.02,51.8,62.06,62.6,57.02,46.94,67.1,37.94,51.1,45,44.1,39,27,45,30.9,30.2,41,19,24.4,27.3,39.92
57.92,48.2,60.62,62.6,57.02,44.06,66.02,35.06,51.1,45,44.1,39,27,45,30,28.4,41,16,24.1,26.1,39.92
57.92,48.2,59.36,59,55.04,42.98,64.22,33.98,50,45,41,37.9,27,46.9,28.9,28.4,39.9,16.7,24.1,25,39.02
57.02,46.4,57.92,59,53.96,42.98,63.14,33.08,51.1,45,42.1,37,27,46.9,30,30.2,37,17.2,24.1,24.1,41
57.92,46.4,57.56,57.2,53.96,42.98,61.7,33.98,53.1,44.1,42.1,35.1,27,46.9,28.9,28.4,36,18,24.1,23,42.08
57.02,44.6,57.38,55.4,55.04,42.08,60.26,33.98,53.1,44.1,42.1,36,27,45,24.1,30.2,33.1,19.2,23.7,22.6,42.08
57.02,46.4,57.02,55.4,53.96,39.92,59.18,30.92,53.1,45,39.9,35.1,27,41,21,30.2,35.1,20.7,23.4,22.3,41
55.94,44.6,56.66,55.4,53.96,39.92,57.92,33.98,53.1,45,39,34,27,41,23,30.2,37,21.9,23,21.9,42.08
55.94,44.6,56.3,53.6,51.98,39.92,58.1,30.92,51.1,44.1,39.9,35.1,28,39,19.9,30.2,36,21.6,22.6,22.6,41
55.04,46.4,55.94,55.4,51.98,41,58.1,32,48,42.1,41,35.1,28,37,19.9,30.2,36,21.4,22.3,23.4,41
55.94,46.4,58.64,59,55.04,42.08,59.72,39.02,48,42.1,42.1,33.1,28,37,21,30.2,37,21,21.9,24.1,41
55.94,55.4,61.34,66.2,57.02,44.06,64.22,46.94,50,43,42.1,35.1,28.9,42.1,26.1,30.2,39.9,24.6,22.3,25.7,42.08
55.04,57.2,64.04,73.4,59,46.04,69.44,53.96,53.1,46,44.1,35.1,30,46.9,30.9,30.2,41,28.4,22.6,27.3,44.06
55.94,59,65.3,77,62.06,52.34,73.94,57.02,55,51.1,44.1,37,30.9,52,32,33.8,45,32,23,28.9,46.94
55.94,60.8,66.74,80.6,64.04,57.2,77.18,60.98,55,54,46.9,39.9,32,55,37,33.8,46,35.1,24.3,31.3,46.94
55.94,62.6,68,80.6,62.96,60.08,79.34,64.04,54,55,46,45,33.1,57,39,33.8,46,37.9,25.7,33.6,48.92
55.94,62.6,67.28,80.6,64.94,62.96,80.96,64.94,54,55,44.1,44.1,33.1,57,39.9,33.8,43,41,27,36,50
55.94,62.6,66.74,77,66.02,64.04,81.68,66.02,55,55,42.1,44.1,33.1,55,42.1,35.6,42.1,39.7,25.7,35.1,46.94
55.94,64.4,66.02,73.4,64.04,64.04,82.22,60.98,54,54,42.1,43,33.1,52,42.1,35.6,42.1,38.3,24.3,34,46.04
53.96,62.6,64.94,69.8,62.06,60.08,80.96,55.94,52,51.1,42.1,42.1,32,48,41,33.8,39.9,37,23,33.1,44.06
51.98,59,64.04,66.2,59,57.92,77.36,53.06,50,48,42.1,41,30.9,48,36,33.8,39.9,34,19.9,30.4,42.08
51.08,57.2,62.96,64.4,57.02,53.96,73.94,51.08,48.9,46,42.1,39,32,48,30,35.6,39.9,31.1,17.1,27.7,42.08
46.94,57.2,62.6,60.8,57.02,51.08,71.06,50,48,46,43,42.1,32,46.9,26.1,35.6,39.9,28,14,25,44.06
46.04,57.2,62.42,59,55.94,48.92,68.36,46.04,48,46.9,42.1,37,32,48,25,35.6,37.9,25.3,15.1,24.3,42.08
46.04,57.2,62.06,59,53.96,48.02,65.84,44.96,48.9,46,42.1,39,32,46.9,27,35.6,36,22.6,16,23.7,39.92
44.96,55.4,61.7,57.2,51.98,46.04,64.04,39.92,48,45,42.1,37.9,30.9,46.9,27,35.6,35.1,19.9,17.1,23,41
44.96,57.2,61.34,55.4,50,44.06,63.68,44.96,48,45,42.1,41,30.9,46.9,27,37.4,35.1,19.6,17.8,21.7,41
46.04,57.2,60.98,55.4,48.02,42.98,63.86,42.08,48.9,45,42.1,42.1,30.9,46.9,27,37.4,36,19.4,18.3,20.3,39.92
44.06,55.4,59.9,55.4,48.02,44.06,63.86,39.92,51.1,45,42.1,42.1,30.9,46.9,28,39.2,35.1,19,19,19,39.02
44.96,53.6,59,53.6,46.04,42.98,63.68,39.02,51.1,45,42.1,42.1,30,46.9,28,39.2,34,18.3,18.3,18.3,41
44.96,53.6,57.92,53.6,46.04,41,63.86,37.94,52,45,42.1,41,28.9,46.9,28.9,37.4,34,17.8,17.8,17.8,39.92
44.06,51.8,57.2,51.8,46.94,39.92,64.04,37.94,51.1,45,43,41,27,42.1,28.9,37.4,33.1,17.1,17.1,17.1,39.92
42.08,51.8,56.66,51.8,46.94,41,63.5,39.92,52,45,43,42.1,24.1,44.1,28.9,37.4,32,20.1,17.4,16.3,39.92
39.92,51.8,55.94,51.8,46.04,39.92,62.78,41,52,45,43,42.1,25,45,28.9,37.4,28,23,17.6,15.8,39.92
42.08,55.4,59.54,53.6,50,39.02,63.86,51.98,54,46,43,41,26.1,42.1,28,37.4,28,26.1,18,15.1,37.94
48.02,59,63.32,57.2,55.04,44.06,67.64,55.94,54,46.9,44.1,41,30,46,27,39.2,28.9,31.5,18.7,18.1,42.98
51.08,60.8,66.92,62.6,57.92,46.04,72.14,57.02,55,48,45,41,32,48.9,36,32,30,36.7,19.2,21,44.96
53.96,62.6,67.64,66.2,62.06,48.02,75.92,60.98,55.9,48.9,46.9,41,33.1,53.1,39.9,32,28.9,42.1,19.9,24.1,46.94
53.96,62.6,68.36,71.6,64.04,51.08,79.34,62.06,57,50,48,42.1,34,55.9,41,33.8,28.9,44.4,21.4,26.1,48.02
53.96,66.2,69.08,73.4,66.92,57.02,81.68,64.94,57.9,51.1,48.9,42.1,35.1,54,44.1,35.6,28.9,46.6,22.6,28,48.02
53.96,68,68.36,73.4,68,62.06,83.48,64.94,57.9,52,51.1,42.1,36,52,44.1,35.6,30,48.9,24.1,30,50
53.96,69.8,67.64,69.8,68,62.96,84.38,64.94,57,52,51.1,43,37,51.1,45,35.6,28.9,48,24.8,29.7,48.02
53.06,66.2,66.92,69.8,64.94,62.96,85.1,62.06,55.9,52,50,43,35.1,51.1,44.1,33.8,28.9,46.9,25.3,29.3,48.02
44.06,64.4,66.02,64.4,60.98,60.08,84.02,55.04,55.9,51.1,46,43,33.1,48,39.9,30.2,28.9,46,26.1,28.9,48.02
48.92,60.8,64.94,61.34,55.94,55.94,80.6,53.96,55.9,50,46,42.1,34,45,37,26.6,28.9,43,25.7,25.9,46.94
42.98,57.2,64.04,59,53.96,53.06,77.36,48.02,55,48,45,42.1,33.1,43,34,24.8,27,40.1,25.3,23,48.02
41,57.2,62.78,57.2,51.08,50,74.66,46.04,57,48,45,43,33.1,39,30,23,26.1,37,25,19.9,44.96
41,55.4,61.34,57.2,51.08,48.02,72.14,44.06,55.9,46.9,45,42.1,30.9,44.1,30.9,23,24.1,36.7,25,19,46.94
39.92,55.4,60.08,55.4,50,48.02,69.62,39.02,54,46,45,42.1,30.9,45,30,21.2,24.1,36.3,25,18,46.94
39.92,53.6,59.36,55.4,50,46.04,68,37.04,53.1,44.1,44.1,42.1,30,42.1,27,19.4,21.9,36,25,17.1,44.06
39.92,53.6,58.64,55.4,48.92,44.96,67.1,35.96,55.9,45,43,42.1,27,43,24.1,19.4,19.9,36.7,25,17.1,44.06
39.02,51.8,57.92,55.4,48.92,42.08,66.92,35.96,64,46,44.1,42.1,30,41,21.9,15.8,19.9,37.2,25,17.1,42.98
39.02,50,57.02,53.6,48.02,44.96,66.2,33.08,64.9,46,42.1,42.1,30.9,39.9,21.9,14,19.9,37.9,25,17.1,42.08
39.02,53.6,55.94,53.6,46.94,44.96,65.66,35.96,64.9,45,41,42.1,28.9,41,19.9,15.8,19,37.9,25.3,16.7,41
37.04,57.2,55.04,53.6,48.02,44.06,65.3,33.98,60.1,46,42.1,42.1,30,41,19.9,15.8,18,37.9,25.7,16.3,39.92
37.94,60.8,55.04,53.6,48.02,42.08,64.94,30.02,53.1,46,43,42.1,30.9,37.9,19,12.2,19,37.9,26.1,16,42.08
37.04,59,55.04,55.4,46.94,41,64.04,28.04,52,46,44.1,42.1,30.9,37.9,19,10.4,18,39.6,26.1,16.3,39.02
37.04,55.4,55.04,55.4,46.94,39.92,63.14,30.92,53.1,46.9,44.1,43,30.9,37.9,18,10.4,16,41.4,26.1,16.7,37.04
39.02,64.4,58.1,59,48.02,42.98,63.86,39.02,52,46.9,45,39.9,30.9,37.9,19.9,10.4,15.1,43,26.1,17.1,41
44.96,66.2,60.98,62.6,51.08,43.88,67.28,46.04,51.1,48.9,46,44.1,32,41,28,15.8,17.1,45,27.3,18.3,42.98
48.02,71.6,64.04,66.2,53.06,45.86,71.6,51.98,51.1,50,46,45,32,50,32,19.4,21.9,46.9,28.8,19.8,44.06
50,73.4,64.94,71.6,53.06,47.48,75.02,55.94,51.1,53.1,46,46,32,55,35.1,24.8,27,48.9,30,21,46.94
51.08,73.4,66.02,73.4,53.96,47.12,77.36,59,51.1,57,46.9,46.9,33.1,55,37,26.6,30.9,49.6,35.1,23.4,48.92
50,75.2,66.92,75.2,57.92,48.92,78.44,59,52,57.9,48,48.9,34,55.9,39,30.2,32,50.4,39.9,25.7,51.08
48.92,75.2,66.56,75.2,59,51.98,78.98,60.08,52,60.1,48.9,50,35.1,55,41,30.2,33.1,51.1,45,28,51.98
48.02,73.4,66.38,75.2,55.94,53.06,78.8,60.98,53.1,57.9,48.9,48,36,53.1,42.1,30.2,33.1,47.7,42.3,27.7,51.98
48.02,73.4,66.02,77,53.96,51.98,78.08,60.08,52,60.1,48.9,46,35.1,51.1,42.1,32,34,44.4,39.7,27.3,50
48.02,68,64.4,71.6,53.06,48.92,75.92,53.06,52,53.1,48,43,35.1,46,41,32,30,41,37,27,50
48.92,66.2,62.6,69.8,53.06,46.94,73.4,46.04,50,53.1,48.9,46,36,45,30.9,30.2,28.9,39.9,35.4,25,48.92
48.92,62.6,60.98,66.2,53.06,46.94,70.88,46.04,48.9,50,48.9,46,36,39.9,28,30.2,27,39,33.6,23,53.06
51.08,62.6,60.62,64.4,51.98,46.94,69.08,39.92,46,51.1,48.9,46,36,39,28,30.2,27,37.9,32,21,53.06
51.08,57.2,60.44,62.6,51.08,48.02,67.28,35.96,45,48,48.9,45,36,34,27,30.2,26.1,37.9,30.7,19.9,53.06
51.08,55.4,60.08,60.8,51.08,48.02,65.66,35.06,42.1,48,48.9,45,36,36,27,28.4,25,37.9,29.3,19,53.06
51.08,60.8,58.46,59,51.08,48.02,64.94,32,39.9,48,48,45,36,30.9,28,28.4,27,37.9,28,18,53.06
51.08,55.4,56.66,57.2,51.08,48.92,63.86,30.92,41,48,48.9,44.1,36,30.9,28.9,28.4,28,38.3,29.7,19,53.06
51.08,55.4,55.04,57.2,50,48.92,63.5,32,39.9,46.9,48.9,43,36,30,30,28.4,27,38.7,31.5,19.9,53.06
51.98,53.6,53.06,57.2,50,48.92,62.78,30.92,37.9,45,48.9,43,36,26.1,28,28.4,27,39,33.1,21,53.06
51.08,55.4,50.9,57.2,48.92,48.92,62.06,30.02,39,45,48.9,43,37,24.1,27,28.4,27,40.3,30.7,21,53.06
51.08,55.4,48.92,55.4,48.02,50,61.52,28.94,37.9,41,48.9,43,36,28.9,28,28.4,27,41.7,28.4,21,51.98
51.08,53.6,48.92,53.6,48.02,50,60.98,28.94,37.9,37.9,48.9,43,36,26.1,28,28.4,26.1,43,26.1,21,48.02
51.98,51.8,48.92,53.6,48.92,50,59.72,28.94,37,39,48,39.9,37,28,28,28.4,26.1,43.3,28,20.7,48.02
51.98,53.6,48.92,53.6,48.92,48.92,58.46,28.94,37,37,48,37.9,37,28,28,28.4,26.1,43.7,30,20.3,48.02
51.98,57.2,53.6,59,48.92,50,58.82,32,37.9,36,46.9,39.9,37,28.9,28,28.4,28,44.1,32,19.9,46.94
53.06,62.6,58.28,64.4,50,50,62.06,42.08,39.9,39,46.9,43,37,35.1,30.9,28.4,28,45.7,33.1,21.6,48.92
53.96,64.4,62.96,67.46,51.08,51.98,66.02,50,48,39.9,48,44.1,37.9,43,35.1,30.2,30,47.3,34,23.4,48.92
55.94,62.6,65.3,69.8,53.06,53.96,69.08,51.98,52,45,48.9,46,39.9,48.9,37.9,32,36,48.9,35.1,25,51.98
55.94,64.4,67.64,71.6,60.08,55.94,72.32,53.96,53.1,50,48.9,46.9,41,50,39.9,33.8,39.9,49.6,36,27,53.06
57.92,68,69.98,73.4,60.08,59,74.12,55.94,54,52,50,46,41,48.9,43,33.8,43,50.4,37,28.9,53.96
59,68,69.98,71.6,60.08,59,75.38,57.92,53.1,54,50,46.9,42.1,48.9,42.1,33.8,42.1,51.1,37.9,30.9,51.08
57.02,69.8,69.98,69.8,62.06,59,76.1,60.08,51.1,54,50,46,42.1,46.9,43,35.6,41,51.4,37.9,30.2,50
55.94,68,69.98,68,60.08,59,76.28,59,50,52,50,45,39.9,45,41,35.6,39.9,51.6,37.9,29.7,48.92
55.04,64.4,68,64.4,55.94,57.02,74.84,53.96,50,46.9,50,45,39,42.1,37,32,37.9,52,37.9,28.9,48.02
53.96,62.6,66.02,60.8,51.98,55.04,72.68,46.94,48.9,44.1,50,45,37.9,39,28,30.2,37.9,51.6,37.6,26.2,48.02
53.96,60.8,64.04,59,51.98,53.96,70.52,41,48,39.9,48.9,44.1,37,41,27,30.2,35.1,51.4,37.4,23.7,48.02
53.96,60.8,60.98,59,51.08,51.08,69.08,39.02,46.9,36,48.9,43,37,39.9,28,30.2,35.1,51.1,37,21,48.02
53.96,57.2,58.1,59.9,50,50,67.64,35.96,42.1,36,48.9,41,36,36,28.9,30.2,34,51.4,37.4,21,48.02
55.04,53.6,55.04,60.8,48.02,48.92,66.38,35.06,39.9,34,48.9,42.1,37,35.1,30.9,28.4,30.9,51.6,37.6,21,46.94
55.04,53.6,55.4,59,46.94,48.92,66.02,33.08,41,33.1,48.9,39.9,37.9,33.1,30.9,28.4,30.9,52,37.9,21,46.94
55.04,50,55.58,59,48.92,50,64.76,30.92,39,30.9,48,39.9,37.9,36,30.9,28.4,32,52.3,39,20.3,46.04
55.94,48.2,55.94,59,48.02,50,64.22,30.02,41,30,48,39.9,35.1,35.1,27,26.6,27,52.7,39.9,19.8,44.96
55.94,48.2,54.32,57.2,51.08,50,63.32,32,41,30,46,42.1,34,34,28,24.8,28.9,53.1,41,19,46.04
55.94,48.2,52.7,57.2,51.08,48.92,62.42,28.04,44.1,30.9,45,39.9,33.1,35.1,28.9,26.6,27,53.4,40.3,19,46.04
55.94,48.2,51.08,57.2,50,48.92,61.7,30.02,44.1,33.1,39,41,32,30,30,23,25,53.6,39.7,19,44.96
55.94,46.4,50.72,57.2,51.08,50,60.98,30.02,43,34,39.9,41,30.9,28.9,28.9,21.2,25,54,39,19,46.04
55.04,51.8,50.36,57.2,51.98,51.08,60.62,30.02,43,33.1,39,43,28,28,26.1,19.4,25,54.3,37,19.8,42.98
55.04,48.2,50,57.2,51.08,51.08,60.08,28.94,43,34,39,45,28.9,28.9,26.1,19.4,26.1,54.7,35.1,20.3,44.06
53.96,51.8,56.3,57.2,50,51.08,61.34,30.92,43,34,39.9,44.1,28.9,28.9,26.1,21.2,25,55,33.1,21,42.98
57.02,57.2,62.78,59,50,51.98,65.3,42.08,44.1,35.1,43,45,30.9,30,28,21.2,26.1,55.8,38.7,22.6,46.04
60.08,60.8,69.08,60.8,50,53.96,69.98,48.92,46.9,37,44.1,46.9,32,37,35.1,28.4,28,56.3,44.4,24.4,48.02
64.04,60.8,69.8,62.6,51.08,55.94,73.94,55.04,50,42.1,46,46.9,34,44.1,37.9,33.8,28.9,57,50,26.1,48.02
62.96,64.4,70.34,64.4,53.96,60.08,77,62.06,52,46,50,48,36,44.1,39.9,35.6,30.9,58.3,51.1,27.3,48.92
62.06,68,71.06,64.4,60.08,62.06,78.62,68,55,46.9,54,50,39.9,46,42.1,37.4,33.1,59.7,52,28.8,51.08
60.08,69.8,70.7,64.4,62.96,62.96,79.88,68,55,50,54,50,41,46,44.1,39.2,35.1,61,53.1,30,48.92
60.98,71.6,70.34,62.6,64.94,62.96,80.42,66.92,55,48.9,52,51.1,39.9,44.1,45,42.8,34,61.7,53.8,30,50
57.92,73.4,69.98,62.6,64.04,62.06,80.6,62.96,52,48,51.1,50,37.9,42.1,45,41,32,62.2,54.3,30,48.92
55.94,64.4,69.26,62.6,59,57.02,78.98,55.94,51.1,39.9,48.9,50,34,37.9,44.1,35.6,30.9,63,55,30,48.02
51.98,64.4,68.72,60.8,55.94,53.96,76.28,51.98,50,37,46,48.9,30.9,37.9,35.1,30.2,30.9,62.1,54,29.3,48.02
50,60.8,68,59,51.98,53.06,73.76,50,51.1,37,45,48.9,28.9,33.1,28,26.6,30,61,53.1,28.8,48.02
48.02,62.6,64.58,55.4,48.92,53.06,71.6,48.02,50,34,45,48.9,30.9,30,27,28.4,28.9,60.1,52,28,46.94
46.94,59,61.34,53.6,48.92,50,69.8,44.96,51.1,34,46.9,48.9,33.1,25,28,26.6,28,58.1,49.3,27.7,46.94
46.94,54.5,57.92,53.6,46.94,48.02,68,44.06,53.1,30.9,46.9,48.9,34,28.9,28,21.2,26.1,55.9,46.8,27.3,42.98
48.02,50,56.3,51.8,46.04,46.94,67.1,42.08,48.9,28.9,48,46.9,30,28.9,30,20.5,26.1,54,44.1,27,46.04
48.02,53.6,54.68,51.8,44.06,44.96,65.84,37.94,48,25,48,46.9,32,26.1,30.9,19.4,26.1,51.3,41.4,27.7,44.96
46.94,51.8,53.06,50,44.06,44.06,65.48,32,46.9,26.1,48,46,30.9,26.1,30,21.2,26.1,48.7,38.7,28.2,44.06
44.06,48.2,52.7,48.2,44.06,44.06,64.76,32,46,24.1,48.9,46,32,24.1,28,15.8,26.1,46,36,28.9,44.06
46.94,48.2,52.34,48.2,41,42.08,64.04,30.02,45,26.1,48.9,46,33.1,23,30.9,15.8,25,43,36,28.9,44.06
44.96,46.4,51.98,48.2,42.08,41,63.5,28.94,46.9,27,52,46.9,34,25,30.9,19.4,24.1,40.1,36,28.9,44.06
44.96,50,51.26,48.2,41,41,62.96,30.02,46.9,28,54,46.9,34,27,30,17.6,24.1,37,36,28.9,42.98
44.96,50,50.72,48.2,41,39.92,62.24,28.04,46.9,28,55,46.9,36,33.1,30,17.6,25,34.3,34.7,28.9,42.98
44.96,50,50,48.2,42.08,39.92,61.34,28.94,48,28.9,55.9,48,37,34,28,17.6,25,31.6,33.3,28.9,39.02
46.94,55.4,55.94,51.8,42.98,42.98,62.24,35.96,46,30,54,48.9,37,33.1,25,17.6,25,28.9,32,28.9,42.08
53.96,59,62.06,55.4,44.96,46.94,66.02,44.06,48.9,32,54,50,39.9,33.1,33.1,21.2,25,32.4,35.4,30.4,39.92
55.04,60.8,68,59.36,48.02,51.08,70.34,50,52,34,53.1,51.1,39.9,34,39,26.6,27,35.6,38.7,31.6,44.06
57.02,62.6,68.72,62.42,55.04,53.96,73.94,53.06,53.1,37,54,52,39.9,34,44.1,33.8,30.9,39,42.1,33.1,46.04
59,64.4,69.26,64.4,60.08,57.92,76.64,55.04,52,37.9,54,53.1,42.1,34,44.1,37.4,34,43.3,44.8,34.7,46.04
59,66.2,69.98,66.2,62.06,60.08,78.08,57.92,51.1,42.1,54,53.1,43,34,45,41,36,47.7,47.3,36.3,46.04
57.92,69.8,69.26,66.2,62.96,60.08,78.98,60.08,51.1,37.9,54,55,45,33.1,46,42.8,34,52,50,37.9,46.04
59,69.8,68.72,66.2,64.94,62.06,79.16,59,50,39.9,55.9,54,44.1,33.1,46.9,42.8,35.1,50.7,48.4,37.6,46.04
57.02,68,68,64.4,62.96,60.98,78.8,57.02,50,37.9,54,53.1,46.9,33.1,46.9,39.2,34,49.3,46.6,37.4,46.04
55.94,64.4,66.02,60.8,57.02,57.02,77,51.98,48,35.1,52,53.1,46,30.9,44.1,32,33.1,48,45,37,44.96
51.98,62.6,64.04,57.2,53.96,55.94,74.12,44.06,48,34,51.1,53.1,43,30.9,37,30.2,30.9,45,43.3,35.8,44.96
51.08,60.8,62.06,57.2,51.98,55.94,71.42,42.08,46.9,34,53.1,54,42.1,30.9,30.9,26.6,30.9,42.1,41.5,34.3,44.06
51.08,57.2,59.72,57.2,48.92,51.98,69.26,37.04,45,30,51.1,54,41,32,28,28.4,32,39,39.9,33.1,44.06
51.08,57.2,57.38,55.4,48.02,48.92,67.1,37.94,45,28,51.1,54,39.9,33.1,28,28.4,30.9,38.3,39,33.1,42.98
51.08,50,55.04,53.6,46.04,48.02,65.3,35.06,43,27,51.1,54,39.9,32,30,30.2,30,37.8,37.9,33.1,42.98
48.92,55.4,54.32,51.8,44.06,46.04,64.22,35.06,43,25,50,52,41,32,30.9,30.2,28.9,37,37,33.1,42.08
48.02,48.2,53.78,51.8,44.06,46.04,62.78,33.98,41,24.1,50,51.1,41,32,30.9,28.4,30,38.3,34.7,32.4,39.92
46.94,50,53.06,50,42.98,42.08,62.06,32,42.1,26.1,48.9,51.1,41,32,32,28.4,26.1,39.7,32.4,31.6,41
50,46.4,51.44,50,42.08,42.08,60.98,33.08,39.9,27,50,50,39.9,32,32,24.8,27,41,30,30.9,41
48.92,46.4,49.64,48.2,42.08,42.08,59.9,35.06,42.1,26.1,48.9,50,39.9,32,32,21.2,24.1,40.3,28.9,30,42.08
46.94,44.6,48.02,48.2,42.08,39.92,59.18,30.92,43,26.1,48.9,48.9,39,30.9,30.9,21.2,24.1,39.7,28,28.9,42.08
46.94,44.6,47.66,46.4,41,39.02,58.28,30.02,42.1,27,46.9,48,39,30,32,23,24.1,39,27,28,42.98
44.96,44.6,47.3,46.4,39.92,39.02,57.92,32,42.1,27,46.9,48.9,39,28,33.1,17.6,23,37.4,28,28.8,42.98
44.96,41,46.94,46.4,37.94,39.02,57.38,32,43,27,46,48.9,39,27,30,19.4,23,35.6,28.9,29.3,44.06
46.94,48.2,53.96,50,41,44.06,58.46,41,42.1,27,48.9,48.9,39,27,30,21.2,23,34,30,30,44.06
53.96,57.2,60.98,53.6,46.94,48.92,62.6,50,44.1,28.9,50,50,41,27,30,24.8,26.1,37.9,33.1,31.3,44.96
57.92,57.2,68,57.2,51.08,51.08,67.1,57.02,45,30,52,51.1,43,30.9,34,30.2,28.9,42.1,36,32.7,44.96
62.06,60.8,69.62,60.8,57.92,55.04,71.06,64.04,48,33.1,52,52,43,32,36,35.6,32,46,39,34,44.96
62.06,64.4,71.42,62.6,60.98,57.02,74.3,66.02,50,36,53.1,53.1,43,34,37,42.8,35.1,46.9,40.6,36.3,46.04
62.96,66.2,73.04,64.4,62.96,59,76.46,69.08,50,37,54,54,42.1,34,39,44.6,37.9,48,42.4,38.7,46.94
62.96,69.8,70.7,64.4,64.94,60.98,78.08,71.96,50,37.9,53.1,54,45,34,39.9,46.4,39.9,48.9,44.1,41,46.04
64.94,73.4,68.36,64.4,66.02,60.08,78.8,71.96,50,37.9,54,54,43,33.1,41,46.4,41,45.9,43,41,44.06
62.96,68,66.02,62.6,64.94,60.08,79.34,71.06,50,37.9,54,52,41,30.9,44.1,46.4,39.9,43,42.1,41,44.06
59,64.4,64.94,60.8,62.96,57.92,78.08,64.04,48,34,54,51.1,39.9,28.9,39,41,36,39.9,41,41,44.06
55.04,62.6,64.04,60.8,57.92,55.04,75.2,60.98,46,30,54,51.1,41,21,35.1,33.8,35.1,37.2,39.9,38.7,44.06
53.96,60.8,62.96,60.8,55.04,51.08,72.32,57.02,46.9,30,55,50,41,17.1,33.1,30.2,34,34.7,39,36.3,44.06
64.04,55.4,60.98,60.8,53.06,48.02,70.16,53.06,41,26.1,55,51.1,39.9,16,28,28.4,32,32,37.9,34,44.96
66.02,53.6,59,60.8,51.98,46.94,68,53.06,37.9,25,55.9,48.9,41,12.9,28,24.8,28,31.3,36,32.7,44.96
68,46.4,57.02,59,50,44.96,66.02,50,36,24.1,55.9,48,42.1,15.1,26.1,24.8,28,30.7,34,31.3,44.06
68,53.6,55.76,59,50,44.96,64.94,44.96,36,19.9,57,46.9,43,14,27,24.8,26.1,30,32,30,42.98
68,46.4,54.32,59,48.92,44.06,63.32,41,36,23,57,46.9,44.1,16,25,21.2,28,29.7,29.3,27.7,42.08
68,48.2,53.06,57.2,48.92,42.98,62.42,42.08,35.1,23,57.9,48,44.1,12.9,25,21.2,27,29.3,26.8,25.3,42.98
68,46.4,51.98,57.2,48.92,42.08,61.16,39.92,34,19.9,57.9,46.9,45,10.9,28.9,21.2,27,28.9,24.1,23,42.08
66.92,44.6,51.08,53.6,46.94,39.02,59.9,39.02,33.1,19,59,46.9,46.9,12,30.9,21.2,28,28.9,22.6,23,42.98
64.94,42.8,50,53.6,46.04,39.92,59,39.92,35.1,19.9,60.1,46,46.9,19,30.9,19.4,27,28.9,21.4,23,42.08
57.02,39.2,49.28,53.6,46.04,39.02,57.92,41,36,17.1,61,46.9,46,18,30.9,19.4,27,28.9,19.9,23,42.98
53.96,42.8,48.74,53.6,41,37.94,57.92,37.04,36,15.1,57,46,48,19,30.9,19.4,28.9,28.9,17.6,22.6,42.08
53.06,41,48.02,53.6,46.04,37.94,57.74,37.94,36,15.1,54,46,46.9,18,30,19.4,30.9,28.9,15.3,22.3,39.92
51.98,46.4,55.04,53.6,46.94,41,59.36,48.92,36,17.1,52,46,48,16,30.9,17.6,30.9,28.9,12.9,21.9,41
51.98,57.2,62.06,55.4,48.02,44.96,63.68,55.04,37,19.9,51.1,48.9,48.9,21,34,24.8,34,30,19.9,24.6,42.08
51.98,57.2,69.08,57.2,48.92,50,68.72,62.06,41,23,51.1,48.9,48.9,21.9,37,30.2,37,30.9,27,27.3,42.98
51.08,60.8,69.44,57.2,51.08,53.96,73.04,66.92,43,25,51.1,50,52,24.1,39,35.6,39,32,34,30,37.04
51.98,62.6,69.62,59,53.06,57.92,76.28,69.08,46.9,26.1,52,51.1,48.9,26.1,43,39.2,43,33.3,36.3,31.3,37.94
51.98,64.4,69.98,60.8,59,60.08,78.44,69.98,48.9,28,51.1,53.1,48,27,45,42.8,43,34.7,38.7,32.7,39.92
51.08,62.6,69.26,62.6,62.06,60.98,80.06,71.96,48,30,52,52,48,28,46.9,46.4,45,36,41,34,39.92
50,64.4,68.72,62.6,64.04,60.98,80.78,71.96,48.9,30,52,50,48.9,28,48,46.4,44.1,35.6,38.7,34,39.02
50,64.4,68,60.8,64.04,60.98,81.32,71.06,48,30,51.1,50,48,25,46.9,46.4,41,35.4,36.3,34,37.94
50,60.8,66.02,59,59,57.92,80.06,64.94,45,30,51.1,51.1,46.9,21,45,39.2,39.9,35.1,34,34,37.04
50,57.2,64.04,57.2,57.92,55.94,76.1,51.98,41,30,51.1,50,45,12,35.1,32,39,32.7,29.7,32.9,35.96
50,57.2,62.06,57.2,53.96,53.06,72.32,46.94,43,30,51.1,50,44.1,12.9,33.1,32,37.9,30.4,25.3,32,35.96
50,51.8,60.44,57.2,53.06,48.02,69.08,46.04,41,28.9,50,50,44.1,10.9,28,26.6,37,28,21,30.9,35.06
51.08,51.8,58.64,57.2,51.08,48.02,66.02,42.98,39.9,28,50,51.1,43,9,33.1,26.6,36,24.4,19.9,29.7,33.08
50,50,57.02,53.6,50,46.04,62.96,42.08,37,28,48.9,51.1,42.1,8.1,34,26.6,36,20.7,19,28.2,35.06
50,53.6,56.66,51.8,48.02,44.06,60.8,39.92,37,28.9,48.9,50,41,10,35.1,24.8,36,17.1,18,27,33.08
50,48.2,56.3,50,48.92,44.06,60.62,35.96,36,28.9,48,50,41,10,33.1,24.8,36,17.8,17.6,26.2,32
46.04,44.6,55.94,51.8,44.96,42.08,61.16,35.96,36,30,48.9,51.1,39.9,7,35.1,23,32,18.3,17.4,25.7,28.94
44.96,46.4,54.32,50,46.04,41,61.16,37.04,36,32,48,51.1,39,6.1,30,21.2,33.1,19,17.1,25,28.94
42.08,44.6,52.7,51.8,46.94,41,61.34,35.06,36,32,46.9,51.1,39,9,27,21.2,30.9,17.4,17.4,25.3,28.04
42.98,42.8,51.08,51.8,44.96,42.08,61.7,35.06,34,33.1,46.9,53.1,39,16,30,19.4,30.9,15.6,17.6,25.7,26.96
42.98,42.8,49.64,48.2,44.96,41,62.06,35.06,34,33.1,46.9,53.1,39,17.1,28.9,19.4,30.9,14,18,26.1,26.96
44.96,41,48.38,48.2,42.08,39.92,61.16,33.08,34,33.1,46.9,52,37.9,19,28,19.4,28.9,15.1,20.3,25.7,26.06
44.96,42.8,46.94,53.6,44.06,39.92,60.08,33.08,35.1,32,46.9,52,37,19.9,26.1,21.2,28.9,16,22.6,25.3,26.06
42.98,46.4,54.32,57.2,46.94,44.06,60.8,44.96,35.1,33.1,46.9,52,37,19.9,28,19.4,28,17.1,25,25,26.06
46.94,53.6,61.7,60.8,48.02,50,64.4,50,37.9,33.1,48,53.1,37,21,30.9,24.8,30.9,20.3,26.6,28,26.96
50,60.8,69.08,62.6,50,53.96,68.54,57.02,41,33.1,50,52,39.9,21.9,32,30.2,34,23.7,28.4,30.9,28.04
51.98,57.2,70.34,64.4,53.06,57.92,71.96,60.08,43,34,53.1,52,42.1,21.9,35.1,37.4,37.9,27,30,34,30.02
55.04,60.8,71.78,66.2,59,59,75.2,62.06,46.9,35.1,54,46.9,43,24.1,36,42.8,44.1,29.3,31.6,38.7,30.02
53.96,62.6,73.04,66.2,62.06,60.98,77.36,62.96,46.9,35.1,51.1,46,45,24.1,37.9,46.4,45,31.6,33.4,43.3,30.02
55.04,64.4,72.32,64.4,64.94,62.06,78.98,62.96,46.9,35.1,52,46,45,25,48,48.2,46,34,35.1,48,30.92
53.96,64.4,71.78,62.6,66.02,64.04,79.7,64.94,48.9,35.1,52,46,45,25,48,50,46,34.7,34.7,48,30.92
53.06,64.4,71.06,60.8,62.96,64.04,80.24,64.94,48.9,35.1,50,46,44.1,25,46.9,50,45,35.2,34.3,48,28.94
50,60.8,69.08,57.2,59,59,78.98,57.02,46.9,35.1,50,45,41,25,43,41,39.9,36,34,48,28.04
44.06,55.4,66.92,57.2,57.02,57.02,75.2,51.98,46,34,48.9,45,39.9,25,43,33.8,39,36,33.3,46.9,28.04
41,53.6,64.94,57.2,53.06,53.96,71.6,50,45,34,48.9,44.1,37.9,25,44.1,30.2,37,36,32.7,46,26.06
39.92,55.4,63.68,57.2,53.96,51.08,68.54,46.94,45,34,50,42.1,37.9,25,44.1,26.6,37.9,36,32,45,24.98
41,51.8,62.24,55.4,55.04,48.92,65.66,44.96,45,35.1,50,42.1,37.9,25,43,26.6,39,37.9,31.3,44.6,19.04
39.92,48.2,60.98,55.4,55.04,48.02,62.96,42.08,45,35.1,51.1,39.9,37,25,43,24.8,39,40.1,30.7,44.4,19.94
39.92,51.8,59.9,55.4,53.96,46.94,60.98,39.92,45,37,50,41,37.9,25,43,21.2,39.9,42.1,30,44.1,23
41,46.4,59,55.4,53.06,44.06,59.72,37.94,45,39.9,48.9,41,37,24.1,42.1,24.8,39.9,42.4,30,44.1,21.92
39.92,46.4,57.92,57.2,51.08,44.06,59.18,37.94,45,42.1,45,39.9,37,25,41,21.2,39.9,42.6,30,44.1,21.92
39.92,44.6,58.28,55.4,48.92,44.96,58.28,37.04,45,41,48,37.9,36,26.1,41,21.2,39.9,43,30,44.1,21.92
39.92,44.6,58.64,53.6,48.02,46.04,57.38,35.96,45,41,46,39.9,35.1,26.1,39.9,19.4,39.9,41,29.7,43.3,21.02
41,44.6,59,53.6,46.94,46.04,56.66,35.96,45,42.1,46,39.9,34,25,39.9,21.2,41,39,29.3,42.8,24.08
42.08,44.6,58.28,53.6,46.94,48.02,55.94,33.08,46,42.1,44.1,39,33.1,24.1,39.9,19.4,37.9,37,28.9,42.1,24.98
44.96,41,57.74,57.2,46.94,48.02,54.86,30.92,46,39,46,37.9,33.1,23,39.9,19.4,37.9,36.3,28.9,38.7,24.98
44.06,42.8,57.02,55.4,48.02,48.02,53.78,33.08,46,39,45,37,33.1,21.9,39.9,19.4,37.9,35.8,28.9,35.4,24.98
44.96,44.6,59.36,60.8,48.02,48.92,54.32,42.08,46,39.9,46,37,33.1,21.9,39.9,19.4,35.1,35.1,28.9,32,26.06
46.04,55.4,61.7,62.6,53.96,51.08,57.56,50,46,36,46.9,37.9,33.1,23,39.9,24.8,37,36.7,30.4,34.3,26.06
46.94,57.2,64.04,64.4,57.92,53.96,61.7,55.94,46.9,39,48.9,37.9,33.1,25,39,30.2,39,38.3,31.6,36.7,28.94
50,57.2,64.76,66.2,62.06,59,64.94,60.08,48.9,44.1,52,41,34,26.1,41,37.4,44.1,39.9,33.1,39,32
55.04,60.8,65.3,66.2,62.06,60.98,68.54,60.98,48.9,39.9,51.1,43,35.1,26.1,43,42.8,50,41,35.4,40.1,33.08
55.94,62.6,66.02,69.8,62.96,62.96,71.06,64.04,48.9,37.9,52,43,37.9,27,44.1,46.4,55,41.9,37.6,41,33.98
55.94,64.4,65.3,69.8,62.96,64.94,72.86,64.94,48.9,37,50,44.1,39,28,46,48.2,55.9,43,39.9,42.1,33.98
55.94,64.4,64.76,68,64.04,64.04,74.12,64.04,50,37,50,44.1,39.9,27,45,48.2,53.1,41.9,37.2,39.4,33.98
55.04,64.4,64.04,68,60.08,64.04,74.84,62.06,48.9,35.1,48.9,44.1,39.9,26.1,45,50,53.1,41,34.7,36.7,33.08
51.98,60.8,63.32,64.4,57.02,60.08,73.94,55.04,48.9,36,48.9,43,37.9,24.1,44.1,46.4,50,39.9,32,34,32
50,57.2,62.78,60.8,53.96,59,71.24,51.98,48.9,36,48,39.9,35.1,25,39.9,35.6,48.9,38.7,30,30.9,32
48.02,57.2,62.06,57.2,53.96,57.02,68.72,48.92,48,35.1,48,41,35.1,25,35.1,28.4,48.9,37.2,28,28,33.08
48.92,55.4,60.44,53.6,51.08,55.94,66.56,42.98,48,35.1,48,42.1,35.1,25,36,28.4,48,36,26.1,25,33.98
48.02,53.6,58.64,51.8,48.92,53.96,64.76,41,46.9,34,46.9,43,36,25,33.1,23,46.9,36.3,25.3,23.9,33.98
48.92,50,57.02,48.2,46.04,53.96,62.96,39.92,46.9,35.1,46.9,43,36,26.1,34,26.6,48,36.7,24.8,23,33.08
48.02,46.4,56.3,48.2,48.02,53.96,62.06,39.02,46.9,34,48,42.1,37,26.1,34,24.8,46,37,24.1,21.9,32
48.02,48.2,55.76,46.4,46.04,53.06,61.52,37.94,46.9,34,52,43,37.9,25,32,23,46.9,38.3,24.1,21,28.94
46.04,44.6,55.04,44.6,44.96,53.06,61.52,39.92,46.9,34,52,41,37.9,25,30,21.2,51.1,39.7,24.1,19.9,28.94
44.06,46.4,53.96,42.8,44.96,50,61.34,39.02,46.9,34,53.1,37.9,37,25,33.1,21.2,50,41,24.1,19,28.94
42.08,46.4,53.06,44.6,44.96,50,60.98,37.04,46.9,34,53.1,39,37,25,34,21.2,50,41.4,24.1,18.7,30.02
44.06,44.6,51.98,42.8,44.96,51.98,60.98,37.94,46.9,34,53.1,41,37.9,25,34,19.4,51.1,41.7,24.1,18.3,30.92
42.98,46.4,51.26,44.6,41,50,60.98,42.08,46.9,34,52,39.9,37,25,33.1,17.6,52,42.1,24.1,18,32
42.08,42.8,50.72,41,42.08,51.08,59.36,44.96,46.9,34,53.1,39.9,39,25,37,17.6,52,42.8,24.8,17.2,32
41,44.6,50,42.8,39.92,51.08,57.74,46.94,46.9,34,54,39.9,39.9,25,37,17.6,51.1,43.3,25.3,16.7,32
41,48.2,53.6,48.2,44.06,53.06,57.74,53.06,46.9,34,55,39.9,42.1,25,37,17.6,51.1,44.1,26.1,16,32
46.04,53.6,57.38,55.4,50,57.02,60.62,55.94,46.9,35.1,55,39.9,44.1,26.1,37.9,24.8,51.1,46.8,27.7,19,33.08
51.08,57.2,60.98,60.8,53.96,62.06,64.22,59,48,34,55,42.1,46,27,39,30.2,53.1,49.3,29.3,21.9,33.08
55.04,60.8,62.6,64.4,55.94,66.02,66.92,60.98,50,34,55,43,48,28,37,35.6,50,52,30.9,25,33.98
55.94,62.6,64.4,69.8,59,64.94,70.16,62.06,53.1,35.1,55.9,42.1,48.9,28.9,35.1,41,46.9,54.3,32,27,33.98
55.04,66.2,66.02,73.4,59,69.08,71.96,64.04,53.1,35.1,55.9,43,50,28.9,33.1,44.6,46,56.7,32.9,28.9,35.06
55.04,66.2,64.94,73.4,60.98,69.98,73.4,64.04,53.1,35.1,55.9,43,51.1,28.9,33.1,46.4,43,59,34,30.9,35.96
53.96,66.2,64.04,71.6,60.98,69.98,74.12,62.96,53.1,35.1,55.9,44.1,51.1,28,33.1,48.2,39.9,57.9,33.3,30.9,35.96
53.06,64.4,62.96,68,59,68,74.48,62.06,53.1,35.1,55.9,43,51.1,27,33.1,46.4,36,57,32.7,30.9,39.02
50,62.6,62.24,62.6,55.04,66.02,73.04,53.96,53.1,36,55,43,51.1,26.1,33.1,44.6,35.1,55.9,32,30.9,41
46.04,60.8,61.7,59,53.06,64.94,69.98,53.06,54,36,57,42.1,50,26.1,32,33.8,33.1,55.6,29.3,28.9,42.08
44.06,53.6,60.98,55.4,51.98,62.06,67.1,48.02,54,36,55.9,42.1,50,26.1,33.1,33.8,33.1,55.4,26.8,27,42.98
42.98,55.4,60.98,57.2,51.08,62.96,64.58,51.98,54,36,55.9,42.1,50,26.1,33.1,26.6,32,55,24.1,25,41
44.06,51.8,60.98,57.2,51.08,60.98,62.6,48.92,54,37,55.9,42.1,48.9,26.1,33.1,28.4,32,55,23.7,26.2,39.92
44.96,53.6,60.98,55.4,51.08,59,60.44,46.94,54,37,55.9,41,50,26.1,33.1,24.8,32,55,23.4,27.7,39.92
44.96,51.8,61.34,53.6,48.92,59,59.18,42.98,54,37.9,57,37,51.1,23,33.1,23,32,55,23,28.9,42.08
42.98,51.8,61.7,53.6,46.94,59,57.74,41,54,37,57,39.9,51.1,19.9,33.1,21.2,32,54.7,24.1,28.9,42.98
44.06,50,62.06,48.2,46.04,59,57.02,37.94,54,36,57,39.9,51.1,16,33.1,19.4,32,54.3,25,28.9,42.98
44.06,48.2,60.44,46.4,48.92,57.92,55.94,35.96,54,37,57,39,50,12.9,30.9,21.2,32,54,26.1,28.9,48.92
46.04,44.6,58.64,42.8,48.92,57.02,54.86,39.92,54,37.9,55,39.9,50,10.9,30,19.4,32,54,26.8,28.6,48.92
48.02,41,57.02,44.6,51.08,55.94,53.96,35.06,54,37.9,55,39,50,12,28.9,19.4,30.9,54,27.3,28.4,48.02
48.92,48.2,57.02,42.8,51.08,53.06,53.06,32,55,37,52,37,50,12.9,28.9,17.6,30.9,54,28,28,48.02
51.98,50,57.02,42.8,51.08,55.04,52.7,33.08,55,36,53.1,36,50,15.1,30,17.6,30,54,28.8,27.7,44.96
51.08,48.2,57.02,44.6,51.08,55.04,52.16,37.94,55,37,52,34,50,16,28.9,15.8,30,54,29.3,27.3,44.06
51.98,48.2,59.72,51.8,51.98,55.04,53.42,39.92,55,37,45,35.1,48.9,18,26.1,15.8,30,54,30,27,42.08
51.08,51.8,62.24,55.4,53.06,59,57.38,48.02,55.9,37.9,43,37.9,46.9,21.9,30,21.2,28.9,54,30.7,28.2,42.08
51.08,53.6,64.94,62.6,55.04,60.08,62.06,48.92,55.9,39,42.1,42.1,48,21.9,32,28.4,28,54,31.3,29.7,42.08
53.96,55.4,66.02,66.2,55.94,60.98,66.02,55.04,55.9,42.1,42.1,43,45,23,32,33.8,30.9,54,32,30.9,42.08
55.94,57.2,66.92,69.8,57.02,64.94,70.34,57.02,57,43,45,44.1,44.1,25,34,37.4,28.9,55.6,33.6,32,44.06
53.96,57.2,68,71.6,57.02,64.94,73.4,60.98,57,45,46.9,44.1,44.1,27,35.1,41,30,57.4,35.4,32.9,44.96
53.96,59,68,71.6,57.02,66.02,75.92,62.96,57,48.9,48.9,45,44.1,30,36,44.6,33.1,59,37,34,42.98
53.06,57.2,68,71.6,57.02,64.94,77.72,62.06,55.9,48.9,48.9,44.1,43,32,35.1,44.6,30.9,58.6,36.3,33.3,42.98
51.98,55.4,68,69.8,55.94,62.06,79.16,60.08,55.9,46.9,48,44.1,42.1,30.9,35.1,44.6,30.9,58.3,35.8,32.7,42.08
51.08,55.4,66.02,68,55.04,60.08,78.98,53.96,55.9,48,46,42.1,39.9,30.9,34,41,27,57.9,35.1,32,39.92
48.92,55.4,64.04,60.8,53.96,57.02,75.56,42.98,55.9,46.9,43,42.1,36,30.9,30.9,33.8,26.1,55.2,36,27,39.92
44.96,53.6,62.06,57.2,53.06,53.96,72.14,42.08,55.9,46.9,43,43,35.1,30.9,26.1,28.4,26.1,52.7,37,22.1,39.02
44.06,53.6,60.44,57.2,53.96,53.96,69.26,41,55.9,46.9,42.1,41,32,32,19.9,24.8,25,50,37.9,17.1,39.02
42.08,53.6,58.64,55.4,51.98,51.98,66.74,51.08,55,46,43,41,30,33.1,18,24.8,27,50,38.3,18.7,35.06
37.94,53.6,57.02,53.6,50,51.08,64.22,48.92,55,46,42.1,42.1,33.1,33.1,17.1,21.2,26.1,50,38.7,20.3,33.98
37.04,53.6,55.94,51.8,51.08,48.02,62.6,46.94,55,45,41,42.1,32,33.1,17.1,20.5,24.1,50,39,21.9,39.02
39.92,53.6,55.04,48.2,51.08,48.02,60.62,48.02,55,45,39,42.1,28,34,23,19.4,21,46.6,38.7,21,39.02
35.96,53.6,53.96,51.8,50,46.04,59.54,46.94,55,44.1,37.9,44.1,28.9,33.1,27,21.2,19.9,43.3,38.3,19.9,35.06
35.96,53.6,56.66,46.4,50,44.06,58.1,46.04,54,44.1,37,42.1,28,34,27,19.4,24.1,39.9,37.9,19,30.02
33.98,53.6,59.36,46.4,50,46.04,56.48,44.06,53.1,44.1,37,42.1,28,34,28.9,17.6,25,38.3,38.3,18.7,33.08
33.98,55.4,62.06,46.4,50,42.98,55.22,42.98,52,43,35.1,42.1,28,34,27,17.6,26.1,36.7,38.7,18.3,30.02
33.98,55.4,60.62,44.6,50,42.08,53.96,42.08,51.1,43,36,42.1,28,34,28,15.8,23,35.1,39,18,30.92
37.04,55.4,59.36,44.6,50,42.08,54.14,41,50,43,35.1,41,28,34,28.9,17.6,24.1,34,38.3,18,33.08
33.08,57.2,57.92,44.6,44.96,42.08,54.14,39.92,50,44.1,34,42.1,27,34,28.9,17.6,26.1,33.1,37.8,18,33.08
37.04,57.2,60.62,53.6,46.04,44.96,55.76,42.08,50,44.1,36,42.1,30,34,30,17.6,27,32,37,18,32
42.98,55.4,63.32,59,50,50,60.26,44.96,50,44.1,36,42.1,30,34,30,19.4,26.1,31.3,35.1,19.6,33.98
48.02,57.2,66.02,64.4,53.06,53.96,65.48,48.02,52,45,37.9,43,34,34,32,26.6,26.1,30.7,32.9,21.4,35.96
51.98,59,68.36,69.8,55.04,57.92,69.98,50,54,46,44.1,44.1,37,35.1,32,30.2,27,30,30.9,23,37.94
53.06,60.8,70.7,71.6,57.02,60.98,73.76,51.98,53.1,50,46,44.1,39,35.1,33.1,33.8,30.9,29.7,30.6,24.1,39.92
53.06,62.6,73.04,73.4,60.98,64.04,76.46,53.06,53.1,51.1,46.9,46,39.9,35.1,36,37.4,30,29.3,30.4,25,41
53.96,60.8,71.42,73.4,62.06,64.94,78.44,55.04,53.1,52,46.9,48,41,36,36,37.4,30.9,28.9,30,26.1,39.92
53.96,60.8,69.62,73.4,62.96,66.02,79.88,53.96,52,53.1,44.1,48,39,36,34,37.4,27,27.7,28.9,26.8,39.02
53.06,59,68,73.4,62.96,64.94,80.78,50,50,53.1,44.1,46.9,36,36,35.1,37.4,26.1,26.2,28,27.3,37.94
50,57.2,66.38,68,57.92,62.06,80.06,46.04,48.9,52,41,45,34,36,35.1,35.6,24.1,25,27,28,37.04
48.02,55.4,64.58,64.4,51.98,57.92,76.28,42.98,46.9,52,42.1,45,34,35.1,33.1,33.8,24.1,23.9,26.1,28,37.04
44.06,55.4,62.96,60.8,50,53.96,72.68,41,46.9,52,44.1,46,34,35.1,30,32,25,23,25,28,37.04
39.92,55.4,60.98,57.2,48.02,51.98,69.62,37.94,46,52,45,43,35.1,34,32,32,24.1,21.9,24.1,28,35.96
39.02,53.6,59,55.4,44.96,48.92,66.74,35.96,46,52,44.1,43,35.1,33.1,30.9,32,26.1,21.9,22.6,27.3,35.06
37.94,53.6,57.02,55.4,41,46.94,64.04,33.98,44.1,52,43,43,36,32,30,32,23,21.9,21.4,26.8,33.98
39.02,51.8,56.3,53.6,41,46.04,62.06,37.04,42.1,53.1,45,39.9,37,30.9,30.9,32,25,21.9,19.9,26.1,33.08
37.94,51.8,55.76,53.6,39.02,44.96,61.34,35.96,39.9,50,46,39.9,39,34,28,32,25,21.6,20.7,25.3,33.08
37.94,51.8,55.04,51.8,39.02,44.06,61.34,33.98,39.9,51.1,46,37.9,39,32,26.1,33.8,26.1,21.4,21.2,24.8,33.08
39.02,50,53.42,50,35.06,44.06,60.8,33.08,41,48.9,46.9,37,39.9,32,24.1,33.8,27,21,21.9,24.1,33.08
41,48.2,51.62,48.2,35.96,44.06,60.44,35.06,39.9,50,46.9,37.9,42.1,32,21,33.8,27,19,21.6,22.5,33.08
42.98,48.2,50,48.2,37.04,42.98,60.26,37.04,39,48,46.9,37.9,42.1,36,19.9,32,26.1,17.1,21.4,20.7,32
37.94,46.4,49.64,46.4,39.02,42.98,60.08,33.08,37,46.9,46,39,41,44.1,17.1,30.2,28.9,15.1,21,19,30.92
33.98,46.4,49.28,46.4,35.06,41,59.18,32,36,46.9,46,37.9,39,46,19.9,30.2,28,10.8,19.4,19,30.92
33.08,44.6,48.92,46.4,35.06,39.92,58.1,32,39,46,46,37.9,37.9,43,24.1,30.2,28,6.3,17.6,19,33.08
33.98,46.4,55.94,51.8,37.04,44.06,58.82,37.04,39,46,44.1,39,37,43,23,30.2,25,1.9,16,19,35.06
41,50,62.96,60.8,42.98,50,62.42,41,39,46,46,39.9,39,43,24.1,30.2,26.1,3.4,17.6,23.4,35.06
51.98,51.8,69.98,66.2,50,53.96,66.56,48.92,41,46.9,46,41,41,43,26.1,30.2,27,4.6,19.4,27.7,35.96
57.92,53.6,70.34,71.6,53.96,57.92,69.98,51.08,43,48.9,46,43,43,46.9,28.9,30.2,28,6.1,21,32,35.06
55.04,55.4,70.7,75.2,57.92,62.06,72.68,53.06,46,50,46,44.1,44.1,48,30.9,30.2,28,7.3,22.3,35.1,35.96
57.02,57.2,71.06,78.8,60.08,64.94,74.12,53.06,48.9,50,46.9,44.1,43,50,32,32,28.9,8.8,23.7,37.9,35.96
57.02,57.2,70.34,78.8,62.06,66.02,75.02,53.96,48,51.1,46.9,44.1,43,50,32,32,28,10,25,41,37.04
57.02,57.2,69.8,77,62.96,68,75.2,53.96,46.9,51.1,46.9,44.1,41,45,33.1,32,26.1,9,22.6,38.7,39.02
60.08,57.2,69.08,73.4,60.08,66.92,74.84,48.92,45,50,46.9,44.1,37,42.1,35.1,30.2,24.1,8.1,20.3,36.3,37.04
51.08,53.6,67.64,68,55.04,62.96,73.04,41,44.1,48,46.9,45,36,42.1,34,28.4,21.9,7,18,34,35.96
42.98,51.8,66.38,64.4,51.08,55.94,70.52,39.02,43,48.9,46.9,45,37,39.9,28,28.4,19.9,7,14.7,32.4,35.96
41,50,64.94,64.4,48.02,53.96,68,35.06,43,50,48,46,37.9,37.9,28,28.4,18,7,11.3,30.6,35.96
37.94,46.4,62.6,62.6,44.96,51.98,66.2,35.96,42.1,48,53.1,48,39,37,28.9,26.6,17.1,7,8.1,28.9,33.08
37.94,48.2,60.26,59,44.96,51.08,64.4,33.08,42.1,48.9,52,46.9,33.1,37.9,28.9,26.6,17.1,6.6,6.6,29.3,33.08
37.04,46.4,57.92,55.4,42.98,50,62.78,33.98,42.1,48.9,51.1,46.9,33.1,37,28,24.8,16,6.4,5.4,29.7,33.08
37.04,44.6,56.66,53.6,42.98,50,62.06,28.94,43,48.9,51.1,46.9,33.1,37,30,21.2,15.1,6.1,3.9,30,33.08
37.94,44.6,55.22,51.8,41,48.02,60.62,33.08,42.1,48,52,46.9,34,37,26.1,19.4,10.9,5,3,30,33.08
39.02,39.2,53.96,51.8,42.98,51.08,59.9,28.94,43,48,52,46.9,35.1,37,26.1,19.4,12,4.1,1.9,30,33.08
37.94,35.6,52.7,51.8,39.92,50,58.82,24.98,43,46.9,51.1,51.1,37,37,23,21.2,10,3,1,30,33.98
35.96,33.8,51.26,51.8,35.96,51.08,57.74,28.04,39.9,46.9,50,55,37.9,36,19.9,19.4,10.9,3.4,2.7,30,35.06
37.04,39.2,50,48.2,37.04,50,56.84,26.96,41,46.9,51.1,55.9,39.9,34,21,19.4,9,3.6,4.5,30,33.98
33.98,35.6,49.28,48.2,37.04,50,55.94,28.04,39.9,46,50,54,39.9,34,23,17.6,6.1,3.9,6.1,30,33.98
33.98,37.4,48.74,48.2,35.06,48.92,53.78,24.08,39.9,46,48.9,53.1,39.9,35.1,23,15.8,7,5.5,7,30.4,33.98
37.04,32,48.02,46.4,35.06,50,51.44,26.96,39,46,50,53.1,41,35.1,23,17.6,8.1,7.3,8.1,30.6,33.98
41,41,55.04,51.8,35.96,50,50.72,35.06,39,46,50,53.1,41,34,23,17.6,8.1,9,9,30.9,33.98
41,48.2,62.06,55.4,39.92,51.98,52.88,42.98,41,46,50,51.1,41,36,23,19.4,10,10.6,10.9,32.4,35.06
44.96,48.2,69.08,59,48.92,53.06,55.76,50,48,46.9,50,51.1,41,39,25,19.4,10.9,12.4,13.1,33.6,37.04
48.92,51.8,70.7,62.6,53.96,53.06,57.92,55.04,50,48,46.9,50,42.1,42.1,28,19.4,14,14,15.1,35.1,37.04
51.08,51.8,72.32,66.2,59,53.96,60.8,55.04,50,50,46.9,48.9,42.1,44.1,30,21.2,18,15.1,16,38.3,35.06
51.98,53.6,73.94,69.8,60.98,55.04,62.42,59,48.9,51.1,46.9,48.9,42.1,46.9,32,21.2,21,16,17.1,41.7,33.98
51.98,55.4,73.22,69.8,62.06,55.94,63.5,59,50,51.1,46.9,50,42.1,50,34,21.2,24.1,17.1,18,45,37.04
51.08,55.4,72.68,69.8,62.06,57.02,63.86,59,48.9,51.1,46,50,42.1,48.9,35.1,21.2,25,17.1,17.6,44.1,37.94
50,55.4,71.96,66.2,60.98,55.94,63.68,57.02,48,51.1,46,48.9,41,50,35.1,21.2,26.1,17.1,17.4,43,37.94
50,51.8,69.26,64.4,55.94,55.94,62.06,51.08,46,48,46,48.9,39.9,46.9,33.1,19.4,26.1,17.1,17.1,42.1,37.04
48.02,51.8,66.74,60.8,53.06,55.04,59.36,39.92,45,45,46,46.9,39.9,48.9,28.9,21.2,26.1,17.1,17.4,43.7,35.96
48.02,48.2,64.04,60.8,48.92,53.06,56.66,33.98,37,44.1,46,46.9,37.9,44.1,28.9,19.4,27,17.1,17.6,45.3,35.96
42.98,46.4,62.06,57.2,46.94,53.06,54.68,37.04,37.9,44.1,45,46,37,43,28,20.1,28,17.1,18,46.9,35.96
39.92,42.8,59.9,55.4,46.04,51.98,52.7,30.02,36,44.1,45,46,37.9,42.1,28,21.2,30,17.8,17.6,46,37.04
37.94,41,57.92,51.8,44.96,51.08,50.9,26.96,34,43,45,45,37.9,37,28,21.2,28.9,18.3,17.4,45,35.96
37.04,41.9,56.66,50,44.06,51.98,50,26.06,33.1,43,45,44.1,37,37.9,28,21.2,30,19,17.1,44.1,35.96
37.04,42.8,55.22,48.2,42.08,53.06,49.1,24.98,32,43,45,43,37,37,28.9,19.9,30,19.4,17.8,43.3,30.92
33.98,41,53.96,48.2,41,51.98,48.92,26.06,30.9,45,44.1,43,37,37,28.9,19.4,30.9,19.6,18.3,42.8,33.08
35.96,41,52.34,46.4,37.94,50,48.2,26.96,30.9,45,43,42.1,37,36,30,17.6,32,19.9,19,42.1,32
35.96,44.6,50.54,46.4,35.96,50,47.66,23,30,45,44.1,41,36,36,30,17.6,33.1,20.7,19,41.4,30.02
35.96,44.6,48.92,44.6,35.96,50,47.3,24.98,32,46,43,41,35.1,37,30,15.8,34,21.2,19,40.6,28.04
35.96,44.6,49.64,44.6,37.94,50,46.94,24.98,34,45,43,39.9,35.1,37.9,30,17.6,34,21.9,19,39.9,26.06
33.98,46.4,50.36,44.6,33.08,51.08,45.86,24.98,33.1,44.1,44.1,39.9,35.1,36,30,17.6,33.1,22.6,18.7,39.6,28.04
35.06,46.4,51.08,44.6,37.04,51.08,44.6,26.96,32,44.1,43,39,35.1,33.1,30,17.6,34,23.4,18.3,39.4,26.06
35.96,46.4,59.36,46.4,37.04,51.08,44.96,35.06,32,44.1,43,39,35.1,36,30,17.6,34,24.1,18,39,24.98
41,51.8,67.64,53.6,39.92,51.08,48.38,44.96,33.1,45,43,39.9,36,37,30,17.6,35.1,24.4,19,40.1,26.96
48.02,53.24,75.92,59,42.08,51.98,52.16,51.08,35.1,46,43,39.9,36,37.9,30,17.6,36,24.6,19.9,41,28.94
51.98,54.32,77.54,66.2,46.94,53.96,55.4,55.94,39,46,44.1,41,37,39,30.9,19.2,36,25,21,42.1,32
51.98,55.4,79.34,69.8,55.94,55.04,59,57.92,43,46.9,46,42.1,37,39,34,20.8,37.9,26.1,22.1,42.8,35.06
51.98,55.4,80.96,71.6,59,57.02,61.34,59,46,46.9,46,43,37.9,41,34,21.2,37,27,23,43.3,35.96
51.08,57.2,80.24,71.6,60.98,55.04,63.14,60.08,46.9,48,46,43,37.9,41,35.1,21.2,39.9,28,24.1,44.1,37.04
51.98,55.4,79.7,71.6,62.06,55.04,64.4,60.08,46,48.9,46.9,42.1,37,41,37,21.2,39,28,24.1,42.6,35.96
51.08,55.4,78.98,69.8,60.08,53.96,64.94,55.94,45,48.9,46.9,42.1,37,41,37,21.2,37.9,28,24.1,41.4,35.06
48.02,53.6,75.92,66.2,55.04,53.06,64.04,48.02,39.9,48,44.1,42.1,36,41,37,19.4,36,28,24.1,39.9,33.98
39.92,50,73.04,62.6,51.08,53.06,60.98,42.08,37.9,48.9,45,43,37,43,37,8.6,36,28,23.7,37.6,28.94
39.02,48.2,69.98,57.2,48.92,53.06,58.1,37.94,36,48,45,42.1,36,41,36,8.6,36,28,23.4,35.4,26.96
35.96,46.4,68,55.4,46.04,51.98,55.58,35.96,36,48,45,41,36,36,34,8.6,34,28,23,33.1,26.96
39.02,48.2,66.02,55.4,42.08,50,53.42,35.96,34,48,45,41,34,35.1,32,6.8,34,28,22.6,32.7,26.96
39.02,48.2,64.04,53.6,44.06,48.02,51.26,33.98,34,48,44.1,43,34,37,33.1,10.4,32,28,22.3,32.4,26.96
37.04,51.8,62.06,53.6,44.06,48.92,50,35.06,32,46.9,43,46,32,36,33.1,10.4,33.1,28,21.9,32,24.08
37.04,51.8,59.9,51.8,41,48.92,49.1,35.06,32,44.1,42.1,44.1,30.9,37,33.1,10.4,33.1,28.4,22.3,30.9,28.94
39.02,51.8,57.92,51.8,41,48.92,48.92,33.08,30.9,43,39.9,51.1,32,37,32,8.6,33.1,28.6,22.6,30,26.06
41,51.8,56.66,51.8,39.92,48.02,48.2,33.08,32,41,37.9,48.9,32,35.1,30.9,10.4,33.1,28.9,23,28.9,26.06
41,51.8,55.22,50,39.02,48.02,47.66,33.08,32,43,37.9,48.9,30.9,35.1,30.9,12.2,32,29.3,23,29.7,26.96
39.02,53.6,53.96,50,42.08,46.94,47.3,33.08,32,45,37,48,30.9,37.9,30.9,10.4,32,29.7,23,30.2,26.96
39.02,53.6,54.32,48.2,41,48.02,46.94,33.98,32,45,37,46.9,32,42.1,32,12.2,32,30,23,30.9,28.04
41,53.6,54.68,50,41,46.94,46.22,37.04,30.9,45,37.9,46.9,32,42.1,39,15.8,32,30,23,30.9,28.04
39.92,53.6,55.04,50,39.92,46.04,45.32,35.96,30.9,45,36,46,32,48.9,44.1,17.6,32,30,23,30.9,24.98
42.98,53.6,59.72,55.4,42.98,46.94,46.22,42.98,32,45,39,44.1,32,48,45,19.4,32,30,23,30.9,26.06
44.06,53.6,64.4,60.8,46.94,50,50,48.92,33.1,46.9,39.9,44.1,32,48.9,48,21.2,33.1,30.4,23.7,36.7,26.96
48.02,55.4,69.08,71.6,53.96,51.98,54.32,53.96,35.1,46.9,42.1,44.1,33.1,50,48,21.2,34,30.6,24.3,42.3,28.94
51.08,55.4,70.7,75.2,55.94,55.94,57.92,57.92,36,48.9,46,44.1,33.1,52,48.9,24.8,36,30.9,25,48,30.02
57.02,55.4,72.32,78.8,57.02,57.92,61.52,60.08,37.9,51.1,48.9,44.1,34,55,50,24.8,37,31.6,25.7,46,30.92
57.92,55.4,73.94,80.6,60.08,57.92,64.04,59,41,52,46.9,43,34,55,53.1,24.8,37,32.4,26.2,44.1,32
57.02,57.2,73.04,78.8,60.98,57.92,65.84,60.98,41,53.1,48,42.1,34,55,53.1,26.6,37.9,33.1,27,42.1,33.08
55.94,55.4,71.96,78.8,62.06,60.08,67.1,60.08,41,53.1,46.9,43,33.1,55,54,26.6,37.9,33.1,26.6,40.5,33.08
55.04,55.4,71.06,73.4,60.08,59,67.82,57.02,41,53.1,46,42.1,32,48.9,54,26.6,37,33.1,26.4,38.7,33.08
53.06,53.6,68.72,69.8,55.04,57.92,66.92,55.04,39.9,52,46,41,32,48,51.1,26.6,37,33.1,26.1,37,33.08
53.06,53.6,66.38,66.2,51.08,57.02,64.4,53.06,39.9,51.1,45,39.9,32,42.1,45,26.6,36,32.7,26.1,36.3,33.08
53.06,51.8,64.04,62.6,48.02,57.02,61.88,53.06,41,50,39.9,39.9,32,45,48,26.6,36,32.4,26.1,35.8,33.08
53.96,51.8,62.42,60.8,50,55.94,60.08,46.04,41,48.9,41,39.9,32,39,46.9,28.4,35.1,32,26.1,35.1,33.08
53.96,51.8,60.62,59,48.02,57.02,58.28,42.08,41,48,39,41,30.9,33.1,45,28.4,35.1,32,26.1,33.4,33.08
55.94,51.8,59,55.4,44.06,57.92,56.66,42.98,39.9,50,37.9,41,30.9,28.9,46,30.2,36,32,26.1,31.6,33.98
55.94,50,59,55.4,42.08,59,55.94,39.92,39.9,50,37.9,41,30.9,30,45,24.8,36,32,26.1,30,33.98
55.04,48.2,59,53.6,42.08,57.92,54.14,39.92,39.9,50,37,42.1,30.9,28.9,39.9,24.8,35.1,32.7,26.1,30.4,33.98
53.96,48.02,59,53.6,42.08,57.02,53.24,39.92,39,50,37,42.1,32,30,37,21.2,35.1,33.3,26.1,30.6,33.98
51.98,48.2,58.64,53.6,42.98,55.04,51.8,42.08,39,50,35.1,42.1,32,30,41,21.2,34,34,26.1,30.9,33.98
51.98,48.2,58.28,50,42.98,55.04,50.36,41,39,50,33.1,42.1,32,28,39.9,21.2,35.1,34,26.1,29.7,35.06
48.02,48.2,57.92,50,37.94,53.06,49.1,41,39,48.9,32,42.1,32,28.9,42.1,21.2,36,34,26.1,28.2,33.98
50,48.2,56.66,48.2,39.02,53.06,48.02,42.98,39,48.9,33.1,42.1,32,28,37.9,21.2,36,34,26.1,27,33.08
50,46.4,55.22,50,39.92,53.06,47.66,42.98,39,48.9,30.9,42.1,32,30,36,19.4,36,34,26.1,26.6,33.08
50,46.4,53.96,51.8,39.92,55.04,47.12,42.08,39.9,48.9,30.9,42.1,32,28.9,37,17.6,32,34,26.1,26.4,33.98
50,46.4,55.22,51.8,39.92,57.02,48.38,41,42.1,48,32,41,33.1,30,35.1,17.6,28,34,26.1,26.1,33.98
51.08,50,56.66,55.4,42.98,59,52.34,41,44.1,48,35.1,42.1,34,34,34,17.6,30,34,27,28,35.06
55.04,51.8,57.92,57.2,46.04,62.06,57.02,41,46,48.9,35.1,39.9,35.1,37.9,43,19.4,32,34,28,30,35.96
57.02,53.6,59.9,62.6,48.92,66.02,60.98,42.98,46.9,50,37.9,39,37.9,37.9,43,21.2,32,34,28.9,32,37.04
60.08,55.4,62.06,66.2,51.98,66.92,65.12,42.98,46.9,52,39.9,39,39,44.1,45,23,36,34.7,30,33.1,39.02
60.08,55.4,64.04,69.8,51.98,68,68,44.06,46.9,53.1,41,39.9,39.9,45,45,24.8,37.9,35.2,30.9,34,37.94
60.08,55.4,63.68,71.6,51.98,71.96,70.52,46.94,48.9,54,43,39.9,39.9,46,45,24.8,39,36,32,35.1,39.02
59,55.4,63.32,69.8,51.08,69.98,72.14,48.02,46.9,54,44.1,41,39.9,45,45,24.8,42.1,33.3,31.6,33.6,39.02
57.92,55.4,62.96,66.2,51.08,69.08,73.4,46.94,46.9,54,43,39.9,37.9,42.1,43,24.8,39.9,30.7,31.3,32.4,37.94
57.02,53.6,62.24,64.4,48.92,68,73.04,46.04,46.9,52,42.1,41,36,37,42.1,24.8,37,28,30.9,30.9,35.06
55.94,55.4,61.7,60.8,48.92,53.96,69.8,44.96,46,48,42.1,41,36,37,37,24.8,36,26.8,30.2,27.9,33.98
55.04,55.4,60.98,55.4,50,55.04,66.74,44.06,46,46,41,39.9,36,36,36,24.8,35.1,25.3,29.7,25,35.06
53.96,53.6,60.98,55.4,46.04,55.94,64.22,42.98,45,45,41,39.9,35.1,35.1,34,24.8,34,24.1,28.9,21.9,35.96
53.96,53.6,60.98,53.6,44.96,55.04,61.88,42.98,45,42.1,39.9,39.9,35.1,34,33.1,24.8,35.1,23.4,29.3,21.9,36.86
51.98,51.08,59.54,51.08,43.88,52.7,59.36,40.46,43.3,42.4,38.3,39.9,32.9,32.5,31.8,27.9,32.5,25,28,23.4,38.12
50,48.38,58.1,48.38,42.62,50.54,57.02,37.76,41.9,43,36.5,39.9,30.9,31.3,30.4,30.7,30,26.6,26.6,24.6,39.74
48.02,45.86,56.66,45.86,41.54,48.2,54.5,35.24,40.3,43.3,34.9,39.9,28.8,29.8,28.9,33.4,27.5,28,25.2,25.9,41.72
45.86,43.34,55.4,43.34,40.46,45.86,51.98,32.72,38.7,43.7,33.1,39.9,26.6,28.6,27.5,36.5,25,29.7,23.5,27.3,43.52
43.88,40.82,53.96,40.82,39.38,43.52,49.46,30.38,37,44.1,31.6,39.9,24.4,27.1,26.1,39.4,22.5,31.1,22.1,28.6,44.96
41.9,38.12,52.52,38.12,38.12,41.36,47.12,27.68,35.6,44.6,29.8,39.9,22.3,25.7,24.6,42.3,19.8,32.5,20.7,29.8,45.86
39.92,35.6,51.08,35.6,37.04,39.02,44.6,24.98,34,45,28,39.9,19.9,24.1,23,45.1,17.1,34,19,30.9,46.22
37.04,35.6,50,33.8,37.04,39.02,42.8,21.02,34.7,45,28.9,37.9,19.2,25,23,45,19.9,34,18,30.9,46.4
33.98,33.8,51.08,33.8,35.06,37.94,44.6,19.04,35.2,45,28,37.9,18.7,26.1,23,43.9,24.1,35.1,19,32,46.58
33.98,35.6,50,33.8,35.96,37.04,42.8,21.02,36,46,28.9,39.9,18,26.1,21.9,43.9,27,35.1,18,32,46.04
33.08,35.6,53.06,41,37.04,39.92,39.2,24.98,37.9,45,28.9,39,19.9,27,23,41,28.9,35.1,16,34,46.04
39.92,44.6,55.94,46.4,39.92,44.06,44.6,33.98,40.1,45,28.9,41,22.1,28.9,24.1,45,30,37,16,32,46.94
48.02,46.4,60.08,51.8,42.98,51.98,51.8,39.92,42.1,46.9,30,42.1,24.1,30,21.9,47.8,30,41,18,32,46.94
50,48.2,60.98,55.4,44.96,57.02,57.2,46.04,44.8,48.9,30.9,44.1,26.8,32,21.9,52.9,30.9,42.1,21,37.9,46.94
51.8,50,62.06,59,48.92,60.08,62.6,50,47.3,48.9,35.1,46.9,29.3,35.1,24.1,57.9,34,45,24.1,41,46.94
53.96,51.8,62.06,60.8,51.98,62.06,62.6,55.94,50,51.1,39,48,32,36,25,59.9,36,45,26.1,41,48.02
53.06,53.6,62.96,62.6,53.96,64.04,66.2,62.06,49.3,51.1,43,48.9,31.3,39,27,61,42.1,45,32,42.1,46.94
53.06,53.6,62.96,62.6,55.04,64.94,66.2,60.98,48.7,50,44.1,48.9,30.7,37.9,28,59,42.1,42.1,33.1,42.1,46.04
56.12,53.6,62.96,60.8,55.04,64.04,66.2,57.02,48,50,43,46,30,37,28.9,50,39.9,39.9,30,39.9,46.04
50.9,51.8,62.06,55.4,51.08,59,66.2,51.98,45.3,48.9,39,44.1,28.4,35.1,28.9,48.9,37.9,37,26.1,37.9,44.96
44.24,48.2,62.06,51.8,50,55.04,62.6,48.92,42.6,46.9,35.1,43,26.6,35.1,28,48.9,37,35.1,21.9,36,44.96
42.62,44.6,60.08,50,48.02,53.06,60.8,44.96,39.9,46,32,43,25,34,25,43.9,35.1,36,21,37,44.96
43.52,46.4,60.08,48.2,44.96,48.92,55.4,42.08,37.9,46,30,42.1,23.9,34,30,43,35.1,36,18,36,44.96
44.24,42.8,57.92,46.4,42.08,48.02,55.4,37.94,36,44.1,32,41,23,35.1,30.9,43,34,37,18,37,44.96
38.48,41,57.92,42.8,39.02,46.94,53.6,37.04,34,43,30.9,41,21.9,33.1,28.9,43,35.1,37,19,36,44.06
38.48,39.2,57.02,41,39.02,46.94,50,35.96,32.9,42.1,26.1,39,20.7,33.1,28.9,43.9,34,35.1,17.1,37,44.06
37.58,37.4,55.94,39.2,37.94,44.06,50,33.08,32,39.9,30,39,19.2,33.1,28.9,42.1,34,37.9,18,37,44.06
37.76,37.4,57.02,39.2,35.96,44.96,48.2,30.92,30.9,39.9,30.9,39,18,33.1,28.9,41,35.1,39,18,35.1,44.06
37.4,37.4,55.04,42.8,35.06,44.96,46.4,30.92,30,37.9,28,39,19.6,33.1,28.9,39.7,35.1,39,18,36,42.98
38.3,35.6,55.04,39.2,35.06,44.96,48.2,26.96,28.9,37.9,28,37.9,21.4,33.1,32,38.3,35.1,37.9,19,36,42.98
39.02,37.4,55.04,39.2,33.98,44.96,46.4,21.92,28,37.9,28,39.9,23,32,30.9,37.2,35.1,39,19.9,36,42.98
36.5,42.8,53.96,37.4,33.08,44.06,46.4,23,28.4,37.9,28,37.9,23,32,30.9,36.9,34,39,21,35.1,42.98
37.4,42.8,55.94,35.6,35.06,44.96,48.2,19.04,28.6,39,27,39.9,23,32,30.9,36,33.1,39,21.9,34,42.98
36.5,42.8,55.04,35.6,33.98,44.06,50,19.94,28.9,39.9,27,43,23,30.9,32,34.9,32,39,24.1,35.1,42.98
37.22,42.8,57.92,42.8,35.96,44.96,48.2,24.98,31.6,37.9,27,43,24.1,30.9,36,34,34,39.9,24.1,36,42.98
46.58,46.4,60.08,48.2,37.94,48.92,55.4,30.92,34.3,39,27,46.9,25,32,37,34.9,33.1,42.1,25,36,42.98
53.78,50,62.06,53.6,42.08,53.06,59,37.04,37,39.9,28.9,50,26.1,33.1,37.9,36,39,44.1,26.1,37,44.06
57.2,55.4,64.04,57.2,42.98,57.92,60.8,41,39.7,42.1,32,52,27,35.1,39.9,38.8,39.9,45,26.1,36,44.96
59.54,57.2,64.94,60.8,44.96,62.96,62.6,42.98,42.3,43,37.9,54,28,35.1,39,39.9,42.1,48,27,37,44.96
57.56,59,66.02,62.6,50,66.92,64.4,46.04,45,44.1,41,54,28.9,36,39,41,44.1,48.9,28.9,41,46.04
59.36,59,64.94,62.6,53.06,71.06,66.2,46.94,44.2,43,43,54,28.2,36,39.9,41.9,46.9,48.9,30,43,44.96
59.36,59,66.02,62.6,55.94,71.96,66.2,48.02,43.7,43,43,53.1,27.7,36,41,41.9,48,45,30,39.9,44.06
60.26,57.2,64.04,62.6,55.94,71.06,66.2,44.96,43,43,37.9,51.1,27,36,43,39.9,46.9,39,30,37,44.06
55.22,51.8,64.04,59,51.08,64.94,66.2,37.04,40.3,42.1,33.1,48.9,24.6,36,43,36.9,44.1,36,28.9,36,44.06
54.32,51.8,62.96,55.4,46.94,57.92,62.6,30.92,37.8,42.1,32,48.9,22.3,33.1,42.1,34.5,42.1,35.1,28,32,44.06
50.36,48.2,62.06,57.2,44.06,55.04,60.8,26.96,35.1,41,34,48,19.9,33.1,42.1,32.9,39.9,34,27,28.9,44.06
51.62,48.2,60.98,53.6,42.08,53.06,57.2,28.04,35.4,39.9,34,48,21.9,30.9,41,32.9,39,32,27,28,42.98
44.06,42.8,60.08,53.6,41,51.98,55.4,24.08,35.6,39.9,32,46.9,24.1,27,41,32.9,37,30,27,25,42.98
42.26,41,59,50,41,51.08,51.8,23,36,39.9,33.1,46,26.1,26.1,39.9,32,35.1,30,28,21.9,44.06
40.64,42.8,57.92,46.4,44.06,51.98,51.8,21.92,34.3,39.9,30.9,46,25.7,28.9,41,30.7,34,28,28.9,23,44.06
40.28,42.8,57.02,48.2,44.96,50,51.8,21.02,32.5,39,32,46,25.3,27,43,28.9,33.1,28.9,30,23,42.98
41,39.2,55.94,44.6,44.06,51.98,50,19.94,30.9,39,30,46,25,27,42.1,27.7,32,30,30,21,42.08
46.22,44.6,55.04,46.4,41,46.94,46.4,19.94,31.3,39.9,30.9,46,24.6,26.1,42.1,26.4,30,28.9,28.9,25,42.08
41.18,41,55.04,46.4,42.08,46.04,46.4,17.96,31.6,39,30,46,24.4,25,44.1,25,30,27,28.9,23,42.08
41.54,44.6,55.04,41,42.98,44.96,44.6,15.98,32,37.9,28.9,46.9,24.1,23,44.1,23.9,30,26.1,28,23,42.08
43.7,42.8,51.98,39.2,42.98,44.96,44.6,19.94,33.3,37,30.9,45,23.7,21.9,44.1,23.5,30,24.1,24.1,23,42.08
51.08,39.2,53.06,39.2,42.08,44.06,44.6,19.94,34.7,37,32,45,23.4,21,44.1,21.9,28.9,24.1,21,19.9,41
50.36,37.4,53.06,39.2,42.08,46.04,42.8,17.06,36,37,32,45,23,19.9,44.1,20.8,28,23,19.9,18,41
51.62,41,55.04,44.6,42.08,46.04,42.8,24.08,37,36,32,46,23.4,23,43,21.9,28,23,21,16,41
49.46,46.4,60.98,53.6,42.98,51.98,48.2,33.08,37.9,36,33.1,46,23.7,23,42.1,23.9,30,25,19.9,19,39.92
55.76,50,62.96,60.8,42.98,60.98,53.6,39.02,39,37,34,48,24.1,30,46,29.8,33.1,30,26.1,25,41
55.22,51.8,64.94,60.8,42.98,66.92,57.2,42.08,39.7,39,35.1,51.1,24.4,28.9,48,32,35.1,34,30,26.1,41
54.5,51.8,66.92,62.6,44.06,71.06,62.6,46.04,40.3,39,36,53.1,24.6,32,50,34.9,37,35.1,35.1,28.9,42.98
57.56,53.6,68,64.4,44.96,73.04,64.4,46.94,41,39,37.9,54,25,37.9,45,37.9,37,37,37,30.9,44.96
57.92,55.4,66.92,64.4,46.04,73.94,66.2,48.02,40.6,39.9,37.9,54,25,39.9,46,41.9,37.9,37.9,39,33.1,44.06
53.96,55.4,66.02,64.4,46.04,75.02,66.2,48.02,40.3,39.9,37.9,54,25,39.9,48.9,39.9,37.9,37.9,39.9,35.1,44.06
53.96,55.4,64.94,64.4,46.94,71.06,68,44.96,39.9,39,37.9,52,25,35.1,48.9,38.8,35.1,37,39.9,34,42.08
51.98,51.8,64.04,60.8,46.04,68,66.2,35.96,39.6,37.9,37,50,25.3,30,46,36,33.1,36,32,32,41
51.08,50,62.96,57.2,46.04,60.08,64.4,32,39.4,36,37,48.9,25.7,28.9,46,34.9,32,36,28,30,39.92
51.08,46.4,62.06,55.4,44.96,55.94,59,28.94,39,34,37.9,48,26.1,27,46.9,34.9,26.1,33.1,23,30,39.92
51.08,42.8,60.98,51.8,44.06,53.06,57.2,28.94,37.9,32,39,46,26.1,27,46,36.9,28.9,30.9,21.9,28.9,39.02
50,39.2,60.08,48.2,44.06,50,55.4,24.08,37,30.9,37.9,44.1,26.1,28,41,41.9,28.9,33.1,19.9,28.9,39.02
53.96,42.8,60.08,46.4,44.06,48.02,53.6,21.92,36,28.9,39,44.1,26.1,27,39.9,41,33.1,32,19,28.9,39.02
51.98,42.8,60.08,44.6,42.98,44.96,51.8,21.92,36,30,37.9,45,26.4,24.1,39.9,37.9,34,34,19,30,39.92
51.08,39.2,57.92,44.6,42.98,44.96,50,21.92,36,28.9,37,46,26.6,23,44.1,37.2,33.1,36,19,28.9,39.92
50,37.4,55.04,42.8,42.08,42.98,50,21.92,36,28,37,46.9,27,23,44.1,37.2,33.1,36,17.1,28,39.92
50,37.4,53.06,39.2,42.98,41,50,21.92,35.6,28.9,37,45,26.6,24.1,44.1,37,33.1,34,17.1,28,39.92
51.08,33.8,53.96,41,42.08,39.02,48.2,19.94,35.4,28,37.9,41,26.4,21.9,43,36.9,34,34,17.1,30,39.92
46.94,35.6,55.94,39.2,42.08,39.02,46.4,17.96,35.1,28.9,37,43,26.1,21.9,45,36.9,33.1,35.1,15.1,28.9,39.92
44.96,33.8,55.94,37.4,42.08,39.02,46.4,19.94,35.1,28.9,37,39,25.3,21.9,43,36.9,34,35.1,18,30,44.06
50,35.6,57.92,37.4,42.08,35.96,46.4,15.98,35.1,27,37.9,37.9,24.8,19.9,43,39.9,35.1,30.9,17.1,28,44.06
55.94,35.6,57.02,35.6,42.08,37.94,44.6,17.96,35.1,27,37.9,37,24.1,19.9,43,39.9,36,33.1,17.1,26.1,44.96
55.76,32,59,39.2,42.08,42.08,46.4,24.08,36.7,27,37.9,37.9,24.1,21.9,44.1,41,36,36,17.1,25,46.04
55.76,44.6,62.96,46.4,42.98,48.02,48.2,32,38.3,27,37.9,41,24.1,23,44.1,41,35.1,37,17.1,25,46.94
60.98,46.4,68,53.6,42.98,55.94,53.6,37.94,39.9,30.9,39,46.9,24.1,23,45,41.9,37,39,19,26.1,46.94
56.48,46.4,69.98,55.4,44.06,60.98,60.8,42.98,40.6,34,39,46.9,24.4,25,46,43.9,37,41,21,28.9,48.02
60.98,48.2,71.06,57.2,44.96,64.04,64.4,46.04,41.4,36,39,48,24.6,26.1,48,43.9,37.9,44.1,25,30,48.02
61.16,50,71.06,59,44.96,66.92,66.2,50,42.1,39,39.9,48,25,27,48.9,46.9,39.9,46.9,28,30.9,48.02
60.98,53.6,69.98,55.4,46.04,69.98,66.2,51.08,42.1,39.9,39.9,48,25,28,50,46.9,41,48,30,33.1,48.02
57.02,53.6,69.08,55.4,44.96,69.98,69.8,48.92,42.1,42.1,39.9,48,25,28,48.9,45.9,43,48.9,32,35.1,46.94
57.02,53.6,68,55.4,46.04,68,69.8,46.94,42.1,41,39,46.9,25,28,48,44.1,41,48,30,35.1,46.04
57.02,50,66.02,53.6,44.96,60.08,66.2,39.92,41.7,36,39,44.1,25,28,44.1,41,37.9,42.1,25,32,44.96
57.02,48.2,66.02,53.6,44.96,55.94,62.6,39.92,41.4,34,39,42.1,25,28,43,37.2,37,41,19.9,30.9,42.98
59,46.4,64.04,51.8,44.96,53.06,60.8,35.96,41,32,39,42.1,25,27,42.1,34,33.1,39,21,28,42.98
60.08,44.6,62.96,51.8,44.96,50,55.4,35.96,39.9,28.9,37.9,41,24.6,27,41,32.9,30.9,37,21.9,26.1,42.98
60.08,44.6,62.06,51.8,44.96,46.04,51.8,33.98,39,28,37.9,41,24.4,27,39,30.9,30,37.9,21.9,25,42.98
60.98,42.8,60.98,51.8,44.96,46.94,51.8,33.08,37.9,27,39,41,24.1,26.1,34,29.8,28.9,36,21.9,23,41
60.08,42.8,59,50,44.96,46.04,51.8,33.08,37.9,25,37.9,39.4,23.7,26.1,34,29.8,27,39.9,21.9,23,42.98
60.98,41,57.92,50,44.06,44.06,48.2,32,37.9,26.1,37.9,37,23.4,26.1,36,28.8,28,37.9,21,21.9,42.98
60.98,42.8,57.92,50,42.98,44.06,48.2,30.02,37.9,26.1,39,37.9,23,26.1,35.1,28.2,24.1,39.9,21,21,42.98
55.94,37.4,55.94,48.2,42.98,42.98,48.2,30.02,37.9,25,37.9,37.8,23,26.1,34,27.7,23,37.9,21,19.9,42.98
56.48,41,57.02,48.2,42.08,39.02,48.2,26.06,37.9,25,37.9,39,23,26.1,33.1,27,28,37,21.9,19.9,42.98
51.98,42.8,55.94,48.2,42.08,39.02,44.6,26.96,37.9,26.1,37.9,37.9,23,26.1,33.1,26.8,28,39,24.1,19.9,42.98
51.08,41,53.06,48.2,41,39.02,42.8,28.94,38.7,26.1,37.9,37.6,23,26.1,32,27,28,42.1,24.1,19.9,42.08
53.06,42.8,55.94,48.2,41,37.94,44.6,28.94,39.2,26.1,39,35.8,23,26.1,30.9,27.9,33.1,39.9,25,21,42.08
53.06,42.8,57.02,48.2,41,35.96,42.8,28.04,39.9,26.1,37.9,37.9,23,27,30.9,27,36,42.1,26.1,23,39.92
55.04,44.6,59,50,41,39.02,44.6,32,40.3,26.1,37.9,39,23.4,28,30,25.9,37.9,43,25,21.9,39.92
58.82,46.4,62.06,51.8,41,39.02,48.2,37.94,40.6,27,39,41,23.7,28,32,28.9,37.9,45,25,23,42.08
62.24,50,66.02,51.8,42.08,42.08,51.8,44.06,41,28.9,39.9,44.1,24.1,28.9,36,30.9,42.1,46,25,26.1,42.98
64.94,51.8,69.08,51.8,42.98,44.06,59,50,42.1,33.1,42.1,46.9,24.4,30,39,27.9,48,52,26.1,27,44.06
64.94,50,71.96,48.2,44.06,51.98,64.4,55.04,43,36,43,50,24.6,30.9,39,30.9,50,53.1,27,28,44.06
65.84,51.8,73.94,48.2,44.06,57.92,66.2,57.92,44.1,37.9,45,51.1,25,30.9,39.9,30.2,51.1,53.1,28,28.9,44.96
63.5,51.8,69.98,48.2,46.04,60.08,69.8,62.96,44.1,39.9,45,51.1,24.6,30.9,39.9,28.9,51.1,54,28,30,44.06
60.8,53.6,69.98,48.2,46.04,60.08,71.6,62.96,44.1,41,44.1,50,24.4,32,42.1,25.9,51.1,54,28,30,44.96
59.36,51.8,69.98,48.2,44.96,60.08,71.6,60.98,44.1,39.9,42.1,43,24.1,32,39.9,27,48,53.1,28.9,35.1,44.06
59.72,51.8,66.92,48.2,42.98,55.94,69.8,60.98,44.4,39,41,43,24.1,30.9,39,26.1,50,52,28.9,39,42.98
58.46,51.8,66.02,48.2,42.98,51.08,66.2,57.92,44.6,37.9,41,41,24.1,30.9,37,25.9,46.9,50,28.9,39,42.08
57.56,51.8,66.92,46.4,42.08,48.92,62.6,55.94,45,37,39.9,41,24.1,30.9,37.9,25,48,48,28.9,33.1,42.98
57.38,51.8,66.92,44.6,42.08,46.04,62.6,53.06,45,37,39.9,45,24.4,30.9,39,25.9,45,48,28.9,35.1,42.08
56.12,51.8,68,44.6,41,46.04,59,53.06,45,37,39.9,42.1,24.6,30.9,39,25.9,46,48.9,28,37.9,42.08
57.56,50,68,44.6,41,44.06,60.8,57.02,45,35.1,39.9,41,25,30.9,39,27,50,48.9,28,35.1,42.08
56.48,51.8,66.92,42.8,41,42.98,60.8,53.06,45.3,34,39.9,39.9,25,30.9,37.9,27,46,48.9,28,33.1,42.08
52.34,50,68,41,39.92,41,57.2,57.02,45.7,34,39.9,36,25,30.9,37,26.4,48,48,28.9,33.1,41
50.36,50,68,39.2,39.92,42.08,56.3,48.92,46,34,39.9,37.9,25,30.9,37,26.4,46,46.9,28,34,39.92
53.6,50,66.92,39.2,39.92,39.92,55.4,46.04,46,34,39.9,34,25,32,37,26.2,46.9,46,28.9,33.1,35.06
48.56,48.2,66.92,39.2,39.92,37.94,55.4,46.04,46,34,39.9,33.1,25,30.9,36,26.1,48,45,28,33.1,33.98
47.3,48.2,62.96,37.4,39.02,37.04,55.4,48.92,46,33.1,39.9,37,25,30.9,35.1,26.2,45,45,28.9,33.1,33.98
45.86,44.6,62.06,37.4,39.02,37.04,55.4,50,46,33.1,39.9,34,24.3,32,35.1,27,46.9,45,28.9,33.1,33.08
46.04,39.2,60.98,37.4,37.94,35.96,55.4,46.94,46,32,39,30.9,23.7,32,33.1,28.9,48,45,28.9,33.1,32
48.02,42.8,60.98,39.2,37.94,35.06,55.4,37.94,46,33.1,39,32,23,32,32,27.9,51.1,43,28.9,33.1,32
42.08,44.6,62.06,39.2,39.02,37.04,55.4,46.94,46,33.1,39.9,34,23.4,32,30.9,27.9,51.1,43,28.9,33.1,32
51.08,46.4,64.04,46.4,39.02,44.06,60.8,53.06,46,35.1,39.9,33.6,23.7,32,32,27,53.1,43,30,33.1,33.08
55.94,50,62.96,48.2,39.92,48.92,64.4,59,46,37,39.9,36,24.1,33.1,33.1,27.9,57,45,30.9,34,35.06
57.92,55.4,64.94,51.8,41,53.96,68,60.98,46.4,39.9,42.1,37.9,24.4,33.1,37,27.9,57.9,50,30.9,34,37.04
55.94,53.6,64.94,51.8,42.08,57.92,71.6,60.98,46.6,41,41,37.9,24.6,34,46,27.9,59,55,32,37.9,37.94
57.92,55.4,64.94,53.6,44.96,60.08,73.4,60.98,46.9,45,41,41.2,25,35.1,46.9,28.6,62.1,55,32,44.1,39.02
57.92,53.6,66.02,55.4,46.04,64.04,75.2,60.08,48.4,45,43,41.2,25.7,35.1,46.9,28.9,63,53.1,33.1,45,37.94
55.94,53.6,66.02,55.4,46.94,64.04,75.2,60.08,49.6,46,44.1,41,26.2,35.1,48,28.9,62.1,52,33.1,44.1,37.94
55.94,53.6,64.04,55.4,48.02,62.06,75.2,55.94,51.1,44.1,44.1,37.9,27,35.1,48,27,57,48.9,33.1,43,37.94
55.04,51.8,64.04,53.6,46.94,57.92,73.4,53.96,51.1,41,43,34,26.6,35.1,46.9,26.6,55,44.1,33.1,39.9,37.94
51.98,53.6,62.96,53.6,46.04,53.96,71.6,51.98,51.1,39,44.1,34,26.4,35.1,45,27,54,42.1,33.1,36,37.94
53.78,51.8,60.08,53.6,44.06,50,69.8,50,51.1,39,44.1,37.2,26.1,35.1,41,26.2,48.9,39,33.1,35.1,37.94
53.78,53.6,60.98,51.8,42.08,46.94,64.4,46.94,50.7,37,43,36,26.4,35.1,39,25.9,48,37,34,36,37.04
55.4,51.8,60.08,51.8,42.98,46.94,62.6,44.06,50.4,36,43,32.4,26.6,35.1,39,25,45,30,34,37,37.04
55.22,51.8,59,51.8,44.06,44.96,60.8,42.98,50,36,43,33.3,27,35.1,39,25,44.1,34,33.1,37,35.96
54.14,51.8,59,50,42.98,44.96,60.8,41,50.4,36,43,33.1,26.6,35.1,39,25,41,35.1,32,36,33.98
54.68,50,59,48.2,42.98,44.06,60.8,37.94,50.7,36,43,33.1,26.4,35.1,37.9,24.3,37.9,39,33.1,33.1,33.08
54.86,48.2,59,48.2,44.06,39.92,55.4,35.96,51.1,35.1,43,34,26.1,32,37.9,24.3,37.9,37.9,34,33.1,33.08
53.78,51.8,59,48.2,42.98,39.92,55.4,33.98,51.1,35.1,43,36,26.1,32,37.9,24.1,39,37,33.1,33.1,33.08
53.78,53.6,57.92,50,42.98,37.94,53.6,32,51.1,35.1,43,39,26.1,32,37.9,23.9,35.1,30.9,32,33.1,33.08
53.96,51.8,57.92,48.2,44.06,37.04,51.8,30.02,51.1,34,43,37.9,26.1,30.9,37.9,23.9,37.9,30.9,32,32,33.08
54.32,50,59,48.2,42.98,35.96,53.6,30.02,51.1,34,42.1,37.9,27,30,37.9,23.9,39,28.9,33.1,32,33.98
53.6,50,59,48.2,42.08,35.96,51.8,28.04,51.1,33.1,42.1,39,28,32,37.9,23.9,37,30,30.9,30.9,33.98
54.14,51.8,57.92,48.2,44.06,35.06,51.8,28.94,51.1,34,42.1,43,28.9,32,37.9,25,37.9,28.9,30.9,32,35.06
53.42,50,60.98,50,44.06,39.02,53.6,30.02,51.1,33.1,42.1,43,30,32,37.9,25,36,28,30,32,35.96
54.14,51.8,62.96,51.8,46.04,44.96,55.4,41,51.1,34,42.1,44.1,30.9,34,37.9,25,36,32,28.9,32,35.96
54.32,53.6,66.02,53.6,46.94,51.98,60.8,46.04,51.1,35.1,43,46.9,32,35.1,39,25.9,39,37,28.9,32,37.04
51.44,53.6,64.04,53.6,48.02,57.02,64.4,50,52.3,39,46,48,33.3,37.9,39.9,25,42.1,43,30.9,32,37.04
51.44,55.4,66.02,53.6,50,60.98,69.8,53.06,53.8,43,48,45,34.7,39,41,27,45,46,32,32,37.94
56.12,57.2,66.02,53.6,53.06,62.96,71.6,55.04,55,44.1,48,43,36,42.1,43,27.9,50,48.9,33.1,37,39.02
54.86,57.2,66.02,53.6,57.02,64.94,73.4,55.94,54.3,43,48,42.1,36.3,43,44.1,27.9,50,46.9,34,36,39.92
54.86,57.2,66.02,51.8,59,66.02,75.2,57.02,53.8,42.1,48,42.3,36.7,42.1,44.1,30.9,46.9,46.9,34,36,41
53.78,57.2,64.94,51.8,57.02,64.04,75.2,55.04,53.1,37.9,48,41.4,37,39,44.1,30.9,50,44.1,33.1,37,37.94
52.34,55.4,64.04,51.8,53.06,60.08,73.4,48.92,53.1,36,46.9,42.3,37.9,39,44.1,30.9,44.1,39.9,32,34,37.04
45.5,53.6,62.96,50,50,55.94,71.6,46.04,53.1,35.1,46.9,41,39,37.9,43,30.9,39.9,37,30.9,34,35.96
46.04,53.6,62.96,51.8,46.04,53.96,66.2,37.94,53.1,32,46.9,41,39.9,37.9,39,28.9,46,37,30,33.1,35.06
44.96,53.6,62.96,51.8,46.04,51.08,64.4,35.96,53.1,32,48,44.1,39.6,37,36,28.4,43,36,28.9,32,33.98
44.24,53.6,62.06,48.2,46.04,48.02,64.4,35.96,53.1,30,48,44.1,39.4,37.9,33.1,27.9,43,36,26.1,30,33.98
44.42,51.8,60.08,48.2,44.06,46.94,60.8,32,53.1,28,46,43,39,37,35.1,25.9,41,36,24.1,28,33.08
44.6,51.8,59,48.2,46.04,44.96,60.8,32,53.1,28,46.9,43,39,37,37,25,37.9,32,23,28,35.06
44.6,51.8,62.06,48.2,46.04,44.06,60.8,28.94,53.1,28.9,48,43,39,37.9,37.9,23.2,37.9,30,24.1,27,35.96
43.88,51.8,60.98,48.2,44.96,42.98,57.2,30.02,53.1,30,48.9,43,39,37.9,37.9,22.1,37.9,33.1,25,27,35.96
44.06,51.8,60.08,48.2,44.96,41,57.2,28.94,53.1,30.9,48.9,43,38.7,37.9,37.9,20.8,37,32,24.1,28,35.96
43.7,51.8,60.08,50,44.96,41,55.4,26.96,53.1,30.9,48.9,42.1,38.3,37.9,37.9,19.4,37.9,33.1,25,28.9,35.96
44.78,51.8,60.08,50,46.04,41,53.6,30.02,53.1,30.9,48.9,41,37.9,37.9,39,18.3,33.1,30.9,25,28.9,35.06
43.16,51.8,59,50,46.94,39.92,55.4,26.96,53.1,30.9,50,39,37.9,37,39,18,33.1,27,25,28.9,35.06
42.8,51.8,57.92,50,46.04,37.94,55.4,28.04,53.1,30,51.1,39.9,37.9,37,37,14,32,30.9,26.1,28.9,33.08
42.26,51.8,55.94,50,46.04,37.94,53.6,28.04,53.1,30,52,39.9,37.9,37,34,16.9,33.1,30,26.1,30,32
42.26,53.6,55.04,50,46.04,39.02,53.6,30.02,51.6,30,52,39.9,38.7,37,34,18.9,32,30.9,26.1,30,33.08
43.34,53.6,60.08,51.8,50,44.06,53.6,35.96,50.4,30,52,39.9,39.2,37.9,36,18.9,34,33.1,26.1,30,33.08
43.7,53.6,57.92,53.6,55.94,51.08,64.4,39.02,48.9,33.1,51.1,41,39.9,37.9,42.1,19.9,35.1,30.9,27,30,35.06
44.78,55.4,60.98,57.2,59,57.02,68,42.98,48.2,35.1,50,43,41.4,39,46,20.8,37,35.1,28,30.9,37.94
45.32,55.4,57.92,59,60.08,62.06,71.6,48.02,47.7,36,48,44.1,42.6,39,46.9,21.9,42.1,37.9,30,30.9,39.92
45.32,55.4,60.98,60.8,62.06,64.94,75.2,51.08,46.9,37.9,42.1,43,44.1,39.9,48,23.9,44.1,37,30,30.9,39.92
46.4,57.2,60.98,60.8,64.94,68,75.2,53.96,46.9,37.9,46,45,43.3,39.9,48,23.9,44.1,39,30,32,39.92
45.86,55.4,60.98,59,64.04,69.08,78.8,55.04,46.9,39.9,46.9,43,42.8,39.9,48.9,23.9,45,37.9,30,33.1,39.92
46.4,55.4,60.08,59,64.04,69.08,78.8,53.06,46.9,39,46.9,42.3,42.1,39,46.9,23.9,43,37,30,33.1,37.04
44.24,57.2,59,57.2,60.08,62.06,77,46.94,46.2,36,45,43,41.4,37.9,46,23,41,36,30.9,33.1,37.94
41.54,55.4,59,57.2,55.94,57.92,71.6,44.06,45.7,35.1,44.1,42.1,40.6,37.9,41,20.8,39,36,32,32,37.04
42.08,57.2,59,55.4,53.06,55.04,69.8,39.02,45,33.1,44.1,41,39.9,37.9,37,20.8,35.1,35.1,32,28.9,37.04
42.44,55.4,59,53.6,48.92,51.98,66.2,37.04,45,32,42.1,37.4,38.7,37.9,37.9,20.8,34,30.9,32,28.9,35.06
41.54,55.4,57.92,51.8,48.92,50,62.6,33.98,45,30,43,37.8,37.2,37.9,37.9,18.9,33.1,30.9,30.9,28.9,33.98
37.58,55.4,57.92,51.8,46.94,46.04,59,35.96,45,30.9,44.1,37.9,36,37,37,16.9,33.1,30,30.9,28.9,33.08
36.5,55.4,57.92,50,44.96,46.04,62.6,33.98,45,30.9,44.1,37.9,35.2,37.9,37.9,18,32,28,30.9,30,32
34.88,55.4,57.92,48.2,44.06,42.98,60.8,32,45,30.9,37.9,37.9,34.7,37.9,37,17.4,32,23,32,28,33.08
34.16,57.2,57.02,48.2,44.06,42.98,57.2,33.08,45,30.9,41,33.1,34,37,35.1,17.4,28,23,30.9,28,33.08
35.6,57.2,55.04,48.2,42.08,41,57.2,35.06,45,30,42.1,34,34,35.1,35.1,17.2,28,21.9,32,28,33.08
35.78,55.4,53.06,46.4,42.08,41,53.6,33.98,45,30.9,41,34,34,34,34,17.1,26.1,23,30.9,28.9,33.08
35.96,57.2,51.08,46.4,39.02,41,51.8,32,45,30,41,33.1,34,34,34,17.2,26.1,21,32,28.9,30.02
34.88,55.4,50,46.4,42.08,39.02,55.4,33.98,44.2,30.9,42.1,36,32.9,32,32,18,27,23,32,28.9,28.04
35.78,55.4,50,46.4,42.08,37.94,53.6,35.06,43.7,30.9,39.9,33.1,32,32,33.1,18,25,23,33.1,28.9,28.94
35.96,55.4,50,48.2,41,39.92,53.6,50,43,28,41,36,30.9,33.1,30.9,18,25,21.9,32,28.9,26.06
36.14,57.2,51.08,48.2,44.06,39.92,53.6,57.02,44.6,28,42.1,37.9,31.3,34,33.1,18.9,24.1,23,30.9,30,28.94
39.2,57.2,55.94,53.6,46.04,46.94,55.4,57.92,46.4,27,42.1,39.9,31.6,36,35.1,19.9,27,24.1,30.9,30.9,30.02
44.6,60.8,57.02,55.4,48.92,53.06,57.2,59,48,30.9,43,42.1,32,37,34,20.8,28,28,32,30.9,33.08
47.84,57.2,59,59,53.96,57.02,64.4,59,48.7,35.1,45,42.1,32.7,37.9,37,21.9,32,30.9,33.1,30.9,35.96
52.7,57.2,59,60.8,57.02,62.06,69.8,57.92,49.3,37.9,46.9,42.1,33.3,37.9,39,23.9,37.9,34,33.1,30.9,37.94
54.32,59,60.98,62.6,59,64.94,75.2,55.94,50,42.1,48,43,34,39,43,23.9,37,37.9,34,30.9,37.94
55.58,60.8,62.06,64.4,59,68,75.2,53.06,49.3,42.1,48.9,43,34,39,45,23.9,41,45,35.1,33.1,37.94
55.76,60.8,60.98,66.2,59,68,75.2,51.08,48.7,43,50,42.1,34,39.9,44.1,25.9,41,46,35.1,34,37.94
54.14,59,60.98,66.2,57.92,66.02,75.2,48.92,48,42.1,48,42.1,34,39.9,44.1,25.9,39.9,51.1,34,34,35.96
50.36,55.4,60.08,62.6,57.02,59,73.4,46.04,46.8,39,46.9,43,32.9,39,41,25.9,41,53.1,34,34,33.08
44.78,55.4,60.08,62.6,55.94,53.96,71.6,44.96,45.3,34,46.9,42.1,32,39,39.9,27,39,51.1,33.1,34,32
46.94,53.6,57.92,60.8,55.04,53.06,69.8,42.98,44.1,30.9,46,41,30.9,39,37.9,27,39.9,50,30.9,34,30.02
45.86,53.6,55.94,55.4,53.96,48.02,69.8,42.98,42.4,28.9,46,41,30.6,39,36,27,39.9,52,28.9,35.1,28.94
45.5,53.6,53.96,55.4,53.96,48.02,69.8,42.08,40.6,28,44.1,42.1,30.4,39,36,27,36,53.1,28,35.1,28.04
41.36,53.6,53.06,55.4,53.96,48.02,66.2,42.98,39,28,45,42.1,30,37.9,36,27.9,39.9,51.1,28.9,35.1,26.96
39.02,50,51.98,51.8,53.06,44.96,66.2,42.08,39,27,44.1,42.1,30.4,37.9,36,27.9,50,54,28.9,34,28.04
38.3,48.2,50,51.8,53.06,44.96,66.2,44.06,39,27,43,42.1,30.6,37.9,36,27.3,48,55,30,34,28.94
38.48,48.2,48.92,50,53.06,44.96,64.4,42.08,39,25,42.1,43,30.9,37.9,36,27.3,48,55.9,30,32,26.96
38.66,48.92,46.04,50.54,51.98,44.96,64.4,37.94,39.4,27,42.1,43,30.6,37.9,39,27.3,50,57,30,32,26.06
38.12,50,44.96,51.08,53.06,42.98,64.4,35.96,39.6,28,41,43,30.4,37.9,39.9,27.1,48,55.9,30,35.1,24.98
39.02,50,44.96,51.8,51.98,42.98,62.6,32,39.9,27,39.9,43,30,37.9,41,27.3,48,54,30.9,37,24.08
38.3,51.8,44.06,55.4,51.98,42.08,62.6,33.98,40.6,28,37,44.1,30.7,37.9,45,28.2,48,53.1,30.9,39,24.98
39.2,51.8,44.06,55.4,51.98,42.08,60.8,35.06,41.4,28.9,37,44.1,31.3,37.9,37,27.9,54,52,30.9,37,26.96
39.92,50,44.06,51.8,51.08,41,60.8,35.96,42.1,28.9,34,44.1,32,37.9,36,27,52,48.9,30.9,36,26.96
40.64,50,48.02,55.4,51.08,42.08,57.2,39.02,43,28.9,33.1,44.1,32.7,37.9,36,27,51.1,43,32,35.1,26.96
43.34,51.8,53.96,66.2,53.96,42.08,62.6,42.98,44.1,30.9,34,44.1,33.3,37.9,36,25.9,53.1,42.1,33.1,34,26.96
48.02,51.8,57.92,71.6,55.04,42.98,64.4,46.04,45,32,37,46,34,39,35.1,27.9,57,41,34,34,26.96
53.6,51.8,62.96,75.2,55.04,44.96,66.2,46.94,46,33.1,37.9,46.9,35.1,39.9,36,29.8,60.1,44.1,35.1,39.9,28.94
56.12,51.8,64.94,80.6,55.94,46.04,69.8,48.92,46.9,35.1,39,46.9,36,39.9,36,30.9,62.1,45,36,42.1,30.02
55.58,51.8,64.94,80.6,57.02,46.04,69.8,50,48,37,43,48.9,37,39.9,36,32.2,62.1,45,36,42.1,30.02
54.68,53.6,64.94,82.4,57.02,46.94,71.6,48.92,48,37,45,51.1,36.3,39.9,36,32.9,62.1,45,37,42.1,30.92
54.68,53.6,66.02,82.4,55.94,48.02,71.6,48.92,48,37.9,46,51.1,35.8,39,36,34.9,60.1,44.1,37.9,42.1,30.92
51.98,55.4,64.94,78.8,55.94,48.92,71.6,48.02,48,37.9,45,50,35.1,39,36,32.9,55.9,42.1,37.9,39.9,30.02
46.94,53.6,62.96,73.4,55.04,48.02,71.6,44.96,46.8,37.9,39,46.9,35.1,39,34,29.8,48,37.9,36,35.1,28.94
46.94,55.4,60.08,69.8,53.96,48.02,69.8,44.06,45.3,37,39,46,35.1,39,32,27.9,41,33.1,35.1,33.1,26.96
44.96,55.4,59,66.2,53.96,48.02,68,44.06,44.1,36,37.9,45,35.1,37.9,30,27.7,39,32,34,33.1,26.06
44.06,51.8,57.92,64.4,53.96,46.94,66.2,42.98,41.7,36,37,44.1,35.1,37.9,28,27.9,37.9,30,33.1,32,26.06
42.08,53.6,57.92,64.4,53.06,46.94,64.4,42.98,39.4,35.1,37,42.1,35.1,37.9,26.1,27.9,37.9,30.9,33.1,32,26.06
42.98,51.8,55.94,62.6,53.06,46.94,62.6,42.98,37,33.1,37,39.9,35.1,37.9,25,28.9,39,28,33.1,30.9,26.06
42.08,51.8,53.96,60.8,51.98,48.02,62.6,42.98,37.8,30.9,37,41,34.7,37.9,25,29.8,39,32,33.1,28,26.06
44.06,48.2,50,57.2,51.98,46.04,60.8,42.98,38.3,30,36,42.1,34.3,37,23,31.5,39.9,30.9,30.9,27,26.06
41,51.8,50,59,51.08,46.94,62.6,42.98,39,30.9,36,41,34,37,23,33.6,37.9,28,28.9,30,26.06
44.78,51.8,48.02,60.8,51.08,44.96,59,42.98,38.3,30.9,36,39.9,34.3,37,21.9,35.6,37.9,30,28,28.9,26.06
44.06,51.8,48.92,59,51.08,44.06,59,42.08,37.8,32,36,39,34.7,37,21.9,37.6,37.9,28,26.1,28.9,26.06
42.08,48.2,50,60.8,50,42.98,59,42.08,37,32,35.1,37,35.1,36,21,39.9,37,27,24.1,28.9,26.06
42.08,48.2,51.08,55.4,48.92,42.98,59,42.08,37,32,35.1,37.9,32,37,18,36.9,36,28.9,24.1,28.9,26.96
42.08,51.8,55.94,59,46.94,42.08,53.6,42.98,37,32,35.1,42.4,29.1,36,17.1,36.9,33.1,30,24.1,28,26.96
40.82,50,55.94,53.6,46.94,41,55.4,39.92,37,33.1,35.1,36,26.1,37,17.1,36.9,32,30,21.9,27,26.96
44.06,51.8,57.02,55.4,48.92,41,57.2,41,38.3,33.1,35.1,37,29.1,37,18,39.9,30.9,28.9,23,25,28.04
46.22,53.6,59,62.6,50,42.08,57.2,46.04,39.7,33.1,35.1,37.9,32,37,19,41,30,28,24.1,24.1,28.94
56.48,57.2,60.08,73.4,51.98,42.08,62.6,48.02,41,35.1,34,39,35.1,37,23,39.9,34,30.9,26.1,27,28.94
64.4,59,60.98,77,53.06,42.08,66.2,50,43.3,37,35.1,39.9,36.7,37.9,27,41,34,35.1,28,30.9,28.94
62.06,55.4,62.06,80.6,53.96,46.04,69.8,51.08,45.7,41,35.1,41,38.3,37.9,30.9,39.9,37.9,37.9,28.9,34,28.94
59.54,55.4,62.06,82.4,53.96,46.94,71.6,51.08,48,42.1,36,45,39.9,37.9,32,43,42.1,37,30.9,35.1,28.94
59.18,55.4,62.96,82.4,55.04,48.92,71.6,53.96,48,44.1,36,45,39.6,37.9,33.1,43,39,37,30.9,36,28.94
57.92,55.4,62.96,84.2,55.04,50,73.4,53.06,48,45,36,42.1,39.4,37.9,34,43,39,35.1,32,35.1,30.02
59,55.4,62.06,82.4,53.96,46.04,71.6,50,48,43,35.1,42.1,39,37.9,34,41.9,36,34,32,34,30.02
50,55.4,60.98,77,53.06,42.98,72.68,46.04,45.7,39.9,35.1,41,36.7,37.9,33.1,38.8,34,27,32,30,30.02
44.96,54.32,60.08,71.6,51.98,41,71.6,42.08,43.3,39,36,39,34.3,37,27,41,30,23,32,28,28.94
42.98,53.6,59,66.2,51.08,39.92,71.6,41,41,37.9,36,39,32,37,23,38.8,30,21,32,25,28.94
41,53.6,55.94,62.6,50,39.02,69.8,37.94,40.3,37.9,36,37.9,30.4,37,23,36.9,30,24.1,32,25,28.94
39.92,53.6,53.96,60.8,50,37.94,66.2,37.04,39.7,37,36,37,28.6,37,24.1,36,28,19.9,32,24.1,30.02
39.92,50,55.94,59,51.08,35.06,60.8,35.96,39,37,36,37.9,27,37,26.1,38.8,27,19.9,32,23,30.02
44.06,50,57.92,57.2,50,33.08,60.8,33.08,37,36,36,37,27.3,37,26.1,39,25,21.9,32,21,30.02
46.94,51.8,57.02,55.4,48.92,32,60.8,33.08,35.1,35.1,35.1,37.9,27.7,37,28,38.8,21.9,23,32,21,30.02
46.94,50,51.08,53.6,46.94,32,59,30.92,33.1,34,35.1,39,28,37,28,39.2,21,21,32,19.9,30.92
46.94,46.4,57.02,51.8,48.02,33.08,57.2,33.08,34.7,35.1,35.1,37.9,27.3,36,28,39.4,19.9,21.9,30.9,19.9,30.02
44.96,48.2,53.96,51.8,44.96,33.08,57.2,30.92,36.3,35.1,35.1,37,26.8,35.1,28,39.4,19,19.9,30,19.9,30.02
48.02,46.4,48.92,50,44.06,35.96,57.2,30.02,37.9,35.1,35.1,35.1,26.1,35.1,28.9,39.9,17.1,21,28.9,18,30.02
44.06,48.2,48.02,50,42.98,37.04,56.48,30.02,37.2,34,34,33.1,25.3,35.1,30,41,18,19.9,28.9,17.1,30.02
46.94,44.6,51.08,48.2,41,39.02,55.4,30.02,36.7,35.1,33.1,33.1,24.8,34,30,39.9,16,18,28,16,30.02
47.66,46.4,50,48.2,39.92,39.92,53.6,30.02,36,35.1,34,36,24.1,33.1,28.9,38.8,16,14,30,15.1,30.02
45.14,51.8,53.06,48.2,41,39.92,55.4,32,37.9,35.1,33.1,36,26.1,33.1,30,38.8,16,10.9,30.9,15.1,30.02
45.32,51.8,57.02,50,48.92,44.06,57.2,39.92,40.1,36,33.1,36,28,33.1,30,39.9,19,12.9,30,14,30.92
51.26,53.6,59,53.6,51.08,44.96,62.6,44.96,42.1,36,34,37.9,30,34,30.9,39.9,19.9,21.9,32,18,30.92
53.96,57.2,62.06,57.2,53.06,42.98,68,51.08,43.7,37.9,35.1,41,31.3,35.1,33.1,43,24.1,23,32,19.9,33.08
58.46,60.8,62.96,59,53.96,44.06,71.6,53.96,45.3,39,36,42.1,32.7,37.9,36,45,28.9,27,36,21,33.98
59.72,55.4,64.04,60.8,55.94,44.96,71.6,55.94,46.9,39.9,37,43,34,39.9,39.9,45.9,30.9,27,37.9,21.9,33.98
55.94,57.2,64.04,62.6,55.04,46.94,73.4,57.92,48.4,39.9,39,44.1,34,39.9,42.1,46.9,35.1,28.9,42.1,25,33.98
57.74,59,64.04,64.4,55.04,48.02,75.2,57.92,49.6,41,39,46.9,34,41,44.1,45.9,34,27,42.1,26.1,33.98
55.94,57.2,62.96,62.6,53.06,48.02,75.2,55.94,51.1,39.9,37,44.1,34,41,44.1,47.8,30.9,24.1,41,26.1,33.08
59,55.4,62.96,60.8,48.02,46.04,75.2,46.94,49.1,37.9,36,41,32.9,39.9,39,46.9,28.9,19.9,39.9,24.1,32
52.52,53.6,60.08,57.2,46.04,42.98,71.6,42.98,46.9,37.9,34,39,32,39.9,30.9,48.9,26.1,17.1,41,21.9,30.92
50,55.4,60.08,55.4,44.06,42.08,69.8,39.02,45,36,34,42.1,30.9,39,28.9,46.9,23,15.1,39,21,30.02
57.74,55.4,55.04,53.6,42.08,39.02,66.2,35.96,46.9,37,33.1,44.1,30,37.9,30,46.9,21.9,15.1,39,18,30.02
59.54,53.6,53.96,53.6,42.98,37.04,64.4,32,49.1,37,33.1,39.9,28.9,37.9,30,43,21.9,16,39,19,30.02
59,53.6,51.08,53.6,42.08,35.06,62.6,33.98,51.1,37.9,32,41,28,46.9,32,43,21,17.1,41,18,30.92
45.14,53.6,51.98,53.6,41,33.98,59,32,48.7,37.9,33.1,39.9,28.4,45,33.1,43,21.9,17.1,42.1,19,30.92
45.86,53.6,50,53.6,42.08,35.06,59,33.08,46.4,37,34,37.9,28.6,52,32,41.7,21,18,44.1,19,30.92
48.2,51.8,53.96,53.6,42.98,32,57.2,32,44.1,37,35.1,36,28.9,51.1,30.9,41,21,18,43,19.9,30.92
51.44,53.6,50,51.8,42.08,32,57.2,32,44.1,37,35.1,37,28.9,51.1,30,40.3,19.9,18,45,19.9,30.92
42.26,53.6,48.02,51.8,42.08,32,53.6,30.92,44.1,37,35.1,36,28.9,52,28.9,39.4,21,17.1,43,19.9,30.92
41.18,53.6,46.94,50,42.08,30.02,55.4,30.02,44.1,37,36,41,28.9,48,30,38.8,19.9,17.1,46,19.9,30.92
39.74,53.6,44.96,48.2,42.98,30.92,53.6,30.92,44.1,37,36,39.9,28,46.9,30,37.9,19.9,17.1,46,19.9,30.92
40.1,53.6,44.96,50,42.08,30.02,51.8,28.04,44.1,37,36,37,27,46.9,30.9,36.3,19.9,17.1,42.1,19.9,32
40.28,53.6,51.08,48.2,42.98,28.94,51.8,26.96,44.1,37,37,37,26.1,48,30,34.9,19.9,17.1,39,19.9,32
41.9,55.4,55.04,48.2,42.98,32,51.8,30.02,44.4,37,37,35.1,28,45,30,33.8,18,17.1,37.9,19.9,32
46.22,57.2,60.98,50,46.04,35.96,60.8,37.94,44.6,37.9,37,41,30,46,30,34.5,19,17.1,37.9,21,32
58.1,57.2,62.96,53.6,50,42.08,64.4,46.04,45,41,39,46,32,48,37,36,19.9,17.1,39,21.9,33.08
64.58,57.2,66.02,57.2,51.98,48.02,68,48.92,46.9,41,41,46,34.7,48.9,39.9,38.5,21.9,17.1,39.9,21.9,33.98
66.02,59,69.08,60.8,55.94,51.08,71.6,53.06,49.1,41,44.1,48.9,37.2,48.9,42.1,41,23,19,39.9,23,33.98
66.02,60.8,69.98,64.4,57.02,53.96,75.2,55.04,51.1,45,46,49.1,39.9,48.9,44.1,39.9,25,21,39.9,25,35.06
65.84,60.8,66.92,68,55.94,55.04,77,57.02,49.5,46,48,45.1,37.9,48.9,46.9,41.9,24.1,21.9,39.9,26.1,35.06
65.84,60.8,64.94,68,55.94,55.94,77,57.92,47.7,46.9,46.9,43,36,46.9,46,43,25,21.9,39,26.1,35.06
66.38,59,64.04,68,55.04,55.04,78.8,57.02,46,45,45,42.1,34,46,43,41.9,24.1,21,37.9,26.1,35.06
64.58,57.2,62.96,62.6,53.96,51.08,77,48.92,44.8,39.9,43,43,32.7,41,41,37.9,23,21,37,26.1,35.06
64.58,55.4,60.98,60.8,53.96,48.02,73.4,42.08,43.3,37.9,41,45,31.3,36,39,36,23,19.9,37,26.1,35.06
64.58,55.4,60.08,60.8,53.06,44.06,69.8,39.02,42.1,35.1,39,41,30,35.1,37.9,35.2,19.9,19,35.1,26.1,35.96
64.94,53.6,57.92,55.4,51.08,42.98,68,35.96,42.8,30.9,39.9,41,28,30.9,39.9,34.9,19.9,18,34,26.1,35.96
60.8,51.8,57.02,53.6,51.08,39.92,64.4,39.02,43.3,30.9,39,43,26.1,37,35.1,34,19,18,33.1,26.1,35.96
52.16,51.8,57.02,51.8,48.92,39.02,62.6,42.98,44.1,30,37.9,44.1,24.1,30,37,34.9,19,17.1,32,26.1,37.04
51.44,51.8,55.04,51.8,48.92,35.96,62.6,42.08,43.7,30,37.9,46,23.7,26.1,35.1,36,19,16,33.1,25,35.06
51.44,50,55.94,53.6,50,35.96,57.2,41,43.3,28.9,35.1,46,23.4,30.9,34,34.9,19,16,33.1,25,35.06
53.42,51.8,53.96,46.4,48.92,33.08,57.2,39.92,43,28.9,34,43,23,37.9,30.9,34.5,18,16,33.1,24.1,35.96
52.16,48.2,53.96,50,46.94,33.08,60.8,39.92,43.7,30,36,43,23.7,37,30.9,33.8,18,16,33.1,24.1,37.04
53.06,50,50,48.2,48.02,30.92,60.8,37.94,44.2,30,34,41,24.3,39,30.9,33.3,18,16,33.1,24.1,35.06
53.78,50,48.02,46.4,46.94,32,59,39.02,45,30.9,35.1,44.1,25,35.1,30,32.9,19,16,30.9,24.1,35.06
53.6,51.8,46.94,46.4,46.94,30.92,60.8,37.04,45,30.9,36,42.1,25.7,32,28.9,32.9,19.9,15.1,30.9,24.1,33.98
52.16,51.8,51.08,46.4,46.94,32,60.8,37.94,45,32,36,43,26.2,28.9,25,32,19.9,12.9,30,24.1,35.06
51.08,51.8,48.02,46.4,48.02,30.02,59,37.04,45,32,35.1,45,27,26.1,30,32,19.9,10.9,28,19.9,33.98
51.08,53.6,53.96,51.8,48.02,32,60.8,37.94,45.3,33.1,36,46,28.2,28,26.1,32,24.1,8.1,28.9,19,35.06
52.16,53.6,59,57.2,50,37.04,60.8,42.08,45.7,34,37,48.2,29.7,35.1,30,32,30.9,9,25,19,35.06
50.54,57.2,62.96,66.2,51.98,42.08,64.4,46.04,46,35.1,39,51.8,30.9,37.9,32,32.9,33.1,14,30.9,21,35.06
50.18,57.2,66.02,73.4,53.06,48.02,69.8,48.02,46.8,37.9,39.9,54,32.4,39.9,36,36,35.1,19.9,30,21,37.04
50,57.2,64.94,77,53.96,51.98,71.6,48.92,47.3,39.9,42.1,55.9,33.6,42.1,43,37.9,39,25,33.1,27,35.96
49.28,59,64.94,78.8,53.96,55.94,73.4,51.98,48,39,44.1,52,35.1,44.1,46,38.8,48,37.9,34,37,37.04
48.74,57.2,64.94,80.6,55.04,57.92,75.2,51.98,48,39,45,48,34.7,44.1,46.9,41,46.9,37.9,34,37.9,37.04
48.74,59,64.94,80.6,55.94,57.92,75.2,51.98,48,39.9,45,48,34.3,44.1,48.9,43,45,39,34,37,37.04
48.38,55.4,64.04,78.8,55.04,57.02,73.4,48.92,48,39.9,44.1,46,34,42.1,48,41,42.1,37,32,35.1,37.04
48.2,55.4,62.06,73.4,53.96,51.98,71.78,44.06,48,39.9,44.1,46,33.3,39,45,38.8,39,33.1,28,30.9,35.96
48.02,55.4,60.08,68,53.96,50,68,41,48,39,44.1,45,32.7,28,39,36.9,35.1,25,21.9,30,35.06
47.48,51.8,59,62.6,53.06,46.04,66.2,39.02,48,37.9,44.1,44.1,32,25,34,36.9,35.1,25,19.9,21.9,35.96
46.76,50,57.02,60.8,53.06,42.08,64.4,41,48,36,44.1,43,30.4,24.1,34,34.9,35.1,23,19.9,21.9,35.06
45.68,50,55.94,57.2,53.06,41,64.4,37.04,48,36,44.1,42.1,28.6,23,37,36,35.1,24.1,17.1,19,35.06
44.96,48.2,53.96,55.4,53.06,39.92,62.6,30.92,48,36,44.1,42.1,27,21,34,32.9,32,21,16,19,35.06
44.78,50,53.06,55.4,51.98,35.96,62.6,28.04,48.4,37,44.1,42.1,26.6,21,34,33.1,27,21.9,12.9,17.1,35.06
44.24,50,51.98,51.8,51.98,35.06,60.8,28.04,48.6,36,44.1,42.1,26.4,21,36,32.5,23,23,10,17.1,35.06
43.88,48.2,50,51.8,51.98,33.98,60.8,26.06,48.9,35.1,45,39,26.1,23,34,32.7,18,21,9,17.1,35.06
43.34,44.6,50,50,51.98,33.98,60.8,23,49.3,34,45,39,27.3,23,34,32.9,17.1,16,10,19.9,35.06
42.8,46.4,50,48.2,51.98,32,57.2,26.06,49.6,35.1,45,43,28.8,19.9,34,32.9,17.1,12.9,10,19.9,35.06
42.8,48.2,50,48.2,51.98,32,55.4,26.06,50,35.1,46,39.9,30,19.9,33.1,33.3,16,12,8.1,19.9,35.96
43.34,48.2,51.08,48.2,51.98,32,55.4,24.98,52,35.1,46,43,30.7,19.9,34,34.2,14,14,9,19.9,35.96
43.34,42.8,51.98,46.4,51.98,30.92,53.6,23,54,35.1,46,43,31.3,21,35.1,34,14,15.1,8.1,19.9,35.06
44.78,42.8,51.98,48.2,51.98,32,53.6,24.08,55.9,36,46,44.1,32,19.9,34,34,14,12.9,8.1,19.9,35.96
45.86,44.6,53.96,53.6,51.98,32,51.8,28.04,54.7,35.1,46,41,33.1,19.9,35.1,32.9,15.1,10.9,7,21,35.96
46.94,48.2,55.94,60.8,53.06,37.04,53.6,37.04,53.2,36,46,45,34,27,36,30.9,16,10,8.1,21,35.96
48.56,50,59,64.4,55.94,42.08,56.3,42.98,52,37,46.9,43,35.1,32,37.9,41,16,10.9,12,23,37.04
48.92,53.6,62.96,69.8,59,48.02,59,48.92,52.3,37.9,48,46,37,34,39.9,43.9,17.1,12,19,24.1,37.94
50.54,62.6,64.04,75.2,59,51.08,60.8,50,52.7,39,48.9,46.9,39,37.9,43,45,18,12.9,19.9,26.1,37.94
49.1,57.2,64.94,75.2,60.98,55.04,62.6,53.06,53.1,39,51.1,45,41,39.9,46.9,46.9,19.9,14,25,26.1,37.94
49.46,59,64.04,75.2,59,57.02,64.4,53.96,53.4,41,51.1,43,40.6,39.9,48.9,46.9,19.9,12.9,26.1,27,37.94
48.92,60.8,62.96,75.2,59,57.92,64.4,51.08,53.6,42.1,52,42.1,40.3,39.9,48.9,45,21,12.9,25,28,35.96
48.2,59,62.06,73.4,57.92,57.02,64.4,48.92,54,42.1,50,42.1,39.9,37,46,43.9,23,14,26.1,28,35.96
48.56,55.4,60.98,71.6,53.96,51.08,64.4,42.08,52.3,41,46.9,41.2,38.3,30,41,41,23,14,21.9,25,37.04
48.74,55.4,60.08,64.4,51.98,48.02,60.8,33.98,50.5,39.9,44.1,41.9,36.7,24.1,37.9,36.9,23,15.1,19,26.1,37.04
49.28,50,59,62.6,51.08,44.96,59,32,48.9,39.9,42.1,41.9,35.1,21.9,36,33.6,24.1,16,15.1,27,37.04
50.36,50,57.92,69.8,51.08,42.08,55.4,33.08,46.9,39.9,43,42.1,36,21.9,34,30.9,23,15.1,12.9,27,37.04
51.26,48.2,57.02,69.8,48.02,39.02,55.4,30.02,45,39.9,41,42.1,37,21.9,33.1,32.9,19.9,15.1,10.9,27,37.94
51.8,46.4,55.94,69.8,46.94,39.92,55.4,30.02,43,39.9,42.1,42.1,37.9,21,32,32.9,19,15.1,10,27,37.94
53.06,48.2,53.96,62.6,46.04,37.94,53.6,26.06,43.7,41,41,43,37.9,19,30.9,32.9,19,15.1,10,27,37.94
53.6,46.4,53.96,57.2,44.06,37.04,53.6,26.06,44.2,39.9,37,45,37.9,18,28,32.4,19.9,14,10.9,27,39.92
54.32,44.6,53.06,62.6,44.06,35.06,51.8,24.98,45,42.1,39.9,46,37.9,18,28,32.4,19.9,14,10.9,27,39.92
54.86,44.6,51.08,55.4,42.98,35.96,51.8,26.96,44.1,39.9,37,46.9,36.7,19,28,32.2,19,12.9,12,28.9,39.92
55.58,46.4,51.98,55.4,42.08,33.98,48.2,23,43,41,35.1,48.9,35.2,18,28.9,32,19,14,9,30,39.02
56.12,50,48.92,64.4,42.08,33.08,48.2,24.98,42.1,41,36,50,34,18,30,32.2,18,14,10,30,39.02
56.48,46.4,48.92,68,39.92,30.92,48.2,26.06,41.7,41,36,50,32.9,16,30,32.9,18,15.1,8.1,30,39.02
56.84,48.2,48.92,68,37.94,30.92,50,26.06,41.4,39.9,34,51.1,32,16,28.9,30.9,19,15.1,7,30,33.98
57.02,48.2,48.92,68,39.02,30.02,48.2,30.02,41,39,35.1,51.1,30.9,15.1,27,32,19,16,7,30,33.98
57.02,46.4,53.06,69.8,39.02,30.02,46.4,33.08,41.7,39,36,50,32.5,15.1,30,32.9,18,15.1,9,30,35.06
57.74,51.8,59,71.6,44.96,35.06,48.2,44.06,42.3,42.1,37.9,51.1,34.3,21,28,32.4,18,10.9,10.9,30,35.06
58.82,57.2,60.98,73.4,48.02,42.08,55.4,57.02,43,43,39.9,53.1,36,28,36,32.9,19,16,16,30,35.96
59.36,60.8,62.06,73.4,51.98,48.92,60.8,60.08,46.4,44.1,42.1,52,38.7,32,39.9,34,19,19.9,19,30,37.04
61.16,62.6,66.02,77,55.04,53.06,60.8,64.94,49.6,46,44.1,53.1,41.4,37,43,34,21,21.9,21.9,28,37.04
61.16,62.6,66.92,75.2,57.92,55.94,62.6,66.92,53.1,50,44.1,50,44.1,39,44.1,34.9,23,24.1,24.1,30,37.04
60.98,62.6,69.08,75.2,60.08,59,66.2,69.98,53.1,50,44.1,50,42.6,39.9,46,37.9,23,26.1,25,30.9,37.04
60.44,62.6,69.08,75.2,59,60.98,66.2,68,53.1,50,44.1,46.9,41.4,39.9,48,37.8,21.9,25,25,30.9,35.06
57.92,60.8,68,73.4,57.02,60.08,66.2,64.04,53.1,48.9,42.1,46.9,39.9,35.1,48,36.9,21.9,21,25,32,33.08
58.64,55.4,62.96,69.8,53.96,55.04,66.2,57.02,52,46.9,44.1,45,38.3,30.9,43,34.9,23,12.9,21,30.9,33.08
57.92,55.4,62.06,69.8,51.08,48.02,62.6,53.96,51.1,46,41,45,36.7,21,37,32.9,23,10.9,17.1,30,33.98
57.56,53.6,60.98,69.8,46.94,46.94,57.2,53.96,50,46,39,45,35.1,21,36,30.9,21.9,12,12.9,27,33.98
56.12,53.6,60.08,66.2,46.04,42.98,59,50,51.1,46.9,41,45,34.7,19.9,41,28.9,19.9,9,10,26.1,33.98
57.02,51.8,57.02,62.6,42.98,41,55.4,50,52,46,41,45.1,34.3,17.1,42.1,27,19.9,12,9,21,35.06
55.4,48.2,55.04,55.4,42.08,37.04,53.6,51.08,53.1,46,41,46.9,34,18,37,25.9,19.9,10,9,14,35.96
55.04,46.4,55.04,55.4,39.02,37.94,50,51.08,52.7,46,41,46.9,34,17.1,37,24.8,18,14,8.1,17.1,35.96
52.16,51.8,53.96,55.4,39.92,35.96,51.8,48.92,52.3,45,39,46,34,17.1,33.1,23.4,16,12,7,14,35.06
51.62,46.4,53.06,64.4,39.92,35.06,51.8,46.94,52,45,37,46.9,34,18,32,22.5,14,14,7,12,35.06
50.72,46.4,51.98,60.8,37.04,33.08,51.8,46.94,51.6,45,39.9,46.9,35.1,15.1,30.9,21.4,10,12,6.1,12,35.96
49.82,44.6,51.08,53.6,35.96,32,48.2,46.94,51.4,43,39.9,46,36,15.1,32,20.3,8.1,12,7,5,35.96
49.64,41,50,51.8,35.96,32,48.2,46.04,51.1,43,39,46,37,14,30.9,19.4,15.1,15.1,8.1,6.1,37.04
48.74,44.6,48.92,48.2,35.96,32,51.8,46.04,51.4,43,37,45,36.7,15.1,32,19.2,14,14,7,10,37.94
48.92,41,48.92,46.4,39.02,30.02,53.6,42.98,51.6,42.1,37.9,45,36.3,12,30.9,18,14,16,10.9,12,37.04
47.84,39.2,48.02,46.4,41,30.02,53.42,42.98,52,42.1,37.9,46,36,14,35.1,16.9,16,18,14,12,37.04
47.48,42.8,51.08,51.8,42.08,30.92,53.78,44.06,51.6,41,37,46,37.9,12,30.9,16.9,15.1,18,15.1,10.9,35.96
48.74,48.2,57.02,59,44.96,37.94,57.2,44.96,51.4,42.1,37,45,40.1,19,30,19.9,16,19.9,16,10.9,35.06
48.92,51.8,60.98,64.4,46.04,44.06,60.8,48.02,51.1,45,37.9,45,42.1,26.1,39,25.9,17.1,21.9,17.1,10.9,35.06
50.54,53.6,64.94,68,50,50,64.4,50,51.4,48.9,43,44.1,45.1,30,41,27.9,19,24.1,19,12,33.98
51.26,53.6,66.92,71.6,55.94,55.04,64.76,51.98,51.6,52,45,45,48,34,43,30.9,21,27,19.9,15.1,35.06
53.24,55.4,66.92,71.6,57.92,57.02,64.4,53.96,52,52,45,41,51.1,35.1,45,32,24.1,28.9,19.9,17.1,35.96
53.42,57.2,66.02,71.6,60.08,60.08,65.66,53.96,51.6,55,46,39.9,49.1,36,48,32.9,25,30,21.9,18,39.02
53.78,57.2,66.02,73.4,60.08,60.98,66.2,51.98,51.4,57.9,46,39.9,46.9,37,48.9,34,26.1,28.9,21.9,19,37.94
52.16,57.2,64.94,73.4,57.92,60.08,66.2,48.92,51.1,60.1,44.1,39.9,45,33.1,48,34,26.1,28,21.9,19,39.02
50.36,55.4,62.96,68,51.98,53.06,64.4,44.96,49.6,57.9,46,39.9,42.3,28.9,44.1,29.8,24.1,26.1,21,16,33.98
50,53.6,62.06,62.6,50,48.02,60.8,44.06,48.4,57,46,41,39.7,19.9,46.9,27,21.9,25,21,10.9,33.98
50.72,51.8,60.08,57.2,48.02,46.04,57.2,42.08,46.9,55,46,42.1,37,19,39,23.9,21,26.1,21,9,33.08
49.46,48.2,59,55.4,44.06,42.08,55.4,41,47.3,55,42.1,41,37.9,17.1,37.9,23.9,21,26.1,21,8.1,33.08
49.1,50,57.92,53.6,42.08,41,55.4,39.02,47.7,51.1,37,39.9,39,16,33.1,20.8,19.9,25,21,7,33.08
48.38,46.4,57.02,51.8,39.02,39.92,53.6,39.02,48,52,39,39.9,39.9,15.1,37,19.9,19.9,25,19.9,9,32
48.38,44.6,57.02,50,37.04,35.06,53.6,37.04,46.4,51.1,42.1,39.9,39,14,37.9,18.9,19,26.1,21,7,33.08
47.48,42.8,55.94,48.2,35.96,35.96,53.6,30.92,44.6,52,37.9,39.9,37.9,16,39.9,17.6,19,25,21,6.1,33.08
46.4,42.8,55.94,48.2,33.98,35.06,51.8,30.92,43,46,37,39,37,12,30.9,17.1,18,26.1,21,6.1,33.08
45.68,42.8,53.96,44.6,33.08,32,50,28.94,43,45,37,37.9,35.4,12.9,30.9,16.2,17.1,27,21,5,33.98
45.5,41,55.04,44.6,32,33.98,48.2,24.98,43,45,39,39,33.6,12.9,27,15.4,19,26.1,21,9,33.98
43.52,42.8,55.04,44.6,32,33.98,48.2,26.06,43,43,39.9,36,32,12.9,30.9,14.9,19.9,25,21,8.1,33.98
37.04,39.2,55.04,42.8,30.92,32,46.4,24.08,41.4,43,39.9,37.9,32,12,30.9,14.9,19,27,21,9,33.98
40.46,39.2,55.94,44.6,30.92,33.08,44.6,21.02,39.6,43,39.9,39,32,9,30,14,21,27,21,9,35.06
39.02,39.2,55.04,42.8,30.92,33.98,44.6,21.92,37.9,43,41,37,32,10,30.9,14,21,24.1,21,10,35.06
35.24,39.2,55.04,48.2,32,33.08,44.6,28.04,39.4,42.1,39.9,37,32.7,9,30.9,12.9,21,26.1,21,10,35.06
42.08,46.4,59,55.4,37.04,41,46.4,35.96,40.6,42.1,41,37,33.3,12.9,32,19.9,23,28,21.9,10.9,35.96
48.92,51.8,62.06,64.4,42.98,50,50,42.98,42.1,46.9,41,41,34,18,39.9,27,26.1,30.9,21.9,12,35.06
52.88,51.8,64.04,71.6,48.02,55.94,53.6,46.94,44.4,48.9,41,41,36,19,41,30.9,27,30.9,21.9,12,35.96
53.78,53.6,64.04,75.2,51.98,62.06,55.4,48.02,46.6,51.1,42.1,43,37.9,19.9,46,34.9,28.9,34,21.9,12.9,35.96
54.86,57.2,62.06,78.8,53.96,66.92,57.2,50,48.9,50,42.1,42.1,39.9,21,46.9,36,30,35.1,23,12.9,35.96
55.04,64.4,59,78.8,55.04,69.98,57.2,51.08,48.2,52,43,42.1,39,21,50,36,30,33.1,24.1,14,35.06
55.4,64.4,59,80.6,55.04,68,59,51.98,47.7,50,43,42.1,37.9,21,53.1,36,30,33.1,24.1,14,35.06
54.5,60.8,60.08,77,55.04,69.98,59,50,46.9,48.9,42.1,41,37,21,52,36,30,35.1,24.1,15.1,35.06
50.9,53.6,59,71.6,51.98,64.94,57.2,42.98,46,48,42.1,41,35.1,21,46.9,31.1,28,32,24.1,15.1,35.06
46.58,51.8,57.92,64.4,48.92,55.94,55.4,37.04,45,46.9,42.1,39.9,32.9,21,39,27,27,36,24.1,16,35.06
47.66,51.8,57.02,60.8,46.04,53.96,53.6,30.02,44.1,45,42.1,41,30.9,21,39,25,26.1,34,24.1,16,35.06
41.36,48.2,57.92,60.8,42.98,48.02,51.8,28.04,43.3,45,42.1,37.9,29.3,21,33.1,23.9,24.1,33.1,24.1,16,35.06
44.24,48.2,57.92,57.2,39.92,46.94,51.8,26.06,42.8,45,41,39.9,27.7,21.9,33.1,22.5,21.9,35.1,24.1,17.1,35.06
38.48,44.6,57.92,57.2,37.94,44.96,51.8,24.08,42.1,44.1,39.9,39,26.1,21.9,30.9,20.8,25,35.1,24.1,17.1,35.06
45.5,48.2,57.02,57.2,37.04,44.06,51.8,24.08,42.1,43,39.9,39,25.3,21.9,30.9,18.9,25,36,24.1,18,35.06
44.78,42.8,55.94,55.4,35.96,41,50,21.02,42.1,46.9,39.9,39,24.8,21.9,33.1,17.4,27,35.1,24.1,18,35.96
36.14,41,55.04,53.6,35.06,41,42.8,23,42.1,44.1,39,39,24.1,21,33.1,16.7,28,35.1,24.1,19,35.96
36.5,46.4,55.94,55.4,35.06,42.08,44.6,21.02,41.7,42.1,37,37.9,24.8,19,30.9,15.8,30.9,35.1,24.1,19,35.96
34.7,42.8,53.96,53.6,35.96,39.92,42.8,21.92,41.4,42.1,37,37.9,25.3,19,30.9,14.7,30,33.1,24.1,19,35.96
32.54,44.6,53.96,46.4,35.96,41,46.4,21.92,41,41,35.1,37.9,26.1,17.1,30,14,28.9,36,24.1,19,35.96
32.36,39.2,51.98,46.4,35.96,42.08,44.6,21.02,40.6,39.9,34,39,26.4,19,28,14,30,37.9,24.1,19,35.96
31.28,41,51.08,46.4,35.06,44.06,42.8,19.04,40.3,39,34,37.9,26.6,16,28.9,14,28,39,24.1,19,35.96
37.76,41,53.96,46.4,33.98,44.96,42.8,19.04,39.9,41,32,37.9,27,15.1,28,11.8,30,37.9,24.1,19,35.96
34.7,41,53.06,53.6,35.06,44.96,42.8,26.06,41.9,41,32,37.9,27.7,15.1,30,11.8,28.9,39.9,25,19.9,35.96
39.74,46.4,57.92,62.6,35.96,48.92,44.6,37.04,44.1,41,33.1,39,28.2,19.9,32,14.9,30.9,39.9,25,19.9,37.04
48.92,50,62.96,64.4,37.94,57.92,48.2,46.04,46,43,36,39,28.9,21,37,21.9,34,42.1,26.1,21.9,37.94
54.86,51.8,69.98,71.6,41,59,55.4,55.94,48.4,46,41,39.9,29.3,21.9,37,25.5,37.9,43,27,23,37.94
55.94,51.8,69.98,75.2,46.04,60.08,57.2,60.08,50.7,50,46,39.9,29.7,24.1,39,28.9,41,46.9,30,25,39.02
56.66,53.6,69.08,78.8,50,60.08,60.8,60.98,53.1,55,51.1,41,30,25,41,32.9,44.1,48.9,28.9,26.1,39.02
55.4,55.4,69.98,78.8,53.96,51.98,62.6,60.98,52,57,52,41,29.7,25,42.1,34.9,46,51.1,30,28,39.92
55.4,53.6,69.08,78.8,55.04,53.06,63.32,60.98,51.1,59,52,41,29.3,26.1,42.1,34.9,44.1,55,30.9,28.9,39.92
54.14,55.4,69.08,77,53.96,53.96,63.5,59,50,57.9,50,42.1,28.9,25,42.1,34,45,50,28.9,30,39.92
50.9,51.8,66.02,71.6,51.98,51.98,62.6,46.94,46.9,55.9,46,42.1,27.7,24.1,39.9,28.9,45,50,28.9,30,41
47.48,51.8,64.94,66.2,46.94,50,59,42.98,44.1,55,45,42.1,26.2,23,39,25.7,45,46.9,27,30,42.98
45.32,48.2,62.96,62.6,44.96,48.02,55.22,37.94,41,54,45,42.1,25,23,35.1,23,44.1,41,27,30,44.96
45.14,48.2,60.08,62.6,44.96,46.94,51.8,32,38.7,54,42.1,42.1,24.6,23,34,20.8,46,46,26.1,30,46.94
44.42,46.4,57.92,57.2,42.98,44.96,49.64,28.94,36.3,55,42.1,42.1,24.4,23,34,19.9,45,43,24.1,33.1,48.02
44.06,44.6,55.94,62.6,41,42.08,47.84,28.94,34,55.9,41,39,24.1,23,34,18.9,43,41,24.1,30.9,46.04
44.96,44.6,55.94,53.6,37.94,41,46.4,28.04,33.3,55.9,39,39,23.4,24.1,34,16.9,45,42.1,23,30,44.06
45.5,42.8,55.94,53.6,37.04,39.92,44.78,24.08,32.7,55,37,36,22.6,23,35.1,15.4,45,39.9,18,28.9,42.98
37.04,41,53.06,50,33.98,35.96,43.52,21.02,32,55,33.1,36,21.9,23,35.1,14.7,45,39,19.9,28,42.08
40.1,39.2,51.98,50,35.06,39.02,42.26,21.92,31.3,39.9,37,37.9,21.9,21.9,35.1,13.8,45,37,18,28,42.08
37.94,41,50,48.2,35.06,39.02,41.18,21.02,30.7,36,35.1,37,21.9,23,35.1,12.7,45,36,10.9,27,44.06
47.12,39.2,48.02,46.4,35.06,39.92,40.28,21.92,30,36,37.9,39,21.9,23,34,12.2,46,36,9,28,42.98
47.3,37.4,48.02,46.4,35.06,39.02,39.38,21.92,30.7,37,33.1,39.9,20.7,23,37,12,43,35.1,9,28.9,42.08
46.4,41,48.02,46.4,35.06,39.02,38.48,24.08,31.3,35.1,32,43,19.2,23,36,10.9,41,35.1,1.9,28.9,39.92
46.76,39.2,46.94,46.4,33.98,39.02,37.4,23,32,35.1,30,42.1,18,23,36,9.9,39,35.1,12,30,41
47.84,42.8,53.06,51.8,35.06,39.92,41,26.96,34.7,34,28.9,42.1,20.3,24.1,39,9,39,37,14,30,39.92
45.5,44.6,55.04,55.4,37.04,42.98,44.6,33.08,37.2,34,32,43,22.6,25,37.9,11.8,37,33.1,16,30,41
46.04,46.4,57.92,62.6,42.98,50,48.2,35.06,39.9,43,36,43,25,25,43,18.9,37.9,37.9,18,25,42.98
49.64,46.4,62.96,64.4,48.02,51.98,55.4,35.96,41,46.9,37,43.2,27.3,26.1,44.1,19.9,45,39.9,19.9,26.1,42.98
51.8,48.2,64.04,66.2,51.98,55.04,57.2,37.94,41.9,52,41,44.1,29.7,27,45,21.9,42.1,43,23,28.9,44.06
48.38,48.2,66.02,69.8,55.94,57.02,60.8,39.02,43,54,41,44.1,32,28,46.9,23.9,44.1,45,24.1,27,41
46.94,48.2,64.94,69.8,57.02,57.02,64.4,39.92,43,55.9,41,44.1,32.4,28,48,25,46,45,25,30.9,41
45.5,48.2,64.94,69.8,57.92,57.02,66.2,44.96,43,57,39.9,44.1,32.7,28,48,25,43,43,25,34,41
45.68,51.8,64.04,66.2,57.02,55.94,66.2,44.06,43,54,36,43,33.1,28,46.9,23.9,43,42.1,25,34,39.92
42.8,48.2,62.06,62.6,53.06,53.96,64.4,35.06,43,57,34,42.1,31.6,28,45,23.9,43,36,23,30,42.08
41.18,46.4,60.08,59,50,53.06,62.42,32,43,52,34,42.1,30.4,28,39.9,21.9,37.9,35.1,23,23,44.96
40.64,46.4,57.92,59,46.94,51.08,60.8,26.96,43,48.9,34,42.1,28.9,28,44.1,23.9,39.9,30.9,24.1,23,44.96
42.44,42.8,57.02,55.4,46.04,51.08,55.4,26.96,42.6,45,34,41,28.2,25,43,23.9,37.9,32,23,21,46.94
41.54,44.6,55.04,55.4,44.96,50,51.8,24.98,42.4,41,34,41,27.7,19,43,23.9,36,26.1,24.1,21,37.94
41.9,46.4,55.04,53.6,42.98,48.92,50,24.98,42.1,41,34,41,27,23,42.1,23.9,34,28,24.1,21,39.02
41.54,46.4,55.04,53.6,41,48.02,48.2,24.98,41.7,37.9,33.1,41,27,19.9,42.1,23.9,34,26.1,24.1,18,41
40.82,44.6,53.96,53.6,39.02,48.02,46.4,28.94,41.4,37,33.1,39,27,21.9,43,23.5,35.1,27,23,15.1,41
40.82,44.6,53.96,53.6,39.92,46.94,46.4,28.04,41,35.1,33.1,37.9,27,19.9,42.1,23.9,34,28,24.1,16,42.08
36.68,44.6,53.96,53.6,37.94,46.94,44.6,41,40.6,35.1,33.1,37.9,25,21,39.9,23,33.1,30,24.1,16,42.08
34.52,39.2,55.04,53.6,37.94,46.04,42.8,51.08,40.3,36,33.1,37.9,23,21,39,21.9,34,30.9,24.1,18,42.98
33.62,39.2,55.04,55.4,37.94,46.94,46.4,51.08,39.9,34,32,37,21,23,39,21,33.1,28.9,24.1,18,42.08
37.94,35.6,55.94,53.6,35.06,44.06,44.6,46.94,39.2,33.1,32,37,20.7,24.1,37.9,20.8,33.1,28,25,18,41
37.94,39.2,57.02,50,33.98,42.08,42.8,46.94,38.7,34,30.9,35.1,20.3,24.1,37.9,20.8,34,27,25,17.1,41
37.04,39.2,57.92,48.2,33.98,39.92,42.8,48.02,37.9,32,30.9,36,19.9,25,39,20.8,30.9,27,25,17.1,39.92
34.52,42.8,59,50,33.08,39.02,42.8,46.94,38.3,36,30.9,33.1,21,25,39,20.7,28.9,21.9,26.1,17.1,39.92
40.28,45.68,59,53.96,41,44.06,44.6,48.02,38.7,34,30.9,35.1,21.9,25,37.9,21.9,34,21,26.1,18,41
45.5,48.2,55.04,57.2,44.96,46.94,48.2,48.02,39,39,32,39,23,26.1,39.9,19.9,37.9,28.9,27,19,42.98
48.56,51.8,57.02,59,50,50,55.4,46.94,40.1,46,34,40.1,24.1,26.1,43,23.9,39,30,27,19,42.98
50.54,51.8,55.04,62.6,53.96,51.98,60.8,46.94,41,48.9,35.1,42.3,25,28,44.1,28.9,39.9,33.1,27,19,44.06
51.08,55.4,53.96,62.6,59,51.98,62.6,46.04,42.1,51.1,37,42.1,26.1,30,45,30.9,39.9,34,28,19,44.06
51.44,59,51.98,62.6,60.08,53.06,68,44.96,42.4,54,37,42.1,25.7,30.9,45,30.9,37,35.1,28.9,21.9,42.98
51.98,59,51.08,62.6,59,44.06,71.6,44.06,42.6,55,37,41.2,25.3,30.9,45,30.9,37,34,28.9,24.1,42.98
50.36,60.8,50,62.6,59,46.94,69.8,41,43,54,36,39.9,25,30,45,30.9,35.1,30.9,28.9,23,42.08
47.66,55.4,48.92,59,55.94,44.06,68,39.92,41.7,51.1,36,39,25,28,44.1,27.7,32,26.1,28,24.1,41
44.6,48.2,48.92,55.4,51.98,41,64.4,39.92,40.3,44.1,35.1,36.9,25,19,41,25,27,27,26.1,23,42.08
41.72,51.8,48.92,55.4,51.98,42.08,62.6,39.92,39,42.1,32,35.2,25,25,39,23,28.9,25,23,24.1,41
43.16,51.8,48.02,53.6,50,41,59,41,38.7,37.9,32,36,24.6,26.1,37.9,20.8,28,25,23,24.1,39.92
42.44,48.2,48.02,51.8,44.96,37.94,57.2,39.92,38.3,35.1,33.1,34.2,24.4,26.1,37.9,16.9,27,24.1,19,23,39.02
42.26,46.4,46.94,50,44.06,37.94,55.4,39.02,37.9,35.1,30.9,32,24.1,26.1,37,16.9,27,19.9,21,23,39.02
38.48,44.6,46.04,48.2,42.08,39.92,55.4,35.96,37.9,32,34,33.1,24.4,26.1,37,14.9,27,21,23,23,37.94
33.44,48.2,46.04,46.4,42.98,41,53.6,35.06,37.9,32,34,33.1,24.6,26.1,37,13.3,26.1,21,19.9,25,39.02
36.5,48.2,44.96,46.4,39.02,39.92,55.4,33.08,37.9,30.9,34,30.9,25,27,37,12.4,26.1,21.9,19,25,39.92
37.58,48.2,44.06,46.4,37.94,39.92,53.6,33.08,38.3,28.9,32,33.1,25,27,37,11.3,26.1,19.9,17.1,24.1,39.02
31.64,46.4,42.98,44.6,41,37.94,51.8,33.08,38.7,27,32,32,25,26.1,37,10.2,27,21,19.9,23,37.94
35.42,48.2,42.98,44.6,35.96,37.94,51.8,33.98,39,26.1,30.9,32,25,26.1,36,9.3,27,21,19,23,44.06
37.76,48.2,42.98,44.6,37.94,39.02,53.6,33.08,39.4,27,30.9,33.1,25.3,25,35.1,9.1,28,21,19,21.9,42.98
37.94,50,41,46.4,39.92,39.92,55.4,32,39.6,27,33.1,33.1,25.7,26.1,34,7.9,25,21,19.9,21.9,42.98
37.76,48.2,42.08,44.6,37.94,39.02,54.32,33.08,39.9,25,30.9,33.1,26.1,26.1,34,7.9,27,21,19.9,21.9,42.98
33.98,48.2,44.96,46.4,39.02,39.02,53.6,33.08,40.3,26.1,30,32,26.8,26.1,33.1,5.9,28,19,19.9,19.9,42.98
40.28,53.6,48.92,50,46.04,42.08,51.8,35.96,40.6,28,33.1,33.1,27.3,27,32,10.9,25,19.9,21,21,42.98
46.76,55.4,53.96,53.6,53.96,42.98,55.4,35.96,41,32,34,35.1,28,27,32,16,25,19.9,23,23,42.08
48.74,57.2,55.04,59,57.02,44.96,57.2,44.96,41,37.9,36,37.9,28.9,28,34,19.9,26.1,21,24.1,24.1,41
51.26,59,57.92,60.8,59,46.94,62.6,42.08,41,43,39,39,30,28.9,35.1,25,28,25,25,26.1,41
53.06,60.8,57.92,60.8,59,48.92,64.4,44.06,41,45,41,39.9,30.9,30,37,28.9,30,26.1,28,26.1,42.08
52.52,60.8,59,62.6,59,46.94,64.4,41,41.7,48,42.1,41,30.9,30,37.9,30.9,28.9,26.1,30,26.1,42.08
51.62,60.8,60.98,62.6,59,48.02,66.2,41,42.3,51.1,41,41,30.9,30,37,32,27,26.1,30,26.1,42.98
49.82,59,60.08,62.6,57.92,48.02,69.8,41,43,50,41,39.9,30.9,28.9,37,32,25,21.9,27,26.1,42.98
46.58,55.4,59,60.8,53.06,46.04,66.2,42.08,43.3,46,37.9,38.3,30.6,25,36,25.9,21.9,21.9,21,25,42.08
45.5,53.6,57.02,55.4,51.08,44.06,66.2,39.02,43.7,41,37.9,41,30.4,19.9,33.1,20.8,21,21,21,24.1,42.08
40.82,51.8,55.94,53.6,50,41,62.6,39.02,44.1,37.9,37,39.7,30,16,30,18,21.9,18,23,23,42.98
37.4,51.8,53.96,51.8,46.94,39.02,60.8,39.92,45.3,34,37,39.7,30,14,28,18.9,21,12,25,21.9,44.06
37.4,48.2,53.06,50,42.98,37.94,59,37.04,46.8,33.1,37,40.6,30,12.9,26.1,14.9,21.9,10.9,25,23,44.06
34.52,48.2,51.98,50,44.06,35.96,57.2,35.96,48,32,35.1,36.1,30,15.1,26.1,14,21.9,10.9,25,21.9,44.06
34.34,48.2,51.08,46.4,44.06,35.96,57.2,33.08,46.9,32,36,34,29.7,18,23,12.9,23,10.9,25,23,46.04
33.8,48.2,48.92,44.6,42.98,35.06,55.4,35.96,46,30,35.1,35.1,29.3,19.9,21,11.5,23,12.9,25,21.9,46.94
36.86,48.2,48.02,44.6,39.92,33.98,53.6,33.08,45,28.9,35.1,36,28.9,19,24.1,10.6,21,12,26.1,21.9,46.94
37.4,50,48.02,42.8,39.02,33.98,53.6,30.92,45.3,28,34,37.9,28.6,18,21.9,9.7,19.9,10.9,25,21.9,48.02
38.66,46.4,48.02,46.4,37.04,35.06,51.8,28.94,45.7,30.9,34,37.9,28.4,16,23,8.6,21.9,12,25,21.9,48.02
37.76,46.4,46.94,41,35.96,35.06,51.62,30.02,46,28,36,39,28,16,23,7.9,21,10.9,25,21.9,48.02
38.84,48.2,48.02,41,33.98,37.94,51.8,26.96,45,28.9,36,37.9,27,15.1,23,7,21,10.9,25,21,48.02
39.56,51.8,44.96,42.8,33.98,37.94,50,26.96,44.1,28.9,37,39,26.1,12,23,7.9,19.9,12,24.1,19.9,48.02
45.14,51.8,46.04,46.4,35.96,37.94,50,28.94,43,28,37.9,39,25,7,24.1,7,18,12.9,21.9,19.9,48.02
46.58,51.8,50,46.4,37.04,37.94,48.2,30.92,43.7,28,37.9,39,25.3,3.9,25,7.2,19,15.1,21.9,17.1,48.02
48.2,53.6,53.96,51.8,39.02,39.02,53.6,35.06,44.2,30.9,39,39.9,25.7,8.1,28,9,19,17.1,21.9,15.1,48.02
50.9,57.2,55.94,55.4,41,41,57.2,39.92,45,32,41,39.9,26.1,10.9,32,16,21.9,21.9,21.9,17.1,48.92
53.42,59,59,62.6,44.06,42.08,60.8,42.08,45.3,35.1,41,41,26.8,14,34,21.9,21.9,25,24.1,17.1,50
55.22,62.6,60.98,66.2,50,44.96,62.6,44.96,45.7,37.9,44.1,41,27.3,19,37,26.8,26.1,26.1,26.1,19,48.92
53.6,62.6,62.06,66.2,51.98,46.04,64.4,46.94,46,39,44.1,42.1,28,21,37.9,30.9,28.9,30,27,19,50
54.32,64.4,62.96,68,53.06,46.04,66.2,46.94,45.3,39.9,43,43,28,21.9,37.9,32.9,28.9,30,30.9,19.9,50
53.6,62.6,62.06,66.2,53.96,46.04,68,46.94,44.8,41,44.1,44.1,28,21.9,37.9,34,28.9,30,30,19.9,48.92
52.88,60.8,62.96,66.2,53.96,46.04,69.8,44.06,44.1,39.9,44.1,43,28,19,37.9,30.9,28.9,30,30.9,21,48.92
50.9,55.4,60.98,62.6,50,46.04,68,37.94,41.7,39.9,42.1,42.1,27.7,14,37.9,25.9,28,26.1,21.9,21,48.92
49.46,51.8,60.08,59,46.94,44.96,64.4,33.98,39.4,36,43,42.1,27.3,14,33.1,19.9,28,26.1,17.1,21,48.02
46.04,51.8,60.08,57.2,46.04,46.04,62.6,30.92,37,32,42.1,42.1,27,16,33.1,18.9,27,26.1,18,19.9,50
45.68,48.2,59,59,46.04,46.94,60.8,28.94,36.7,34,37.9,42.1,27,19,33.1,14,26.1,25,18,19.9,48.02
44.24,46.4,57.02,60.8,44.96,50,55.4,28.94,36.3,36,39.9,42.1,27,19,35.1,14.9,25,26.1,17.1,19.9,48.02
42.08,44.6,55.04,53.6,42.98,51.98,53.6,26.96,36,36,37.9,41,27,19.9,36,11.8,26.1,25,18,19.9,48.92
40.82,48.2,53.96,53.6,42.98,51.08,51.8,26.06,35.2,50,37,41,26.6,21,37,11.1,24.1,25,19,19.9,46.94
41.54,46.4,53.06,51.8,41,51.98,51.8,24.08,34.7,51.1,33.1,39,26.4,21.9,39,10,23,27,19.9,19,48.02
41.54,50,53.96,48.2,39.02,48.02,53.6,24.08,34,50,35.1,41,26.1,23,39.9,9.5,23,26.1,19,19,48.02
39.2,46.4,51.08,46.4,37.94,48.02,51.8,21.92,34.7,51.1,33.1,39.9,25,23,39,8.8,23,25,19.9,19,46.94
41.54,48.2,51.08,46.4,44.06,46.94,53.6,23,35.2,46.9,33.1,39.9,24.1,24.1,39.9,8.1,23,26.1,19.9,19,44.96
42.98,48.2,50,42.8,44.06,46.94,51.8,23,36,46,35.1,39.9,23,25,42.1,7.7,23,27,19.9,19,42.98
43.34,51.8,51.08,42.8,41,44.96,51.8,24.08,36.3,44.1,35.1,41,23,26.1,43,7.9,23,27,19.9,17.1,41
44.78,46.4,50,42.8,39.92,46.94,50,21.92,36.7,43,34,41,23,27,41,7,23,25,21,17.1,39.02
45.5,46.4,50,39.2,42.08,46.04,51.8,23,37,41,34,40.1,23,28,43,5.9,24.1,25,21,17.1,37.94
44.78,46.4,51.08,44.6,42.08,46.04,51.8,24.98,37.9,41,34,39,23,28.9,44.1,5,24.1,25,21,18,39.02
48.2,48.2,53.96,53.6,44.06,46.04,53.6,30.92,39,41,35.1,39.7,23,30,42.1,9.9,25,27,21.9,18,39.92
50.72,50,55.94,55.4,46.94,48.02,57.2,37.94,39.9,41,36,42.3,23,30,42.1,18,28,28.9,21.9,18,42.08
53.42,53.6,57.92,60.8,50,50,60.8,42.08,40.6,42.1,36,43,24.1,30.9,44.1,23.5,30,30.9,25,19,44.06
54.86,53.6,59,62.6,53.06,50,62.6,44.06,41.4,43,37,43.3,25,32,42.1,28.9,33.1,33.1,26.1,19.9,44.96
55.04,53.6,60.08,64.4,55.04,51.08,66.2,44.96,42.1,45,37.9,44.1,26.1,34,41,31.6,34,34,28,21.9,44.96
55.76,55.4,60.98,66.2,55.04,48.92,68,46.94,42.1,46,39,43.2,26.8,34,43,34,35.1,34,30,21.9,44.96
55.76,57.2,60.98,64.4,55.04,48.92,66.2,46.04,42.1,46,39.9,43,27.3,34,43,34.9,35.1,33.1,30,21.9,42.98
54.86,53.6,60.08,62.6,53.96,48.92,68,42.08,42.1,46,39.9,39.9,28,33.1,42.1,33.1,33.1,30,28,23,41
50.9,51.8,59,59,50,50,68,37.04,41.4,44.1,39.9,37,27.3,33.1,39.9,29.8,32,28,25,23,39.92
50.36,48.2,57.02,55.4,46.94,50,64.4,30.92,40.6,43,39,37,26.8,33.1,39.9,23.9,32,28.9,25,21.9,37.94
48.56,46.4,53.96,51.8,44.06,50,64.4,30.92,39.9,41,39,37,26.1,33.1,41,19.9,32,30,26.1,21.9,39.02
46.76,46.4,51.98,50,41,50,62.6,28.94,39.9,42.1,39,35.1,25.7,33.1,42.1,16,32,30,26.1,21.9,39.02
46.4,42.8,50,48.2,42.08,48.92,62.6,26.96,39.9,41,39,36,25.3,33.1,44.1,14.9,32,30,25,21.9,37.94
40.64,44.6,51.08,48.2,42.08,44.96,60.8,26.96,39.9,39.9,39,36,25,33.1,43,14,30.9,30,23,21.9,39.02
37.76,42.8,48.92,46.4,44.06,44.96,60.8,24.08,39.6,41,37,35.1,25.3,34,43,12.9,30.9,30,23,19,37.04
35.06,42.8,48.92,46.4,41,44.96,60.8,24.98,39.4,39.9,37.9,35.1,25.7,33.1,39.9,11.5,30,30,21.9,18,35.96
35.6,37.4,46.94,42.8,39.02,44.96,59,26.06,39,39,37.9,33.1,26.1,32,39.9,10.6,30.9,30,19.9,19,35.96
36.86,41,46.04,41,32,44.96,57.2,24.98,39.7,37.9,37.9,34,25,30.9,39.9,9.7,30.9,27,19.9,19.9,35.06
40.82,35.6,44.06,41,30.92,46.04,55.4,24.08,40.3,37,37.9,34,24.1,33.1,39,8.6,30.9,25,18,19.9,35.96
41.72,37.4,46.04,41,28.94,42.08,53.6,24.98,41,37,39,34,23,24.1,41,7.9,30,21.9,17.1,19.9,33.98
43.7,37.4,44.96,37.4,28.94,44.06,53.6,21.92,41.4,37,39,34,23.7,19,41,7.9,28.9,21,16,19.9,32
41.36,35.6,42.98,39.2,28.94,41,53.6,23,41.7,37,39,32,24.3,33.1,41,7,30.9,19,15.1,19.9,33.08
36.5,33.8,48.02,39.2,28.04,39.92,51.8,21.92,42.1,37,39,30.9,25,17.1,39.9,7,30,19,16,19.9,33.98
35.24,35.6,46.94,42.8,30.02,41,53.6,24.98,43,37,39,30,26.6,14,37.9,7.7,30,23,15.1,21,33.08
41.72,41,50,48.2,33.98,46.04,53.6,32,44.1,37.9,39.9,32,28.4,15.1,37,9.9,28.9,24.1,15.1,21,33.98
47.12,46.4,51.98,53.6,41,53.06,55.4,39.02,45,41,41,30.9,30,19,43,16.9,32,28.9,15.1,21.9,35.06
53.6,48.2,55.04,57.2,46.94,53.06,62.6,44.96,46.2,43,41,34,31.1,26.1,44.1,25,32,34,16,21.9,39.02
57.2,48.2,55.94,62.6,50,55.04,64.4,48.02,47.7,45,42.1,36,32,33.1,44.1,29.8,36,34,16,26.1,39.92
54.68,50,57.02,64.4,51.98,55.94,66.2,51.08,48.9,46.9,42.1,39,33.1,34,44.1,34.9,39.9,36,17.1,26.1,39.92
55.58,51.8,57.92,66.2,51.98,55.04,69.8,51.98,50.5,46,42.1,40.1,33.4,36,46,36,41,36,17.1,28,39.92
55.4,53.6,59,64.4,53.06,55.04,69.8,51.98,52.3,46,42.1,39.9,33.6,30.9,45,37.9,37,36,17.1,28,39.92
56.84,53.6,59,62.6,53.96,53.96,69.8,48.92,54,45,42.1,37.9,34,24.1,45,36,35.1,30,17.1,28,39.92
50.36,51.8,57.92,59,51.08,51.08,69.8,39.92,52.3,45,42.1,36,34.3,14,45,28.9,32,28,16,26.1,37.94
42.44,48.2,55.94,55.4,46.04,46.94,66.2,35.96,50.5,44.1,43,35.1,34.7,14,39.9,23,34,27,16,25,37.04
38.12,46.4,53.96,55.4,42.98,46.04,60.8,32,48.9,44.1,43,30,35.1,12,37.9,19.9,32,23,16,25,37.94
38.3,46.4,51.98,53.6,39.92,44.96,55.4,28.94,50.9,42.1,42.1,34,35.1,8.1,37,18.3,30.9,21,15.1,25,35.96
36.86,50,51.08,50,37.94,42.98,51.8,30.02,53.1,41,42.1,33.1,35.1,12,37.9,16.9,32,25,14,21.9,35.96
35.42,51.8,53.06,48.2,39.02,39.92,50,28.94,55,39.9,43,33.1,35.1,9,37.9,14.9,28.9,24.1,12.9,24.1,37.04
36.14,50,48.02,48.2,35.96,39.92,51.8,30.02,54.3,39.9,43,32,35.1,8.1,36,12.9,28.9,25,12.9,21,39.02
35.6,48.2,46.94,46.4,33.98,39.02,51.8,32,53.8,39.9,44.1,30.9,35.1,7,34,11.8,28.9,24.1,10.9,21,37.04
34.34,50,46.94,46.4,33.08,37.04,48.2,33.08,53.1,39.9,43,30,35.1,3,33.1,11.1,26.1,24.1,9,19,33.98
33.98,48.2,48.02,44.6,32,35.96,48.2,32,52.7,39,43,30.9,36,-0.9,33.1,10.4,27,23,5,19,33.98
34.52,48.2,44.96,44.6,30.92,35.96,46.4,30.02,52.3,39,43,32,37,3,32,9.5,24.1,19.9,1,18,35.06
36.86,48.2,48.02,42.8,33.08,35.06,44.6,30.92,52,39.9,46,30,37.9,1,30.9,9,25,21,-0.9,18,35.96
34.88,50,42.08,44.6,33.08,35.06,44.6,30.92,52,39,50,30.9,37.9,-0.9,28.9,9,27,19,-0.9,18,35.96
34.7,50,44.96,44.6,32,33.98,42.8,30.92,52,39.9,51.1,30.9,37.9,0,28.9,9,27,18,-2.9,18,37.04
32.18,51.8,44.06,42.8,30.92,35.06,42.8,30.92,52,39.9,48,28.9,37.9,-2.9,28,7,27,17.1,-5.1,18,37.04
33.44,51.8,44.96,44.6,30.92,33.98,42.8,32,52.3,39,48,30,38.7,-2.9,26.1,7,26.1,15.1,-6,15.1,33.98
39.2,51.98,48.92,46.4,35.96,33.98,46.4,33.08,52.7,41,48,30,39.2,1,26.1,10.9,25,12.9,-8,17.1,30.02
49.28,51.8,55.04,48.2,42.08,35.06,48.2,35.96,53.1,42.1,48,32,39.9,5,27,16.9,27,21.9,-4,17.1,30.92
54.68,53.6,57.02,53.6,48.02,35.06,53.6,39.02,53.4,43,51.1,32.2,40.3,12,30,23.9,33.1,27,1.9,17.1,32
54.5,53.6,62.96,53.6,51.98,35.06,59,42.98,53.6,44.1,50,32.4,40.6,16,32,28.9,34,30,7,18,35.96
55.22,53.6,62.06,53.6,55.04,35.96,62.6,48.02,54,46,51.1,33.1,41,19,33.1,32.9,34,30.9,12,18,37.94
55.22,53.6,62.06,55.4,57.02,37.04,64.4,48.02,53.6,48,52,34.2,41,21.9,32,32.9,35.1,30.9,15.1,19,37.94
56.3,53.6,62.96,55.4,57.92,37.94,64.4,48.02,53.4,48,51.1,36,41,21,33.1,34.9,34,32,14,19,37.94
55.04,53.6,62.06,55.4,57.92,39.02,64.4,46.04,53.1,48,51.1,37,41,21,32,34,33.1,28,14,21,37.04
51.44,53.6,60.08,55.4,53.06,39.02,64.4,41,52,46.9,48.9,42.1,40.6,19,30.9,27.7,30,25,12.9,21,35.06
45.68,53.6,57.92,53.6,50,37.04,62.6,35.96,51.1,43,50,42.1,40.3,19,30.9,21.9,28.9,19.9,12.9,21,33.98
43.16,51.8,55.94,53.6,44.96,35.96,60.8,33.98,50,44.1,50,41,39.9,18,30.9,18.9,30,21,12,21,33.98
43.16,51.8,53.96,53.6,42.08,35.06,59,35.06,49.6,39.9,48.9,41,39.9,18,30.9,18.9,26.1,21,12,21,33.98
43.52,53.6,51.98,53.6,39.02,33.98,57.2,30.92,49.3,39.9,46.9,41,39.9,12,32,14,25,21.9,12.9,21,33.98
44.6,51.8,50,51.8,37.94,32,55.4,35.06,48.9,39,46.9,41,39.9,15.1,30.9,12.9,21,21,12,21,33.08
45.32,51.8,48.92,51.8,35.96,35.06,55.4,35.06,48.6,37.9,44.1,39.9,39.6,17.1,30.9,12.9,27,18,12.9,21,33.08
43.16,51.8,46.04,51.8,33.08,35.06,53.6,33.08,48.4,36,45,37,39.4,18,30.9,9.9,23,16,12,19.9,33.98
42.08,53.6,44.96,51.8,32,35.06,53.6,33.98,48,39,46,37.9,39,18,30,8.8,23,12,12,19.9,33.98
40.82,53.6,42.08,51.8,33.98,33.98,53.6,35.06,46.9,39,44.1,39,37.8,19,30,7.5,21,14,12,19.9,33.08
38.48,53.6,44.06,51.8,30.92,33.98,55.4,35.06,46,39.9,44.1,39.9,36.3,19.9,30,6.3,21,12.9,12,19.9,33.08
38.3,51.8,44.06,51.8,30.92,32,53.6,35.06,45,39.9,42.1,42.1,35.1,19.9,30,5.4,19,14,12,18,32
36.86,51.8,42.08,51.8,33.08,30.02,53.6,35.96,45.3,39.9,39.9,39.9,34.3,19.9,30,5,19,14,12.9,19.9,30.02
34.88,53.6,41,51.8,33.98,30.92,51.8,37.04,45.7,39,39.9,41,33.8,19.9,30,4.5,19,14,12,19.9,30.02
33.8,51.8,41,51.8,33.98,30.02,51.8,35.06,46,39,42.1,39.9,33.1,19.9,30,3.9,19,14,12.9,19,32
33.8,53.6,42.98,51.8,35.06,30.92,51.8,35.96,46.8,37.9,42.1,39.9,34,19.9,30,3.9,17.1,12.9,12.9,18,33.08
35.06,53.6,48.92,53.6,37.04,35.06,53.6,37.04,47.3,37.9,42.1,41,35.1,21,30,8.4,19.9,12,14,17.1,33.08
45.86,53.6,55.04,57.2,42.08,39.02,57.2,39.02,48,37.9,44.1,42.6,36,23,30,14,23,12,15.1,17.1,33.98
50.54,53.6,59,57.2,42.98,44.06,62.6,42.98,49.1,39,45,44.1,37.9,26.1,30,19.9,24.1,10,16,18,35.06
52.34,50,60.98,59,44.96,46.04,64.4,44.96,50,42.1,45,45,40.1,26.1,28.9,25,28,7,17.1,19.9,35.96
54.14,50,62.06,59,48.92,48.92,66.2,48.02,51.1,46,46,45,42.1,27,28.9,27.9,30,6.1,19,21,37.04
55.94,48.2,64.04,59,53.96,51.08,69.8,48.92,50,46.9,46,45.1,41,26.1,30,30.7,30.9,5,19.9,21.9,37.04
56.48,48.2,64.04,57.2,55.94,51.98,71.6,51.08,49.1,46.9,45,46,40.1,25,30,32.9,30.9,3,19.9,21.9,37.04
54.5,48.2,62.96,57.2,55.04,53.06,71.6,50,48,46.9,45,46,39,21.9,30.9,32,30,3,21,19,37.04
52.34,46.4,60.98,57.2,51.08,50,71.6,42.98,46.4,46,45,44.1,36.7,19,30.9,27,26.1,1,19.9,21.9,37.04
44.42,46.4,59,53.6,46.94,46.04,68,37.04,44.6,44.1,45,44.1,34.3,17.1,30.9,20.7,24.1,0,19,21,37.04
48.2,46.4,55.94,53.6,41,41,66.2,35.06,43,42.1,43,43,32,14,30.9,14.9,26.1,-0.9,18,18,35.96
42.62,46.4,55.04,53.6,39.92,37.04,64.4,33.08,41.7,39.9,41,43,31.3,14,30.9,14,24.1,-2.9,18,15.1,37.04
39.38,46.4,53.96,53.6,37.04,35.96,62.6,32,40.3,39,39.9,43,30.7,12,32,14.9,19,-4,16,12.9,37.04
38.66,46.4,51.08,53.6,39.02,35.06,60.8,30.92,39,39,39.9,44.1,30,8.1,32,11.8,16,-4,16,15.1,37.04
41,46.4,51.08,51.8,35.96,33.08,60.8,28.94,39,39,39,44.1,30,12.9,32,11.8,12,-5.1,16,16,37.04
38.3,46.4,50,51.8,35.06,30.92,59,28.04,39,37,37.9,44.1,30,15.1,30.9,11.5,10,-6,16,16,39.02
38.12,46.4,50,51.8,32,30.92,57.2,26.96,39,37.9,36,42.1,30,18,30.9,11.7,8.1,-8,15.1,15.1,39.02
37.94,46.4,46.94,51.8,30.02,32,55.4,26.96,39.4,37,35.1,42.1,29.7,18,30,11.8,8.1,-9,12,14,39.02
37.76,46.4,48.02,51.8,30.02,30.02,55.4,24.98,39.6,37,34,45,29.3,17.1,28.9,11.8,5,-9,12,16,41
37.76,46.4,48.92,50,30.92,28.94,53.6,26.96,39.9,37,34,46.9,28.9,19,28.9,12.2,3,-9,12.9,16,42.08
37.04,46.4,46.94,51.8,30.92,28.04,53.6,28.04,40.3,36,33.1,48,28.9,18,28,13.1,3.9,-8,12.9,16,42.08
37.04,46.4,44.96,51.8,33.98,26.96,55.4,28.94,40.6,36,32,48.9,28.9,19.9,27,12.9,1.9,-9,12.9,15.1,42.98
36.14,48.2,44.96,51.8,32,26.06,51.8,26.96,41,37,30.9,48.9,28.9,21.9,25,14.9,3,-9,12.9,12,44.06
35.78,48.2,46.94,51.8,30.92,26.96,51.8,30.02,42.3,37,30.9,48.9,29.3,21,21.9,14.9,1.9,-9,12,12,44.06
42.62,48.2,51.08,51.8,33.08,28.04,55.4,32,43.7,37.9,30.9,50,29.7,21.9,21.9,16,1.9,-9,10.9,15.1,44.96
50.9,50,57.02,53.6,37.94,30.92,60.8,35.06,45,39,33.1,50.2,30,23,24.1,19.9,3,-8,10.9,15.1,44.96
53.06,51.8,62.06,53.6,44.06,35.96,64.4,39.92,45.7,43,41,50.2,31.1,24.1,26.1,25,3.9,-7.1,15.1,16,48.02
55.22,51.8,64.04,57.2,50,35.96,66.2,42.08,46.2,44.1,46.9,51.1,32,25,28,32,5,-5.1,18,18,48.92
56.84,51.8,66.02,57.2,53.06,37.94,69.8,44.06,46.9,44.1,46,51.1,33.1,28,30,34,6.1,-5.1,19,18,50
56.84,51.8,68,57.2,55.94,39.92,71.6,44.06,46.9,46,46,51.1,34,27,32,34,6.1,-4,19.9,19,50
58.64,51.8,66.92,57.2,57.92,39.92,71.6,44.06,46.9,46.9,46,52,35.1,26.1,33.1,34,7,-5.1,19,19,50
56.48,50,66.02,55.4,57.92,41,71.6,44.06,46.9,46.9,44.1,52,36,23,33.1,32,8.1,-5.1,19,19.9,50
53.42,50,64.94,51.8,53.96,39.92,71.6,41,46,41,43,51.1,34.3,19.9,30.9,30.9,7,-6,19,19,48.02
51.08,50,60.98,50,48.02,39.02,69.8,37.04,45,39,42.1,50.9,32.5,19.9,28,27.9,7,-8,19,19,48.02
48.56,50,57.92,51.8,44.96,39.02,66.2,35.06,44.1,36,42.1,51.1,30.9,19.9,25,25.9,6.1,-9,19,19,44.96
44.42,50,59,53.6,42.98,39.02,64.4,32,44.4,32,42.1,51.1,30,19.9,21.9,25,7,-8,19,19,46.04
43.34,48.2,57.02,51.8,39.02,37.94,62.6,30.92,44.6,33.1,42.1,50,28.9,21,21.9,25,5,-8,19.9,19,46.94
42.26,48.2,55.04,53.6,37.04,37.94,60.8,30.92,45,32,43,50,28,21,23,25,1.9,-9.9,19.9,19,46.94
41.54,46.4,53.96,51.8,37.04,37.94,59,30.02,45,28.9,42.1,48.7,28.4,21,21.9,23.9,1.9,-11.9,19.9,19,48.02
40.82,48.2,51.98,51.8,35.96,37.94,55.4,30.02,45,28.9,41,48.9,28.6,21,21,23.4,0,-9.9,19.9,19,46.94
39.92,48.2,51.98,53.6,33.98,37.94,55.4,28.04,45,28,41,48.9,28.9,21.9,21,23.4,0,-13,19.9,16,46.94
40.28,47.66,51.08,52.88,33.98,37.94,53.6,28.94,44.1,26.1,39.9,50,27.3,21.9,21,23.2,0,-11.9,21.9,17.1,48.02
38.3,47.3,50,52.34,33.08,37.94,53.6,28.04,43,26.1,41,50,25.7,21.9,21,23,0,-15,21.9,16,48.02
39.02,46.76,51.08,51.8,33.08,37.94,53.6,28.04,42.1,24.1,41,50,24.1,21.9,21.9,23.2,0,-11.9,21.9,18,48.92
39.92,46.4,50,51.8,32,37.94,53.6,26.96,41.4,24.1,39.9,50,23,19.9,21,23.9,-0.9,-13,23,17.1,48.02
38.12,48.2,48.02,51.8,28.94,37.94,51.8,26.96,40.6,26.1,39.9,50,22.1,19,21.9,23.9,-4,-13,23,16,48.02
37.76,48.2,50,50,30.02,37.94,51.8,26.06,39.9,26.1,39.9,48.9,21,18,21.9,23.9,-2,-14.1,24.1,16,48.02
35.96,48.2,50,48.2,33.98,37.94,51.8,28.94,41,26.1,39.9,48.9,23,16,21.9,23.9,-4,-18,23,17.1,48.92
41,48.2,53.96,50,33.98,37.94,55.4,32,41.9,24.1,39.9,48.9,25,16,23,23.9,-2.9,-18.9,24.1,17.1,48.92
50.9,51.8,62.96,50,37.04,39.02,59,35.06,43,28,41,48.9,27,17.1,25,25,1,-11,24.1,18,50
54.5,53.6,64.94,51.8,39.2,41,64.4,42.08,45,30.9,42.1,50,28.6,21.9,27,25.9,1,-7.1,26.1,15.1,50
55.22,53.6,68,55.4,44.06,44.06,69.8,44.96,46.9,36,43,51.1,30.4,25,28.9,27,1.9,-4,26.1,16,50
56.84,55.4,68,53.6,48.92,46.94,71.6,48.02,48.9,42.1,46,52,32,26.1,30.9,28.9,8.1,-4,27,16,50
57.56,55.4,71.06,55.4,51.98,51.08,71.6,46.94,48.9,44.1,46,52,31.6,28,30.9,29.8,5,-4,27,18,50
59.18,53.6,68,55.4,53.06,51.98,73.4,46.94,48.9,46.9,46,51.1,31.3,28,34,29.8,5,-2.9,26.1,18,50
57.56,53.6,66.92,55.4,53.06,51.08,73.4,44.96,48.9,46.9,45,51.1,30.9,28.9,33.1,27.9,3.9,-4,26.1,15.1,50
53.06,53.6,64.94,53.6,46.94,46.94,71.6,42.98,46.9,43,43,48.9,29.3,28,30.9,25.9,3,-6,26.1,17.1,48.92
48.2,51.8,62.96,53.6,46.04,44.96,69.8,42.98,45,35.1,42.1,48.9,27.7,28,30,25.9,3,-8,25,16,46.94
44.6,51.8,62.06,53.6,42.08,42.98,66.2,44.96,43,35.1,42.1,48.9,26.1,28,26.1,25.9,3.9,-9.9,26.1,15.1,48.02
44.24,50,62.06,53.6,42.08,39.92,62.6,42.08,42.3,33.1,42.1,48,25.3,28,26.1,26.8,3.9,-9,26.1,12,44.96
42.08,48.2,60.98,51.8,37.94,39.02,60.8,39.02,41.7,28.9,43,48.9,24.8,28.9,24.1,27.9,5,-9,26.1,12.9,44.06
42.98,48.2,62.06,51.8,37.94,37.94,57.2,35.96,41,28.9,42.1,48,24.1,28,21,27.9,5,-9,27,15.1,44.06
41.54,50,59,51.8,33.08,39.02,57.2,37.04,41,27,42.1,48,23.7,25,23,27.9,6.1,-8,28,14,41
38.84,51.8,59,50,32,37.94,57.2,37.94,41,28,37.9,46,23.4,26.1,24.1,27,9,-9.9,28,14,42.08
39.56,51.8,57.02,50,28.94,39.92,55.4,35.06,41,27,39,46,23,28,25,26.6,7,-7.1,28,15.1,42.98
41.9,51.8,55.04,50,30.02,39.92,57.2,35.96,39.9,25,37.9,45,22.6,35.1,21.9,26.2,8.1,-5.1,28,15.1,44.06
42.26,53.6,53.96,48.2,30.02,39.02,53.6,35.96,39,26.1,39,45,22.3,44.1,21,25.7,8.1,-5.1,30,15.1,44.06
38.84,53.6,55.04,46.4,30.02,39.92,57.2,35.06,37.9,26.1,39.9,43,21.9,45,21.9,25.5,9,-4,30,16,42.98
38.12,51.8,53.96,46.4,32,42.98,53.6,35.06,37.9,23,39,43,21.6,45,21,25.9,10,-5.1,33.1,16,42.08
38.12,51.8,53.06,46.4,32,42.98,53.6,35.06,37.9,21.9,41,41,21.4,45,21,25.9,10,-5.1,30.9,15.1,42.98
37.4,51.8,53.06,44.6,32,46.04,53.6,35.96,37.9,23,37.9,41,21,44.1,23,27,10,-4,33.1,16,44.06
37.94,51.8,53.96,48.2,32,44.06,51.8,37.04,39,21.9,37,39.9,23,44.1,24.1,27,12,-4,35.1,16,44.06
42.08,53.6,60.08,50,33.98,48.02,53.6,42.98,39.9,26.1,39,39,25,42.1,25,27.9,10.9,-2,36,16,44.06
51.8,53.6,66.02,55.4,37.04,51.08,59,44.96,41,30.9,42.1,42.1,27,44.1,19.9,27,15.1,0,36,16,44.06
55.4,51.8,69.08,55.4,42.98,51.98,60.8,48.92,43,36,45,46,29.7,44.1,28,27.9,17.1,5,36,18,46.04
56.12,53.6,71.96,57.2,48.92,51.08,66.2,50,45,39.9,46.9,46.9,32.4,46,30.9,28.9,19,6.1,36,18,46.04
56.66,55.4,71.96,57.2,51.98,50,69.8,51.08,46.9,45,48,48,35.1,46.9,30,27.9,21,9,37,18,46.94
60.44,53.6,71.96,55.4,55.04,53.96,69.8,53.06,47.3,48,48,50,35.4,46,35.1,28.9,21,10.9,37,18,46.94
58.82,53.6,71.96,57.2,57.02,55.04,71.6,53.06,47.7,48.9,46.9,48.9,35.6,44.1,32,28.9,19.9,10.9,37.9,18,46.94
57.2,53.6,71.06,53.6,55.04,57.02,71.6,51.98,48,48,45,48,36,44.1,30.9,29.8,18,12,37.9,23,46.94
54.5,51.8,66.02,53.6,51.08,57.02,71.6,50,45,42.1,41,42.1,34.7,42.1,33.1,29.8,15.1,10,37,23,46.04
50,51.8,64.94,53.6,46.94,55.04,68,48.92,42.1,41,39.9,42.1,33.3,41,34,28.9,14,1,37,19.9,44.96
47.84,53.6,64.04,53.6,44.96,55.04,64.4,46.04,39,39,39.9,39.9,32,39.9,34,32.9,12.9,3,37,23,44.06
46.76,51.8,64.04,51.8,42.98,53.96,64.4,44.06,37.4,35.1,37.9,44.1,30.7,37,32,32.9,12,7,33.1,18,42.08
44.96,51.8,64.04,51.8,37.94,53.06,64.4,44.96,35.6,30,37,39.9,29.3,30.9,35.1,32.9,9,8.1,35.1,18,42.08
43.16,51.8,62.96,51.8,37.04,53.06,64.4,39.02,34,28.9,35.1,39.9,28,28.9,33.1,34,8.1,10,30.9,17.1,42.98
41.54,51.8,62.06,51.8,35.96,53.06,62.6,35.96,34,28,34,39,25.7,28.9,33.1,32.9,6.1,12.9,30,16,41
42.26,51.8,60.08,51.8,33.08,53.06,60.8,39.02,34,25,33.1,39,23.4,28,34,31.5,8.1,15.1,33.1,15.1,39.92
43.16,51.8,57.92,51.8,32,51.98,59,41,34,26.1,30,41,21,26.1,30.9,30.4,9,0,33.1,9,39.92
44.24,51.8,57.02,51.8,33.08,51.08,60.8,41,32.9,27,28.9,39,19.4,25,30,29.3,10,-8,32,10.9,39.92
43.88,50,57.92,50,30.92,50,60.8,41,32,28,28.9,36,17.6,27,30,28.2,9,-11.9,30.9,12,39.02
43.34,48.2,57.92,48.2,30.92,50,60.8,42.08,30.9,28.9,28,37,16,25,30,27.3,12,-13,30.9,12,39.02
42.8,50,59,48.2,32,53.06,60.8,42.98,30.6,28.9,25,36,15.6,26.1,32,27.1,12.9,-11.9,30.9,15.1,35.06
41.72,48.2,55.94,48.2,30.92,53.06,60.8,42.98,30.4,30,25,37,15.4,28,36,25.9,14,-15,28.9,14,35.96
39.92,48.2,57.92,48.2,32,53.06,60.8,42.98,30,28.9,24.1,37,15.1,28.9,32,23.9,15.1,-18.9,32,15.1,33.08
41,48.2,57.92,48.2,30.92,53.96,60.8,42.98,32.4,30,24.1,37.9,17.1,26.1,34,23.9,15.1,-18,32,12.9,35.06
42.08,46.4,62.06,48.2,33.98,55.04,59,46.04,34.7,30.9,25,39,19,26.1,33.1,23,17.1,-16.1,32,10,35.06
51.44,50,64.04,48.2,39.02,55.94,59,50,37,34,30.9,37.9,21,32,33.1,27,17.1,-11,32,12.9,37.04
56.3,51.8,69.98,50,44.96,59,60.8,51.98,40.1,39,35.1,37,21.7,37,36,30.9,23,-9.9,33.1,16,41
58.1,53.6,73.94,51.8,50,60.08,60.8,53.06,43,41,39,41,22.3,39,39.9,32.9,24.1,-9,33.1,16,42.08
57.92,53.6,75.02,53.6,51.98,62.96,64.4,53.06,46,42.1,42.1,43,23,39.9,39.9,36.9,25,-8,33.1,19.9,42.08
59.18,53.6,75.92,55.4,55.04,62.06,64.4,53.06,45.7,44.1,44.1,44.1,23,39,44.1,36.9,28,-7.1,27,19,44.06
58.64,51.8,73.04,55.4,55.94,62.06,66.2,51.98,45.3,45,44.1,43,23,39,46,34.9,10,-6,25,19,42.08
58.1,51.8,68,53.6,55.94,60.98,66.2,53.06,45,44.1,41,43,23,37.9,39,36.9,6.1,-7.1,23,18,41
55.94,50.36,66.02,51.44,53.06,59,64.4,51.98,39.9,42.1,37,45,22.6,35.1,36,34.9,3.9,-7.1,21.9,16,41
53.42,49.82,64.94,49.1,48.92,57.02,64.4,51.08,35.1,41,35.1,45,22.3,36,35.1,32,1.9,-8,21.9,23,39.92
51.62,49.28,64.04,47.84,42.98,55.04,62.6,50,30,41,35.1,48,21.9,35.1,34,32,0,-8,21.9,23,40.64
48.92,49.28,62.96,46.94,42.08,53.06,59,48.92,29.7,41,34,46.9,22.3,33.1,35.1,20.8,-0.9,-11,21,21,40.28
47.66,48.92,60.98,46.4,39.02,50,59,48.02,29.3,44.1,35.1,46,22.6,27,33.1,19.9,-0.9,-11.9,19.9,21,39.56
52.52,48.56,62.06,45.86,37.04,50,59,46.94,28.9,37,34,46,23,28.9,32,17.8,-2.9,-11,21,19.9,38.66
50.72,48.56,60.98,45.32,35.06,50,59,46.94,30,39,35.1,45,22.6,28.9,33.1,16,-4,-11,19,19.9,37.22
50.9,48.38,59,44.96,33.98,48.92,59,46.04,30.9,39.9,33.1,45,22.3,28.9,33.1,16.9,-4,-9.9,18,19.9,35.6
