{
    "loadshapes": {
        "Stream":[
            0,
            0,
            0,
            0,
            0,
            0,
            0,
            0,
            0.018501388,
            0.083256244,
            0.037927845,
            0.037002775,
            0.555041628,
            0.166512488,
            0.092506938,
            0.009250694,
            0,
            0,
            0,
            0,
            0,
            0,
            0,
            0           
        ],
        "Stream_Avg":[
            0,
            0,
            0,
            0,
            0,
            0,
            0,
            0,
            0,
            0.014925373,
            0.029850746,
            0.298507463,
            0.395522388,
            0.156716418,
            0.104477612,
            0,
            0,
            0,
            0,
            0,
            0,
            0,
            0,
            0          
        ]
    }
}