{
    "loadshapes": {
        "Stream":[
            0,
            0,
            0,
            0,
            0,
            0,
            0,
            0,
            0.011783901,
            0.03444525,
            0.040790428,
            0.045322698,
            0.049854967,
            0.057106599,
            0.110587382,
            0.049854967,
            0.033720087,
            0.025380711,
            0.081580856,
            0.126903553,
            0.135968093,
            0.078861494,
            0.072516316,
            0.045322698 
        ],
        "Stream_Avg":[
            0,
            0,
            0,
            0,
            0,
            0,
            0,
            0,
            0.020876827,
            0.041753653,
            0.052192067,
            0.052192067,
            0.057411273,
            0.065762004,
            0.128392484,
            0.041753653,
            0.036534447,
            0.028183716,
            0.09394572,
            0.1565762,
            0.090814196,
            0.083507307,
            0.043841336,
            0.006263048
        ]
    }
}