{
    "loadshapes": {
        "Stream": [
            0.304878049,
            0.12195122,
            0.036585366,
            0,
            0,
            0,
            0,
            0,
            0.036585366,
            0.024390244,
            0.006097561,
            0.006097561,
            0.006097561,
            0.012195122,
            0.018292683,
            0.030487805,
            0.024390244,
            0.018292683,
            0.073170732,
            0.06097561,
            0.103658537,
            0.012195122,
            0.030487805,
            0.073170732           
        ],
        "Stream_Avg": [
            0.204081633,
            0.086734694,
            0.045918367,
            0.005102041,
            0,
            0,
            0,
            0,
            0.030612245,
            0.030612245,
            0.015306122,
            0.025510204,
            0.025510204,
            0.010204082,
            0.010204082,
            0.005102041,
            0.010204082,
            0.020408163,
            0.020408163,
            0.035714286,
            0.071428571,
            0.12755102,
            0.071428571,
            0.147959184         
        ]
    }
}