{
    "loadshapes": {
        "Stream": [
            0.100529101,
            0.066137566,
            0.079365079,
            0.026455026,
            0,
            0,
            0.005291005,
            0.026455026,
            0.063492063,
            0.03968254,
            0.010582011,
            0.021164021,
            0.026455026,
            0.026455026,
            0.005291005,
            0.015873016,
            0.037037037,
            0.042328042,
            0.08994709,
            0.010582011,
            0.015873016,
            0.010582011,
            0.074074074,
            0.206349206
        ],
        "Stream_Avg": [
            0.072033898,
            0.038135593,
            0.016949153,
            0.021186441,
            0.008474576,
            0.008474576,
            0,
            0.016949153,
            0.038135593,
            0.084745763,
            0.06779661,
            0.050847458,
            0.033898305,
            0.033898305,
            0.059322034,
            0.050847458,
            0.063559322,
            0.050847458,
            0.080508475,
            0.050847458,
            0.042372881,
            0.025423729,
            0.042372881,
            0.042372881
        ]
    }
}