{
    "loadshapes": {
        "Stream":[
            0,
            0,
            0,
            0,
            0,
            0,
            0,
            0,
            0,
            0.039735099,
            0.026490066,
            0.182119205,
            0.317880795,
            0.062913907,
            0.102649007,
            0.039735099,
            0.043046358,
            0.119205298,
            0.033112583,
            0.013245033,
            0.013245033,
            0,
            0,
            0.006622517
        ],
        "Stream_Avg":[
            0,
            0.006134969,
            0.006134969,
            0.003067485,
            0,
            0,
            0,
            0,
            0,
            0.061349693,
            0.030674847,
            0.036809816,
            0.058282209,
            0.122699387,
            0.107361963,
            0.061349693,
            0.030674847,
            0.217791411,
            0.101226994,
            0.076687117,
            0.024539877,
            0.030674847,
            0.018404908,
            0.006134969
        ]
    }
}