{
    "loadshapes": {
        "Stream":[
            0.046728972,
            0.044392523,
            0.037383178,
            0.03271028,
            0.03271028,
            0.03271028,
            0.03271028,
            0.037383178,
            0.049065421,
            0.11682243,
            0.046728972,
            0.035046729,
            0.035046729,
            0.039719626,
            0.025700935,
            0.023364486,
            0.028037383,
            0.023364486,
            0.018691589,
            0.042056075,
            0.046728972,
            0.072429907,
            0.056074766,
            0.044392523
        ],
        "Stream_Avg":[
            0.04029304,
            0.034798535,
            0.029304029,
            0.027472527,
            0.021978022,
            0.021978022,
            0.021978022,
            0.021978022,
            0.023809524,
            0.036630037,
            0.06043956,
            0.067765568,
            0.071428571,
            0.062271062,
            0.075091575,
            0.043956044,
            0.045787546,
            0.036630037,
            0.045787546,
            0.042124542,
            0.042124542,
            0.042124542,
            0.042124542,
            0.042124542            
        ]
    }
}