{
    "loadshapes": {
        "Stream":[
            0.047709924,
            0.098600509,
            0.111323155,
            0.095419847,
            0.034987277,
            0.034987277,
            0.007951654,
            0.003180662,
            0.009541985,
            0.007951654,
            0.0206743,
            0.019083969,
            0.019720102,
            0.03975827,
            0.044529262,
            0.034987277,
            0.0206743,
            0.03975827,
            0.03975827,
            0.059160305,
            0.049300254,
            0.050890585,
            0.059160305,
            0.050890585
        ],
        "Stream_Avg":[
            0.054347826,
            0.035714286,
            0.097826087,
            0.052795031,
            0.051242236,
            0.051242236,
            0.020186335,
            0.062111801,
            0,
            0.034161491,
            0.034161491,
            0.031055901,
            0.02173913,
            0.046583851,
            0.052795031,
            0.046583851,
            0.027950311,
            0.023291925,
            0.038819876,
            0.046583851,
            0.059006211,
            0.040372671,
            0.037267081,
            0.034161491
        ]
    }
}