{
    "loadshapes": {
        "Stream":[
            0.003058104,
            0.006116208,
            0.006116208,
            0.006116208,
            0.006116208,
            0.006116208,
            0.006116208,
            0.006116208,
            0.006116208,
            0.04587156,
            0.055045872,
            0.116207951,
            0.06116208,
            0.107033639,
            0.116207951,
            0.076452599,
            0.01529052,
            0.03058104,
            0.305810398,
            0.006116208,
            0.003058104,
            0.003058104,
            0.003058104,
            0.003058104
        ],
        "Stream_Avg":[
            0,
            0.005333333,
            0.005333333,
            0.005333333,
            0.005333333,
            0.005333333,
            0.005333333,
            0.005333333,
            0.005333333,
            0.032,
            0.058666667,
            0.24,
            0.12,
            0.112,
            0.058666667,
            0.146666667,
            0.066666667,
            0.005333333,
            0.106666667,
            0.002666667,
            0,
            0.002666667,
            0.002666667,
            0.002666667
        ]
    }
}