{
    "loadshapes": {
        "Stream": [
            0.015957447,
            0,
            0.031914894,
            0.005319149,
            0,
            0,
            0.058510638,
            0.292553191,
            0.127659574,
            0.031914894,
            0.04787234,
            0.037234043,
            0.021276596,
            0.026595745,
            0.015957447,
            0.031914894,
            0.026595745,
            0.010638298,
            0.021276596,
            0.026595745,
            0.106382979,
            0.021276596,
            0.021276596,
            0.021276596
        ],
        "Stream_Avg": [
            0.004672897,
            0.009345794,
            0.018691589,
            0.004672897,
            0.004672897,
            0.004672897,
            0.028037383,
            0.14953271,
            0.14953271,
            0.042056075,
            0.060747664,
            0.018691589,
            0.028037383,
            0.112149533,
            0.042056075,
            0.018691589,
            0.009345794,
            0.014018692,
            0.028037383,
            0.102803738,
            0.028037383,
            0.046728972,
            0.046728972,
            0.028037383
        ]
    }
}