{
    "loadshapes": {
        "Stream": [
            0,
            0.004975124,
            0.004975124,
            0.004975124,
            0.004975124,
            0.004975124,
            0.014925373,
            0.064676617,
            0.069651741,
            0.059701493,
            0.099502488,
            0.049751244,
            0.089552239,
            0.124378109,
            0.218905473,
            0.019900498,
            0.024875622,
            0.054726368,
            0.034825871,
            0.014925373,
            0.014925373,
            0.009950249,
            0.004975124,
            0.004975124
        ],
        "Stream_Avg": [
            0.004273504,
            0.004273504,
            0.004273504,
            0,
            0.004273504,
            0.004273504,
            0.008547009,
            0.034188034,
            0.068376068,
            0.128205128,
            0.145299145,
            0.051282051,
            0.081196581,
            0.111111111,
            0.170940171,
            0.025641026,
            0.012820513,
            0.025641026,
            0.042735043,
            0.025641026,
            0.021367521,
            0.004273504,
            0.012820513,
            0.008547009
        ] 
    }
}