{
    "loadshapes": {
        "Stream":[
            0,
            0,
            0,
            0,
            0,
            0,
            0,
            0,
            0,
            0.054054054,
            0.081081081,
            0.054054054,
            0.171171171,
            0.108108108,
            0.081081081,
            0.099099099,
            0.09009009,
            0.099099099,
            0.045045045,
            0.045045045,
            0.063063063,
            0.009009009,
            0,
            0
        ],
        "Stream_Avg":[
            0,
            0,
            0,
            0,
            0,
            0,
            0,
            0,
            0,
            0.080357143,
            0.080357143,
            0.008928571,
            0.416666667,
            0.104166667,
            0.053571429,
            0.053571429,
            0.056547619,
            0.008928571,
            0.023809524,
            0.053571429,
            0.05952381,
            0,
            0,
            0
        ]
    }
}