{
    "MODELS_AOSmithCAHP120_MP" : {
        "name" : "AOSmith CAHP 120 gallon Commercial Grade",
        "perfmap": [
            {
                "T_F" : 50,
                "inputPower_coeffs" : [2010.49966, -4.20966, 0.085395],
                "COP_coeffs" : [5.91, -0.026299, 0.0]
            },
            {
                "T_F" : 67.5,
                "inputPower_coeffs" : [2171.012, -6.936571, 0.1094962],
                "COP_coeffs" : [7.26272, -0.034135, 0.0]
            },
            {
                "T_F" : 95,
                "inputPower_coeffs" : [2276.0625, -7.106608, 0.119911],
                "COP_coeffs" : [8.821262, -0.042059, 0.0]
            }
        ]
    },
    "MODELS_ColmacCxV_5_SP" : {
        "name" : "Colmac CxA_5 external heat pump in Single Pass Mode",
        "perfmap": [
            {
                "T_F" : 100,
                "inputPower_coeffs" : [4.9621645063, -0.0096084144, -0.0095647009, -0.0115911960, -0.0000788517, 0.0000886176,
                    0.0001114142, 0.0001832377, -0.0000451308, 0.0000411975, 0.0000003535],
                "COP_coeffs" : [3.8189922420, 0.0569412237, -0.0320101962, -0.0012859036, 0.0000576439, 0.0001101241, 
                    -0.0000352368, -0.0002630301, -0.0000509365, 0.0000369655, -0.0000000606]
            }
        ]
    },
    "MODELS_ColmacCxA_10_SP" : {
        "name" : "Colmac CxA_10 external heat pump in Single Pass Mode",
        "perfmap": [
            {
                "T_F" : 100,
                "inputPower_coeffs" : [5.9786974243, 0.0194445115, -0.0077802278, 0.0053809029, -0.0000334832, 0.0001864310, 0.0001190540,
                    0.0000040405, -0.0002538279, -0.0000477652, 0.0000014101],
                "COP_coeffs" : [3.6128563086, 0.0527064498, -0.0278198945, -0.0070529748, 0.0000934705, 0.0000781711, -0.0000359215,
                    -0.0002223206, 0.0000359239, 0.0000727189, -0.0000005037]
            }
        ]
    },
    "MODELS_ColmacCxA_15_SP" : {
        "name" : "Colmac CxA_15 external heat pump in Single Pass Mode",
        "perfmap": [
            {
                "T_F" : 100,
                "inputPower_coeffs" : [15.5869846555, -0.0044503761, -0.0577941202, -0.0286911185, -0.0000803325, 0.0003399817,
                    0.0002009576, 0.0002494761, -0.0000595773, 0.0001401800, 0.0000004312],
                "COP_coeffs" : [1.6643120405, 0.0515623393, -0.0110239930, 0.0041514430, 0.0000481544, 0.0000493424,
                    -0.0000262721, -0.0002356218, -0.0000989625, -0.0000070572, 0.0000004108]
            }
        ]
    },
    "MODELS_ColmacCxA_20_SP" : {
        "name" : "Colmac CxA_20 external heat pump in Single Pass Mode",
        "perfmap": [
            {
                "T_F" : 100,
                "inputPower_coeffs" : [23.0746692231, 0.0248584608, -0.1417927282, -0.0253733303, -0.0004882754, 0.0006508079, 
                0.0002139934, 0.0005552752, -0.0002026772, 0.0000607338, 0.0000021571],
                "COP_coeffs" : [1.7692660120, 0.0525134783, -0.0081102040, -0.0008715405, 0.0001274956, 0.0000369489, 
                -0.0000293775, -0.0002778086, -0.0000095067, 0.0000381186, -0.0000003135]
            }
        ]
    },
    "MODELS_ColmacCxA_25_SP" : {
        "name" : "Colmac CxA_25 external heat pump in Single Pass Mode",
        "perfmap": [
            {
                "T_F" : 100,
                "inputPower_coeffs" : [20.4185336541, -0.0236920615, -0.0736219119, -0.0260385082, -0.0005048074, 0.0004940510,
                0.0002632660, 0.0009820050, -0.0000223587, 0.0000885101, 0.0000005649],
                "COP_coeffs" : [0.8942843854, 0.0677641611, -0.0001582927, 0.0048083998, 0.0001196407, 0.0000334921, 
                -0.0000378740, -0.0004146401, -0.0001213363, -0.0000031856, 0.0000006306]
            }
        ]
    },
    "MODELS_ColmacCxA_30_SP" : {
        "name" : "Colmac CxA_30 external heat pump in Single Pass Mode",
        "perfmap": [
            {
                "T_F" : 100,
                "inputPower_coeffs" : [11.3687485772, -0.0207292362, 0.0496254077, -0.0038394967, -0.0005991041, 0.0001304318,
                0.0003099774, 0.0012092717, -0.0001455509, -0.0000893889, 0.0000018221],
                "COP_coeffs" : [4.4170108542, 0.0596384263, -0.0416104579, -0.0017199887, 0.0000774664, 0.0001521934,
                -0.0000251665, -0.0003289731, -0.0000801823, 0.0000325972, 0.0000002705]
            }
        ]
    },
    "MODELS_ColmacCxV_5_MP" : {
        "name" : "Colmac CxA_5 external heat pump in Multi Pass Mode",
        "perfmap": [
            {
                "T_F" : 100,
                "inputPower_coeffs" : [5.8438525529, 0.0003288231, -0.0494255840, -0.0000386642, 0.0004385362, 0.0000647268],
                "COP_coeffs" : [0.6679056901, 0.0499777846, 0.0251828292, 0.0000699764, -0.0001552229, -0.0002911167]
            }
        ]
    },
    "MODELS_ColmacCxA_10_MP" : {
        "name" : "Colmac CxA_10 external heat pump in Multi Pass Mode",
        "perfmap": [
            {
                "T_F" : 100,
                "inputPower_coeffs" : [8.6918824405, 0.0136666667, -0.0548348214, -0.0000208333, 0.0005301339, -0.0000250000],
                "COP_coeffs" : [0.6944181117, 0.0445926666, 0.0213188804, 0.0001172913, -0.0001387694, -0.0002365885]
            }
        ]
    },
    "MODELS_ColmacCxA_15_MP" : {
        "name" : "Colmac CxA_15 external heat pump in Multi Pass Mode",
        "perfmap": [
            {
                "T_F" : 100,
                "inputPower_coeffs" : [12.4908723958, 0.0073988095, -0.0411417411, 0.0000000000, 0.0005789621, 0.0000696429],
                "COP_coeffs" : [1.2846349520, 0.0334658309, 0.0019121906, 0.0002840970, 0.0000497136, -0.0004401737]
            }
        ]
    },
    "MODELS_ColmacCxA_20_MP" : {
        "name" : "Colmac CxA_20 external heat pump in Multi Pass Mode",
        "perfmap": [
            {
                "T_F" : 100,
                "inputPower_coeffs" : [14.4893345424, 0.0355357143, -0.0476593192, -0.0002916667, 0.0006120954, 0.0003607143],
                "COP_coeffs" : [1.2421582831, 0.0450256569, 0.0051234755, 0.0001271296, -0.0000299981, -0.0002910606]
            }
        ]
    },
    "MODELS_ColmacCxA_25_MP" : {
        "name" : "Colmac CxA_25 external heat pump in Multi Pass Mode",
        "perfmap": [
            {
                "T_F" : 100,
                "inputPower_coeffs" : [14.5805808222, 0.0081934524, -0.0216169085, -0.0001979167, 0.0007376535, 0.0004955357],
                "COP_coeffs" : [2.0013175767, 0.0576617432, -0.0130480870, 0.0000856818, 0.0000610760, -0.0003684106]
            }
        ]
    },
    "MODELS_ColmacCxA_30_MP" : {
        "name" : "Colmac CxA_30 external heat pump in Multi Pass Mode",
        "perfmap": [
            {
                "T_F" : 100,
                "inputPower_coeffs" : [14.5824911644, 0.0072083333, -0.0278055246, -0.0002916667, 0.0008841378, 0.0008125000],
                "COP_coeffs" : [2.6996807527, 0.0617507969, -0.0220966420, 0.0000336149, 0.0000890989, -0.0003682431]
            }
        ]
    },
    "MODELS_Mitsubishi_QAHV" : {
        "name" : "Mitsubishi QAHV"
    },
    "MODELS_NyleC25A_SP" : {
        "name" : "Nyle C25A external heat pump in Single Pass Mode",
        "perfmap": [
            {
                "T_F" : 90,
                "inputPower_coeffs" : [4.060120364 ,-0.020584279,-0.024201054,-0.007023945,0.000017461,0.000110366,0.000060338,
                0.000120015,0.000111068,0.000138907,-0.000001569],
                "COP_coeffs" : [0.462979529,0.065656840,0.001077377,0.003428059,0.000243692,0.000021522,0.000005143,
                -0.000384778,-0.000404744,-0.000036277, 0.000001900]
            }
        ]
    },
    "MODELS_NyleC60A_SP" : {
        "name" : "Nyle C60A external heat pump in Single Pass Mode",
        "perfmap": [
            {
                "T_F" : 90,