{
    "MODELS_AOSmithPHPT80" : [
        {
            "T_F" : 47,
            "inputPower_coeffs" : [467.0, 2.81, 0.0072],
            "COP_coeffs" : [4.86, -0.0222, -0.00001]
        },
        {
            "T_F" : 67,
            "inputPower_coeffs" : [541.0, 1.47, 0.0176],
            "COP_coeffs" : [6.58, -0.0392, 0.0000407]
        }
    ],
    "MODELS_AOSmithPHPT60" : [
        {
            "T_F" : 47,
            "inputPower_coeffs" : [467.0, 2.81, 0.0072],
            "COP_coeffs" : [4.86, -0.0222, -0.00001]
        },
        {
            "T_F" : 67,
            "inputPower_coeffs" : [541.0, 1.47, 0.0176],
            "COP_coeffs" : [6.58, -0.0392, 0.0000407]
        }
    ],
    "MODELS_NyleC25A_SP" : [
        {
            "T_F" : 90,
            "inputPower_coeffs" : [4.060120364 ,-0.020584279,-0.024201054,-0.007023945,0.000017461,0.000110366,0.000060338,
            0.000120015,0.000111068,0.000138907,-0.000001569],
            "COP_coeffs" : [0.462979529,0.065656840,0.001077377,0.003428059,0.000243692,0.000021522,0.000005143,
            -0.000384778,-0.000404744,-0.000036277, 0.000001900]
        }
    ],
    "MODELS_NyleC60A_SP" : [
        {
            "T_F" : 90,
            "inputPower_coeffs" : [-0.1180905709,0.0045354306,0.0314990479,-0.0406839757,0.0002355294,0.0000818684,0.0001943834,
            -0.0002160871,0.0003053633,0.0003612413,-0.0000035912],
            "COP_coeffs" : [6.8205043418,0.0860385185,-0.0748330699,-0.0172447955,0.0000510842,0.0002187441,-0.0000321036,
            -0.0003311463,-0.0002154270,0.0001307922,0.0000005568]
        }
    ],
    "MODELS_NyleC90A_SP" : [
        {
            "T_F" : 90,
            "inputPower_coeffs" : [13.27612215047,-0.01014009337,-0.13401028549,-0.02325705976,-0.00032515646,0.00040270625,
            0.00001988733,0.00069451670,0.00069067890,0.00071091372,-0.00000854352],
            "COP_coeffs" : [1.49112327987,0.06616282153,0.00715307252,-0.01269458185,0.00031448571,0.00001765313,
            0.00006002498,-0.00045661397,-0.00034003896,-0.00004327766,0.00000176015]
        }
    ],
    "MODELS_NyleC125A_SP" : [
        {
            "T_F" : 90,
            "inputPower_coeffs" : [-3.558277209, -0.038590968,	0.136307181, -0.016945699,0.000983753, -5.18201E-05,	
            0.000476904, -0.000514211, -0.000359172,	0.000266509, -1.58646E-07],
            "COP_coeffs" : [4.889555031,	0.117102769, -0.060005795, -0.011871234, -1.79926E-05,	0.000207293, 
            -1.4452E-05, -0.000492486, -0.000376814, 7.85911E-05, 1.47884E-06]
        }
    ],
    "MODELS_NyleC185A_SP" : [
        {
            "T_F" : 90,
            "inputPower_coeffs" : [18.58007733, -0.215324777, -0.089782421,	0.01503161,	0.000332503,	0.000274216,
            2.70498E-05,	0.001387914,	0.000449199,	0.000829578, -5.28641E-06],
            "COP_coeffs" : [-0.629432348,	0.181466663,	0.00044047,	0.012104957, -6.61515E-05,	9.29975E-05,	
            9.78042E-05, -0.000872708,-0.001013945, -0.00021852,	5.55444E-06]
        }
    ],
    "MODELS_NyleC250A_SP" : [
        {
            "T_F" : 90,
            "inputPower_coeffs" : [-13.89057656,0.025902417,0.304250541,0.061695153,-0.001474249,-0.001126845,-0.000220192,
            0.001241026,0.000571009,-0.000479282,9.04063E-06],
            "COP_coeffs" : [7.443904067,0.185978755,-0.098481635,-0.002500073,0.000127658,0.000444321,0.000139547,
            -0.001000195,-0.001140199,-8.77557E-05,4.87405E-06]
        }
    ]
}